0.	0.	0	0.9999999999999998	0
1.	-0.06634540733030725	0.	0.1575003248697997	0.
2.	-0.2251373955034067	0.	-0.8449975416628606	0.
3.	-0.3800548752746474	0.	-0.24755208757691194	0.
4.	-0.43712698220510177	0.	0.7223712082354897	0.
5.	-0.3617345420639141	0.	0.18624881719429356	0.
6.	-0.19960959737262107	0.	-0.8585215818166808	0.
7.	-0.04909496407588286	0.	-0.39278076581866583	0.
8.	-0.0014907990216448397	0.	0.8353179487047189	0.
9.	-0.08567314994606692	0.	0.6455379099440761	0.
10.	-0.2505781323956333	0.	-0.5704891419585616	0.
11.	-0.39617659682598755	0.	-0.595425692560136	0.
12.	-0.43415046845496486	0.	0.5128660379489912	0.
13.	-0.3414653063122066	0.	0.5778728983208052	0.
14.	-0.17434268603964817	0.	-0.5955663867093363	0.
15.	-0.03415694652726686	0.	-0.8235836760813214	0.
16.	-0.005942876253684698	0.	0.39653223939723775	0.
17.	-0.10681475165087664	0.	0.9149095100735587	0.
18.	-0.2755850466717553	0.	-0.1306921344544965	0.
19.	-0.40987996503367496	0.	-0.7599709696676153	0.
20.	-0.42823801132073713	0.	0.1520621709276314	0.
21.	-0.31952344099623464	0.	0.805211370788838	0.
22.	-0.14968105361141387	0.	-0.13073626843109334	0.
23.	-0.021734962290830113	0.	-0.9890695490267908	0.
24.	-0.013295549160059483	0.	-0.1695530518503718	0.
25.	-0.12948204897832344	0.	0.8851423061102819	0.
26.	-0.2998172900269852	0.	0.3328566246014172	0.
27.	-0.4209782007624621	0.	-0.6998635587640942	0.
28.	-0.41947019855384315	0.	-0.25856388865910385	0.
29.	-0.29620801730545154	0.	0.7901980707415454	0.
30.	-0.12596084214503053	0.	0.39119058268746976	0.
31.	-0.011998325030087631	0.	-0.8299000190378867	0.
32.	-0.02344859961436116	0.	-0.6748235533520028	0.
33.	-0.15336608298277676	0.	0.5752058845790453	0.
34.	-0.32294457304704094	0.	0.6788615498308601	0.
35.	-0.4293200332560907	0.	-0.43824460349059835	0.
36.	-0.40796653686691065	0.	-0.6009287310813486	0.
37.	-0.2718368282531363	0.	0.5263624701457246	0.
38.	-0.10350536197693186	0.	0.8003025569860263	0.
39.	-0.005079746692946613	0.	-0.3952057430299188	0.
40.	-0.03626363988919788	0.	-0.95368709115244	0.
41.	-0.17814131039997994	0.	0.09324604809241045	0.
42.	-0.34465166710654	0.	0.8088375832876497	0.
43.	-0.4347917619822599	0.	-0.05353236738635647	0.
44.	-0.3938838230379046	0.	-0.7726617085196086	0.
45.	-0.24674205710599595	0.	0.08585932036557523	0.
46.	-0.08262068495044332	0.	0.9577219402997393	0.
47.	-0.0010735286262848476	0.	0.1724978402421214	0.
48.	-0.05156599890339107	0.	-0.9182880745148293	0.
49.	-0.20347004085469353	0.	-0.40228521177255483	0.
50.	-0.36464270098643775	0.	0.6935708353727305	0.
51.	-0.43731880638936105	0.	0.34359341562346013	0.
52.	-0.37741400674451203	0.	-0.7170333923543689	0.
53.	-0.22126574967224005	0.	-0.3984687354791131	0.
54.	-0.06359147260686826	0.	0.8039646224075452	0.
55.	-0.00003427623331633822	0.	0.6848530344173493	0.
56.	-0.0691471030171852	0.	-0.586289153413067	0.
57.	-0.22900703963528896	0.	-0.7556769187810113	0.
58.	-0.3826451936467023	0.	0.37713525834310235	0.
59.	-0.43686672245152797	0.	0.6405083723192648	0.
60.	-0.3587815742588844	0.	-0.44206257848658237	0.
61.	-0.19575515216169007	0.	-0.7724568621742911	0.
62.	-0.04667709620238236	0.	0.3821503076712465	0.
63.	-0.001976154693004009	0.	0.9714507390259218	0.
64.	-0.0887673189248811	0.	-0.07238927342532311	0.
65.	-0.25440423329906164	0.	-0.8630175492533784	0.
66.	-0.3984137681872905	0.	-0.04049683553194966	0.
67.	-0.4334416721462855	0.	0.7527003973987008	0.
68.	-0.33824048866329104	0.	-0.02221056405306307	0.
69.	-0.1705579781634674	0.	-0.9100700511365646	0.
70.	-0.0321081014356821	0.	-0.17326510011365037	0.
71.	-0.0068726958864325505	0.	0.937718170292046	0.
72.	-0.11015921989567004	0.	0.4524416667929286	0.
73.	-0.27931545396973856	0.	-0.7017506191197229	0.
74.	-0.4117334963750457	0.	-0.4351924259145837	0.
75.	-0.42709033946582475	0.	0.6464759707386617	0.
76.	-0.3160707282919494	0.	0.4197509794386407	0.
77.	-0.14601766925328105	0.	-0.7569110615532875	0.
78.	-0.020083066072675293	0.	-0.6797029108887421	0.
79.	-0.014657159161504174	0.	0.5967292194443409	0.
80.	-0.13303123084352975	0.	0.8190608626760127	0.
81.	-0.30340115766189557	0.	-0.332796989952135	0.
82.	-0.42242282815056964	0.	-0.6946000835857805	0.
83.	-0.41789929410652954	0.	0.3488794746297181	0.
84.	-0.29257447058096064	0.	0.7473349165578624	0.
85.	-0.122468713828994	0.	-0.3523351005266909	0.
86.	-0.010765893299205964	0.	-0.9675762833548694	0.
87.	-0.02522344101897611	0.	0.06398168937759804	0.
88.	-0.15707160254288643	0.	0.9153276452402659	0.
89.	-0.3263330523207238	0.	0.12320959838839657	0.
90.	-0.43033606618491543	0.	-0.7483397830507348	0.
91.	-0.4059938115100794	0.	-0.05800158954289433	0.
92.	-0.2680719733406972	0.	0.852273955854744	0.
93.	-0.10023208797933136	0.	0.17903627858062296	0.
94.	-0.0042835776940700065	0.	-0.9383815616779103	0.
95.	-0.03842752132021868	0.	-0.4827159019934359	0.
96.	-0.1819526608212926	0.	0.7200685641428048	0.
97.	-0.3477985724959284	0.	0.5260249632195168	0.
98.	-0.43536535175788416	0.	-0.5852101394364086	0.
99.	-0.39153616533869495	0.	-0.4578018694237785	0.
100.	-0.24289720958980077	0.	0.6910093560544053	0.
101.	-0.07961088052775186	0.	0.6654595098579676	0.
102.	-0.0007244742722554709	0.	-0.5993218370875485	0.
103.	-0.05408942630535024	0.	-0.8639056287010602	0.
104.	-0.2073352728116888	0.	0.30569929314620736	0.
105.	-0.36750513965973086	0.	0.7586206959760926	0.
106.	-0.4374421348899283	0.	-0.2541813347431777	0.
107.	-0.3747234156588054	0.	-0.7314150780085463	0.
108.	-0.21739331544864238	0.	0.3031359672640409	0.
109.	-0.06088616188239092	0.	0.9443068270589461	0.
110.	-0.00013709419168933534	0.	-0.06191669826016384	0.
111.	-0.07199568166456159	0.	-0.9584414359903781	0.
112.	-0.23287346938833758	0.	-0.18952428054047765	0.
113.	-0.38518415009969775	0.	0.7597956922076099	0.
114.	-0.43653810868955	0.	0.15001185490846378	0.
115.	-0.35578472298039376	0.	-0.7916097708442543	0.
116.	-0.19190791313836902	0.	-0.1961300492134376	0.
117.	-0.044313153000877306	0.	0.9176662321668466	0.
118.	-0.0025294435383026777	0.	0.4953533415734744	0.
119.	-0.09190222222785396	0.	-0.7422662978970915	0.
120.	-0.258219160782421	0.	-0.6086554973740115	0.
121.	-0.4005946360309871	0.	0.5381551999133402	0.
122.	-0.43266559518072967	0.	0.5125754570578158	0.
123.	-0.3349782247618608	0.	-0.6110719087732011	0.
124.	-0.1667883728334235	0.	-0.6492778764540083	0.
125.	-0.03011774668707877	0.	0.5877799648972405	0.
126.	-0.007868914201777988	0.	0.8875667534951517	0.
127.	-0.11353771861287473	0.	-0.2934716307198485	0.
128.	-0.28302688110193863	0.	-0.826099046631264	0.
129.	-0.4135265500263843	0.	0.16539613755414873	0.
130.	-0.42587737735183084	0.	0.7293739280634457	0.
131.	-0.31258751695458836	0.	-0.23475724931428593	0.
132.	-0.14237707794969082	0.	-0.9064069157437615	0.
133.	-0.018493428635573517	0.	0.05907222405370621	0.
134.	-0.016082728329399165	0.	0.98599892530182	0.
135.	-0.13660727548846935	0.	0.2368397966710689	0.
136.	-0.3069584970881246	0.	-0.7844561589666259	0.
137.	-0.42380362799694027	0.	-0.24719663517101745	0.
138.	-0.41626597971480694	0.	0.7353705573630095	0.
139.	-0.2889177885442206	0.	0.22901975622589293	0.
140.	-0.11900675840281219	0.	-0.8758038196960386	0.
141.	-0.009598640190187264	0.	-0.49509159298470873	0.
142.	-0.02705893030003531	0.	0.7611225382093242	0.
143.	-0.16079645104599372	0.	0.6766561574430876	0.
144.	-0.3296878169264817	0.	-0.507733470874617	0.
145.	-0.4312857917000177	0.	-0.5812033181172448	0.
146.	-0.4039624071811702	0.	0.5237404555367384	0.
147.	-0.26429166177484276	0.	0.6382795900425078	0.
148.	-0.09699595544555208	0.	-0.5577072195485027	0.
149.	-0.00355461876269203	0.	-0.8902505597243255	0.
150.	-0.04064791269732443	0.	0.29128456560956134	0.
151.	-0.1857755428922775	0.	0.8896471504937126	0.
152.	-0.3509050362946454	0.	-0.0889075420811018	0.
153.	-0.43587105802870013	0.	-0.7433691952912715	0.
154.	-0.38913435944365504	0.	0.15022479386773424	0.
155.	-0.23904479475573764	0.	0.8604355114876628	0.
156.	-0.07664467989864754	0.	-0.048415969280553445	0.
157.	-0.00044374534714835406	0.	-0.993570984761683	0.
158.	-0.05666445548319077	0.	-0.2654056128735157	0.
159.	-0.21120408194673984	0.	0.817280639705708	0.
160.	-0.3703209610450176	0.	0.34205478039865067	0.
161.	-0.4374969290578086	0.	-0.6897660365702782	0.
162.	-0.37198394520225053	0.	-0.27963127966471435	0.
163.	-0.21352130638650713	0.	0.8158440994177898	0.
164.	-0.05823032295444166	0.	0.4884195767264114	0.
165.	-0.00030842165375144504	0.	-0.769561554570901	0.
166.	-0.07489025057710225	0.	-0.7255618516816443	0.
167.	-0.23673547309038148	0.	0.49351834264746686	0.
168.	-0.38767094896858245	0.	0.6584117894708847	0.
169.	-0.43614124390104925	0.	-0.4364964355730521	0.
170.	-0.35274492738977226	0.	-0.6384567417596921	0.
171.	-0.18806908596085853	0.	0.5072852921588843	0.
172.	-0.0420038752902592	0.	0.8749702926440959	0.
173.	-0.0031504921663547125	0.	-0.29260466288616493	0.
174.	-0.09507687743051338	0.	-0.9420717826297913	0.
175.	-0.26202171931343393	0.	0.029109711206104727	0.
176.	-0.4027185169108398	0.	0.7727062412468235	0.
177.	-0.43182248076742424	0.	-0.05495113775612781	0.
178.	-0.3316795369449699	0.	-0.8137480993707571	0.
179.	-0.16303505137866203	0.	0.024097143634796453	0.
180.	-0.02818650602417941	0.	0.9793322241975196	0.
181.	-0.00893121900216104	0.	0.27825932278290055	0.
182.	-0.11694918903936746	0.	-0.8515691324619766	0.
183.	-0.28671816497130587	0.	-0.42732180650811735	0.
184.	-0.4152585640756872	0.	0.6589880469631539	0.
185.	-0.42459950510012545	0.	0.3470279369174907	0.
186.	-0.3090748985623958	0.	-0.7432031500487031	0.
187.	-0.13876042059891097	0.	-0.4825716028535613	0.
188.	-0.016966548144421778	0.	0.7617407398068464	0.
189.	-0.017571809915056025	0.	0.7535284166621703	0.
190.	-0.14020906224255875	0.	-0.49231568727834796	0.
191.	-0.3104881934969139	0.	-0.7373051659162867	0.
192.	-0.42512016758277826	0.	0.35654488351611646	0.
193.	-0.41457076723115627	0.	0.6537484287406221	0.
194.	-0.2852391171361159	0.	-0.4375709549944455	0.
195.	-0.1155760607834754	0.	-0.8470775937768521	0.
196.	-0.00849693150000419	0.	0.29020854383192424	0.
197.	-0.028954492246968028	0.	0.9774578370307362	0.
198.	-0.1645394611890435	0.	0.012235580678475896	0.
199.	-0.3330078155391947	0.	-0.81393873478477	0.
200.	-0.43216891217397785	0.	-0.04406123861926886	0.
201.	-0.4018729604871565	0.	0.7733793503560922	0.
202.	-0.26049707823988544	0.	0.01764107007183069	0.
203.	-0.09379797852356098	0.	-0.9443402035427949	0.
204.	-0.002893098341869793	0.	-0.2807413568699745	0.
205.	-0.04292411818824171	0.	0.8799844846985476	0.
206.	-0.18960875858785248	0.	0.4970485887028009	0.
207.	-0.3539700849906521	0.	-0.6445835210495814	0.
208.	-0.43630872231512824	0.	-0.42753030748444115	0.
209.	-0.38667915803723785	0.	0.6648537263791325	0.
210.	-0.23518601988402038	0.	0.48440909794948284	0.
211.	-0.07372301261905723	0.	-0.733952223980946	0.
212.	-0.0002314298265687631	0.	-0.7615939957384337	0.
213.	-0.059290279467397976	0.	0.49866621646607096	0.
214.	-0.21507525584204762	0.	0.8103960752358443	0.
215.	-0.37308928271263364	0.	-0.2897411318370134	0.
216.	-0.4374831717213874	0.	-0.6854299399305519	0.
217.	-0.3691964538775591	0.	0.35235752261178743	0.
218.	-0.2096509359065373	0.	0.813440440684444	0.
219.	-0.05562478811705829	0.	-0.2773021501121759	0.
220.	-0.0005482049284312764	0.	-0.99205910588811	0.
221.	-0.07782990264702061	0.	-0.036242085957654394	0.
222.	-0.24059184045622636	0.	0.8613882546077524	0.
223.	-0.39010481093363025	0.	0.13925777463350514	0.
224.	-0.4356762524565465	0.	-0.7449758831564789	0.
225.	-0.3496631401064168	0.	-0.07786684681709469	0.
226.	-0.18423987365111333	0.	0.8923786126714655	0.
227.	-0.03974998675821895	0.	0.2796605408449302	0.
228.	-0.0038391059513258885	0.	-0.8956727513943263	0.
229.	-0.0982902896507793	0.	-0.5474809325288973	0.
230.	-0.26581071723600025	0.	0.6452300924229513	0.
231.	-0.40478474523927305	0.	0.5152528732378001	0.
232.	-0.43091259312376873	0.	-0.5882806460030632	0.
233.	-0.32834545896440215	0.	-0.49935973111658416	0.
234.	-0.15929919002517487	0.	0.6852016747812506	0.
235.	-0.026314984664455088	0.	0.7535040477462127	0.
236.	-0.010059277379603623	0.	-0.505692503813419	0.
237.	-0.1203925620792692	0.	-0.870726740858511	0.
238.	-0.29038814879331093	0.	0.23972311386449435	0.
239.	-0.4169289957397096	0.	0.7319073583932411	0.
240.	-0.42325712317375885	0.	-0.2576217164130714	0.
241.	-0.30553397390919074	0.	-0.7813923208320971	0.
242.	-0.13516883059893228	0.	0.24857531032835378	0.
243.	-0.01550290309716492	0.	0.9848613397970494	0.
244.	-0.019123937266017188	0.	0.04670565556441442	0.
245.	-0.14383546236818076	0.	-0.9080039894643778	0.
246.	-0.31398914074254697	0.	-0.2236534120310042	0.
247.	-0.42637203432736426	0.	0.7319410612854959	0.
248.	-0.41281418790584845	0.	0.15477316035226518	0.
249.	-0.28153960918863996	0.	-0.8293882021491735	0.
250.	-0.11217769609223288	0.	-0.2822371964212657	0.
251.	-0.007461112485034532	0.	0.8933115832441321	0.
252.	-0.03090953282344798	0.	0.5776066378185892	0.
253.	-0.16829945997735782	0.	-0.6569483471980092	0.
254.	-0.33629200772860424	0.	-0.6029761190063389	0.
255.	-0.43298515085199074	0.	0.5203596497388973	0.
256.	-0.3997261262245122	0.	0.5305749754211824	0.
257.	-0.25668941189264527	0.	-0.6173764069136816	0.
258.	-0.09063915940398165	0.	-0.7351265959216432	0.
259.	-0.002299223740736954	0.	0.5061620872617526	0.
260.	-0.045255424469526406	0.	0.9129110470554043	0.
261.	-0.19345110664438975	0.	-0.2073808582160459	0.
262.	-0.3569927580506652	0.	-0.7889487853437627	0.
263.	-0.4366782074607294	0.	0.1606397880619123	0.
264.	-0.3841713305371173	0.	0.7576121148520714	0.
265.	-0.23132209424793565	0.	-0.2010315166318174	0.
266.	-0.07084679428905336	0.	-0.9577321710417674	0.
267.	-0.00008759424651877401	0.	-0.04950367476171259	0.
268.	-0.061966075370040945	0.	0.946432096225982	0.
269.	-0.21894758133855627	0.	0.2918677958126681	0.
270.	-0.3758092371183854	0.	-0.7349215837605205	0.
271.	-0.4374008671920738	0.	-0.24392772265481544	0.
272.	-0.3663618152362446	0.	0.7625717955900595	0.
273.	-0.20578341691585453	0.	0.2949842310216574	0.
274.	-0.053070373899754636	0.	-0.8699275406017818	0.
275.	-0.0008563688718191964	0.	-0.5892871217742874	0.
276.	-0.08081371663818199	0.	0.6737184755853458	0.
277.	-0.2444413629669892	0.	0.6832218350674049	0.
278.	-0.39248497326459325	0.	-0.46632980300676796	0.
279.	-0.43514328007637904	0.	-0.5784339941301944	0.
280.	-0.34654032690912034	0.	0.534977235517029	0.
281.	-0.18042147621810115	0.	0.7135464982547703	0.
282.	-0.03755219373446696	0.	-0.49360527780447594	0.
283.	-0.0045950690935079586	0.	-0.9339393347461955	0.
284.	-0.1015414518608665	0.	0.19074359949061861	0.
285.	-0.26958496714377295	0.	0.8503171364210054	0.
286.	-0.4067926734961017	0.	-0.06890694017702048	0.
287.	-0.42993621739289817	0.	-0.747104673837812	0.
288.	-0.3249770356623967	0.	0.134466926220644	0.
289.	-0.15558195952730042	0.	0.9151351645850924	0.
290.	-0.024503769110180318	0.	0.05167857056666252	0.
291.	-0.011252735820117307	0.	-0.9701324590648106	0.
292.	-0.12386675863917464	0.	-0.3409170994378986	0.
293.	-0.29403568245852324	0.	0.751713761394289	0.
294.	-0.4185373215339819	0.	0.3389215776365327	0.
295.	-0.42185065225207	0.	-0.6993091627691679	0.
296.	-0.30196585265951625	0.	-0.32269607080180557	0.
297.	-0.13160343349186462	0.	0.8253582863420748	0.
298.	-0.014102952174883512	0.	0.5869537020867732	0.
299.	-0.020738623972438086	0.	-0.6884077138878572	0.
300.	-0.14748533941420125	0.	-0.7493685278056372	0.
301.	-0.31746024168858633	0.	0.4290153083356647	0.
302.	-0.4275588359172663	0.	0.6404691885564391	0.
303.	-0.4109967922204313	0.	-0.44445470038751766	0.
304.	-0.2778204240636918	0.	-0.6959762203888725	0.
305.	-0.10881272931780617	0.	0.4633179969840555	0.
306.	-0.006491507753143805	0.	0.9336238539267779	0.
307.	-0.03292343935360281	0.	-0.18530156112631943	0.
308.	-0.1720752690923184	0.	-0.9087085240898286	0.
309.	-0.33953936428574283	0.	-0.010976072295464878	0.
310.	-0.43373425193896153	0.	0.7524367920297244	0.
311.	-0.39752257717395334	0.	-0.05152582625024582	0.
312.	-0.25286985598985884	0.	-0.8634513935462607	0.
313.	-0.08752048800617751	0.	-0.06034453592939573	0.
314.	-0.00177318106923606	0.	0.9743733958816281	0.
315.	-0.04764110095011834	0.	0.3706424084537701	0.
316.	-0.19730138293660596	0.	-0.7776036852225936	0.
317.	-0.3599721082213489	0.	-0.43231801430663735	0.
318.	-0.4369793976752631	0.	0.6460463788043479	0.
319.	-0.3816116628530146	0.	0.36769892616134014	0.
320.	-0.22745422873489554	0.	-0.7622894906348594	0.
321.	-0.06801692626564082	0.	-0.5769146947562359	0.
322.	-0.000012283682609554036	0.	0.6938678056610652	0.
323.	-0.06469100464312769	0.	0.796637756173342	0.
324.	-0.22281984491648382	0.	-0.4084147513821269	0.
325.	-0.3784799718755909	0.	-0.7117247604313941	0.
326.	-0.43725004126257794	0.	0.3532503152802933	0.
327.	-0.3634809176049662	0.	0.6886484312872777	0.
328.	-0.20191996142804186	0.	-0.41309740823237984	0.
329.	-0.05056788081183883	0.	-0.914617319363173	0.
330.	-0.0012328169106269327	0.	0.1847135096416434	0.
331.	-0.08384075747491807	0.	0.9568538677357363	0.
332.	-0.2482828342489733	0.	0.07428029815370649	0.
333.	-0.39481069005966607	0.	-0.7733445193954653	0.
334.	-0.4345424937848111	0.	-0.04267593492779259	0.
335.	-0.3433774664335871	0.	0.8100114833045715	0.
336.	-0.17661509028157146	0.	0.08158343991139838	0.
337.	-0.03541118496931256	0.	-0.9569533730380113	0.
338.	-0.005418144687152987	0.	-0.3837097426062089	0.
339.	-0.10482934520273915	0.	0.8060896526550964	0.
340.	-0.2733432862519546	0.	0.5167578944958081	0.
341.	-0.4087416724313364	0.	-0.6073281616471329	0.
342.	-0.4288936595540559	0.	-0.4294762238623241	0.
343.	-0.3215753226447708	0.	0.6858608073188432	0.
344.	-0.1518845248008021	0.	0.566378531579653	0.
345.	-0.022753426965209433	0.	-0.6840359092302521	0.
346.	-0.012511220314466942	0.	-0.8228017935528136	0.
347.	-0.12737068996584172	0.	0.4017200471768574	0.
348.	-0.2976596228929031	0.	0.7854939350051354	0.
349.	-0.42008303743718767	0.	-0.2686882515401551	0.
350.	-0.42038053309860896	0.	-0.6958584960823169	0.
351.	-0.2983716530008698	0.	0.34359864916267563	0.
352.	-0.12806534661145164	0.	0.8820017868641175	0.
353.	-0.012767134097868005	0.	-0.18179264299642536	0.
354.	-0.022415364019451572	0.	-0.9886166012707932	0.
355.	-0.15115754957225963	0.	-0.11884168497348724	0.
356.	-0.3209004085521743	0.	0.8067714089357255	0.
357.	-0.42868020042943267	0.	0.14130249332865052	0.
358.	-0.40911914971540825	0.	-0.7619849955326423	0.
359.	-0.27408272728940897	0.	-0.11949753370361749	0.
360.	-0.1054822149826433	0.	0.9185402070222524	0.
361.	-0.005588421161612844	0.	0.38518179276163617	0.
362.	-0.0349955807138817	0.	-0.8298772107575845	0.
363.	-0.17586570526075207	0.	-0.586053755234494	0.
364.	-0.34274886754519807	0.	0.5851199810787338	0.
365.	-0.4344159806796103	0.	0.5047261120394996	0.
366.	-0.3952630038896881	0.	-0.6029006642061462	0.
367.	-0.24903960751428744	0.	-0.5623411891251153	0.
368.	-0.08444294166771463	0.	0.6548718522086034	0.
369.	-0.001315135180135707	0.	0.8285052958925685	0.
370.	-0.05008040000029915	0.	-0.4037621498483249	0.
371.	-0.2011583808544728	0.	-0.8543230315302955	0.
372.	-0.36290720182573255	0.	0.1968855569284731	0.
373.	-0.43721219857097865	0.	0.7193021918961187	0.
374.	-0.37900095714045157	0.	-0.2582584618872129	0.
375.	-0.22358363546721505	0.	-0.8425102602430378	0.
376.	-0.06523429538057762	0.	0.16962114148133484	0.
377.	-5.52173580240268e-6	0.	0.9999199356502425	0.
378.	-0.06746421334077679	0.	0.14536482761732195	0.
379.	-0.22669083307549906	0.	-0.8473319012440788	0.
380.	-0.3811006500222296	0.	-0.23681053809847902	0.
381.	-0.43703074119925733	0.	0.7252956652104506	0.
382.	-0.3605546638073365	0.	0.17556277048669489	0.
383.	-0.19806178018331744	0.	-0.8625762674398203	0.
384.	-0.04811809309122858	0.	-0.38172643338600015	0.
385.	-0.001677431072604374	0.	0.8419958062153353	0.
386.	-0.0869100765348661	0.	0.6361067473401797	0.
387.	-0.25211505045146826	0.	-0.5785227599011517	0.
388.	-0.3970812324796248	0.	-0.587842381664005	0.
389.	-0.4338740818579367	0.	0.5209059274938763	0.
390.	-0.3401755498655396	0.	0.5705068066847938	0.
391.	-0.17282190869705694	0.	-0.6049894620003006	0.
392.	-0.03332763141790995	0.	-0.8171522220930181	0.
393.	-0.006308074794575014	0.	0.40781583140824684	0.
394.	-0.10815293930760919	0.	0.9111300740065854	0.
395.	-0.27708449676854974	0.	-0.14184619566531056	0.
396.	-0.41063113126242085	0.	-0.75780917275399	0.
397.	-0.42778524632674186	0.	0.1627972330629499	0.
398.	-0.3181413859494028	0.	0.8034991620155953	0.
399.	-0.14820804455778347	0.	-0.14262418583284195	0.
400.	-0.021064506756468954	0.	-0.9893629914637033	0.
401.	-0.013834336475434639	0.	-0.15729136252524975	0.
402.	-0.1309032579878029	0.	0.8881295362132979	0.
403.	-0.3012588344162051	0.	0.3220693435499758	0.
404.	-0.4215656590485462	0.	-0.703727076208465	0.
405.	-0.4188472264233318	0.	-0.24838094289749324	0.
406.	-0.29475250129327224	0.	0.7947640436882965	0.
407.	-0.12455567873302625	0.	0.38058218354363027	0.
408.	-0.011495867488504563	0.	-0.8368675752536179	0.
409.	-0.02415363194559647	0.	-0.665507351565698	0.
410.	-0.1548509420353456	0.	0.5839234141982887	0.
411.	-0.32430856324451296	0.	0.6717458985559689	0.
412.	-0.42973577644764793	0.	-0.4469212081180767	0.
413.	-0.4071818488113155	0.	-0.5944053316400554	0.
414.	-0.2703276901954237	0.	0.5358861172132589	0.
415.	-0.10218719681231203	0.	0.7943752151891557	0.
416.	-0.004752135722185885	0.	-0.4066413493123413	0.
417.	-0.03712530753105285	0.	-0.950268251367746	0.
418.	-0.17966958062536692	0.	0.10487630153030447	0.
419.	-0.34591951170411894	0.	0.8075126566510666	0.
420.	-0.43503012343198544	0.	-0.06437492356085017	0.
421.	-0.39294811448282607	0.	-0.7718275988926588	0.
422.	-0.24519986679961536	0.	0.09744039654400757	0.
423.	-0.081407484838455	0.	0.9584323212174785	0.
424.	-0.0009252296170286778	0.	0.1602530585811711	0.
425.	-0.052572557185921256	0.	-0.9218058375960925	0.
426.	-0.2050208916815071	0.	-0.3914183982753528	0.
427.	-0.365797119056353	0.	0.6983544602994071	0.
428.	-0.4373765371919722	0.	0.3338683264469126	0.
429.	-0.3763400315496185	0.	-0.7222101064407056	0.
430.	-0.21971152742173156	0.	-0.38843766695833104	0.
431.	-0.06249977366225801	0.	0.8111660645463326	0.
432.	-0.00006731052518887948	0.	0.6757287931926876	0.
433.	-0.07028483238739411	0.	-0.5955583438295222	0.
434.	-0.23055933271474136	0.	-0.7489404526888873	0.
435.	-0.3836704502830647	0.	0.386487802138986	0.
436.	-0.4367430357268389	0.	0.634841131487428	0.
437.	-0.35758397088064164	0.	-0.4517356255609795	0.
438.	-0.19421008226878214	0.	-0.7671680041702404	0.
439.	-0.045721778459084816	0.	0.3936048758120302	0.
440.	-0.0021900720232787274	0.	0.9683729003940549	0.
441.	-0.09002071194664957	0.	-0.08440929485595978	0.
442.	-0.2559368106242522	0.	-0.8624296135197357	0.
443.	-0.3992958889755444	0.	-0.029471116823964583	0.
444.	-0.4331382537644589	0.	0.7528134909718946	0.
445.	-0.33693558063024687	0.	-0.033456537600532854	0.
446.	-0.16904312018191875	0.	-0.9112767295392353	0.
447.	-0.03130218602978424	0.	-0.16119267116104266	0.
448.	-0.007264580527081982	0.	0.941660710431047	0.
449.	-0.11151119261848312	0.	0.44150223314525694	0.
450.	-0.28080742626268484	0.	-0.7073888157257948	0.
451.	-0.41246045786558483	0.	-0.4258522829716041	0.
452.	-0.4266113250686487	0.	0.6523573239170277	0.
453.	-0.3146763017126647	0.	0.4103951690451699	0.
454.	-0.1445536709434715	0.	-0.7643345447069272	0.
455.	-0.019437537762135693	0.	-0.6708838750835755	0.
456.	-0.015221669661257736	0.	0.6064043217883338	0.
457.	-0.13446335565939097	0.	0.8126328766515756	0.
458.	-0.30483218909787435	0.	-0.34282168801224344	0.
459.	-0.42298472174009943	0.	-0.6897562892245043	0.
460.	-0.41725121273813887	0.	0.35877578938038945	0.
461.	-0.2911095317162994	0.	0.7428125136917334	0.
462.	-0.12107552972577561	0.	-0.363707608944168	0.
463.	-0.010289550739772696	0.	-0.9648635274282693	0.
464.	-0.025952883007947125	0.	0.07626732210762864	0.
465.	-0.1585643593579114	0.	0.9153634412409595	0.
466.	-0.32768363770871095	0.	0.11194535969798042	0.
467.	-0.4307252331725247	0.	-0.749424966018498	0.
468.	-0.4051854966247941	0.	-0.04707472989974654	0.
469.	-0.2665564895453605	0.	0.8540795575644474	0.
470.	-0.09892870740848142	0.	0.16728603745434456	0.
471.	-0.003982913512164982	0.	-0.9426743357269547	0.
472.	-0.03931195238561698	0.	-0.4717558556743394	0.
473.	-0.18348570311759724	0.	0.7264569738581348	0.
474.	-0.34905030313754987	0.	0.5169853750442044	0.
475.	-0.43557648773425933	0.	-0.5918673176451419	0.
476.	-0.3905786343997198	0.	-0.4491756262374938	0.
477.	-0.24135183715423564	0.	0.6986852254692427	0.
478.	-0.07841506877808258	0.	0.6570821909088778	0.
479.	-0.0006035865696106535	0.	-0.6092615497741987	0.
480.	-0.05511679150799406	0.	-0.857747530030597	0.
481.	-0.20888770497357337	0.	0.31634524464911706	0.
482.	-0.3686409542630542	0.	0.7545293733555049	0.
483.	-0.4374723620374906	0.	-0.26438351709585894	0.
484.	-0.37362971996846667	0.	-0.7277635147540098	0.
485.	-0.21583911805016623	0.	0.31436733910574166	0.
486.	-0.059814218062386786	0.	0.9420247230915852	0.
487.	-0.00019763068736955436	0.	-0.07431927016298875	0.
488.	-0.07315197784986163	0.	-0.9589921797504869	0.
489.	-0.23442413151332514	0.	-0.17800059165075494	0.
490.	-0.3861885673271725	0.	0.7618297177425188	0.
491.	-0.4363870150073294	0.	0.13935199323108408	0.
492.	-0.3545697697886991	0.	-0.7941236716002296	0.
493.	-0.19036607474003142	0.	-0.18482904914737347	0.
494.	-0.04337968787907104	0.	0.9222754884293313	0.
495.	-0.002770579109957587	0.	0.48446721205944393	0.
496.	-0.09317168889094876	0.	-0.7492750897072826	0.
497.	-0.2597469170936342	0.	-0.5998383631259504	0.
498.	-0.4014539655125253	0.	0.5456226886059318	0.
499.	-0.43233524010010566	0.	0.504685746933987	0.
500.	-0.33365857407807015	0.	-0.619064269453397	0.
501.	-0.16527990894325367	0.	-0.6414853133729369	0.
502.	-0.029335483544607938	0.	0.5978644856713814	0.
503.	-0.008287362132508053	0.	0.881681271358013	0.
504.	-0.11490305271678009	0.	-0.30464367961064476	0.
505.	-0.28451090803269585	0.	-0.822664393437731	0.
506.	-0.4142290789615718	0.	0.17597774658949333	0.
507.	-0.42537226366624437	0.	0.7266600877014413	0.
508.	-0.3111811558321307	0.	-0.24583380434522523	0.
509.	-0.14092254917550434	0.	-0.9046537161523335	0.
510.	-0.017873029846399324	0.	0.07143543221528671	0.
511.	-0.016672785105617142	0.	0.9869771561545269	0.
512.	-0.13804986730755703	0.	0.22507905282304488	0.
513.	-0.30837856711029416	0.	-0.7873707068342989	0.
514.	-0.42433978080230944	0.	-0.2367290923102879	0.
515.	-0.4155929922060213	0.	0.73869101881982	0.
516.	-0.28744388591346565	0.	0.21825846706397078	0.
517.	-0.11762599020813659	0.	-0.8807396764478703	0.
518.	-0.009148561890393717	0.	-0.4844072762174763	0.
519.	-0.02781255335232352	0.	0.768613331767583	0.
520.	-0.1622966378194206	0.	0.6680063124977527	0.
521.	-0.3310245742548947	0.	-0.5160003673000192	0.
522.	-0.43164826052556327	0.	-0.5740130129252558	0.
523.	-0.4031307187781048	0.	0.5321333810034462	0.
524.	-0.2627703071682832	0.	0.6312033766817883	0.
525.	-0.09570776792533907	0.	-0.5678518314308523	0.
526.	-0.003280995592682495	0.	-0.8846844126110491	0.
527.	-0.041554830020823774	0.	0.30285271091315286	0.
528.	-0.1873128768305788	0.	0.886765443512387	0.
529.	-0.35214026070968685	0.	-0.09991657113958108	0.
530.	-0.43605490236545363	0.	-0.7416139228008671	0.
531.	-0.38815530619442234	0.	0.1611747328093771	0.
532.	-0.2374967244838836	0.	0.8593280639221399	0.
533.	-0.07546663125799197	0.	-0.060593889047960106	0.
534.	-0.000350306835229415	0.	-0.994923849018948	0.
535.	-0.0577123056474933	0.	-0.25347584594096323	0.
536.	-0.21275760893834644	0.	0.8209718879533509	0.
537.	-0.37143781623727756	0.	0.33169924224338654	0.
538.	-0.43749964307759126	0.	-0.6939637099725833	0.
539.	-0.3708708717618097	0.	-0.2694552328544763	0.
540.	-0.21196762089870186	0.	0.8211566629095873	0.
541.	-0.057178470187858085	0.	0.4780839692806328	0.
542.	-0.0003964413820422563	0.	-0.7774053574658185	0.
543.	-0.07606475121422177	0.	-0.7170600455007123	0.
544.	-0.23828401831027646	0.	0.502526298537626	0.
545.	-0.38865421202012945	0.	0.6518493831082801	0.
546.	-0.43596279061139304	0.	-0.4453769218294187	0.
547.	-0.35151300512989864	0.	-0.6322005350859814	0.
548.	-0.18653096224259633	0.	0.5174484370303126	0.
549.	-0.04109255532170303	0.	0.8698098987682783	0.
550.	-0.0034187704116524498	0.	-0.3044186074132603	0.
551.	-0.09636201990592277	0.	-0.9396491829374275	0.
552.	-0.26354417583841444	0.	0.040555836332177034	0.
553.	-0.40355478578667087	0.	0.7718824734487271	0.
554.	-0.4314652925155912	0.	-0.06583461101928795	0.
555.	-0.33034555716609154	0.	-0.8134046103027132	0.
556.	-0.16153345430632682	0.	0.035970648356449586	0.
557.	-0.027428140292869493	0.	0.9810491787456939	0.
558.	-0.009376099088376055	0.	0.26626955582172707	0.
559.	-0.11832745665241931	0.	-0.855912391456269	0.
560.	-0.2881937814715696	0.	-0.417010029368961	0.
561.	-0.4159364402950947	0.	0.6640933528048182	0.
562.	-0.42406845042010066	0.	0.3374360669771407	0.
563.	-0.30765704362586244	0.	-0.7489722687858953	0.
564.	-0.13731581718454933	0.	-0.47273318892692584	0.
565.	-0.016371473298632533	0.	0.7698341874039788	0.
566.	-0.018187228054273752	0.	0.7451986385181051	0.
567.	-0.14166166898161692	0.	-0.5019638063836046	0.
568.	-0.3118968570799028	0.	-0.7312794693398204	0.
569.	-0.42563041158269754	0.	0.365985148873284	0.
570.	-0.4138730844845672	0.	0.6483754289846033	0.
571.	-0.2837567126350161	0.	-0.4477555855874976	0.
572.	-0.11420814120630937	0.	-0.8424384660998471	0.
573.	-0.008073258506491154	0.	0.30211519086210503	0.
574.	-0.0297320601900549	0.	0.9754263852021634	0.
575.	-0.16604660778824543	0.	0.0003880260127123794	0.
576.	-0.33433032589126327	0.	-0.8139765771859222	0.
577.	-0.43250456924592295	0.	-0.03316695219881455	0.
578.	-0.40101815920311734	0.	0.7739016139100277	0.
579.	-0.25897032958838967	0.	0.006151951133097758	0.
580.	-0.0925253877495669	0.	-0.9464539715077159	0.
581.	-0.002646601932469461	0.	-0.2688306881450482	0.
582.	-0.043853237557629376	0.	0.8848516767287634	0.
583.	-0.19114990239414142	0.	0.4867401770643132	0.
584.	-0.35518841608104545	0.	-0.6505798259415162	0.
585.	-0.4364652173985961	0.	-0.41848022423267095	0.
586.	-0.385678889296163	0.	0.6711739450461267	0.
587.	-0.23363573691435358	0.	0.47520011519949146	0.
588.	-0.07256309626739288	0.	-0.7422296687203415	0.
589.	-0.0001654697873326172	0.	-0.7535040221592533	0.
590.	-0.06035828621530252	0.	0.5088221768973623	0.
591.	-0.21662939081491286	0.	0.8048136480533186	0.
592.	-0.3741868284903844	0.	-0.29978296321216147	0.
593.	-0.43745837176296787	0.	-0.6809562316932879	0.
594.	-0.36806435150487304	0.	0.3626055441524192	0.
595.	-0.20809824922755213	0.	0.8094518673998963	0.
596.	-0.05459335603621701	0.	-0.28916341076048857	0.
597.	-0.000663680305448007	0.	-0.9903884743844129	0.
598.	-0.07902223966783128	0.	-0.02407432549271122	0.
599.	-0.24213778348357523	0.	0.8621862314020798	0.
600.	-0.39106661167171425	0.	0.1282757113272281	0.
601.	-0.43547049548372224	0.	-0.7464336711372047	0.
602.	-0.34841463484140245	0.	-0.06679648860052181	0.
603.	-0.18270594663438272	0.	0.894959248276324	0.
604.	-0.03886109753483763	0.	0.2679825950504948	0.
605.	-0.00413444279642311	0.	-0.9009500883448278	0.
606.	-0.09959070519705847	0.	-0.5371747772032004	0.
607.	-0.2673273968632147	0.	0.6520537257745729	0.
608.	-0.4055976914371943	0.	0.5066722479062533	0.
609.	-0.4305286836374522	0.	-0.5952436517333229	0.
610.	-0.32699756813670355	0.	-0.4908806058642471	0.
611.	-0.15780493034521204	0.	0.6936413024574385	0.
612.	-0.025580754003118267	0.	0.7457591147627962	0.
613.	-0.010530450203692317	0.	-0.5162082313998365	0.
614.	-0.12178333127614599	0.	-0.8655094026147858	0.
615.	-0.29185489243041485	0.	0.25036665028466293	0.
616.	-0.41758200680863455	0.	0.7283021133958876	0.
617.	-0.42270029392266456	0.	-0.2680023782084079	0.
618.	-0.30410506948984245	0.	-0.7781796485046981	0.
619.	-0.1337346052579951	0.	0.26028353754670114	0.
620.	-0.014933338681164532	0.	0.9835645545270755	0.
621.	-0.01976452390677158	0.	0.03433782307921194	0.
622.	-0.14529762880516228	0.	-0.9094447575474318	0.
623.	-0.315385956435549	0.	-0.21252432332120408	0.
624.	-0.42685620962046195	0.	0.7343610435149729	0.
625.	-0.41209202856320076	0.	0.14411077846732168	0.
626.	-0.2800491673770442	0.	-0.8325311685377688	0.
627.	-0.11082305381483154	0.	-0.2709422839954233	0.
628.	-0.007063977569768093	0.	0.8989147658360238	0.
629.	-0.03171080198089539	0.	0.5673462613817039	0.
630.	-0.16981309408856912	0.	-0.6644954634734862	0.
631.	-0.3375998566527632	0.	-0.5947784401830845	0.
632.	-0.4332938909811507	0.	0.528036884845835	0.
633.	-0.39884847993937	0.	0.5228833740565842	0.
634.	-0.25515774765281685	0.	-0.6259994646047882	0.
635.	-0.0893825641845272	0.	-0.7278571431705693	0.
636.	-0.0020799313397253175	0.	0.5168916163027433	0.
637.	-0.046206454714949774	0.	0.9080108001260996	0.
638.	-0.1949955773510137	0.	-0.21857952958638238	0.
639.	-0.35819381401255834	0.	-0.7861412873174003	0.
640.	-0.43680730424795366	0.	0.17123380379517678	0.
641.	-0.3831501597710454	0.	0.7552793161806203	0.
642.	-0.22977008441229235	0.	-0.21252024222429422	0.
643.	-0.06970537372426494	0.	-0.9568644302370048	0.
644.	-0.00004913335085898751	0.	-0.03708229491433867	0.
645.	-0.06305390400662074	0.	0.9484002378181845	0.
646.	-0.22050183725376366	0.	0.2805648459487259	0.
647.	-0.3768871295300532	0.	-0.7382824615179429	0.
648.	-0.4373485610271625	0.	-0.23362460127717932	0.
649.	-0.3652110387126414	0.	0.766381868896523	0.
650.	-0.20423221563072302	0.	0.284201904517155	0.
651.	-0.05205968573757114	0.	-0.8758121797877578	0.
652.	-0.0009992637095957158	0.	-0.5791591030752221	0.
653.	-0.0820235163847918	0.	0.6818577301524119	0.
654.	-0.24598421933012776	0.	0.6753241279392934	0.
655.	-0.39342501027735804	0.	-0.4747578939152123	0.
656.	-0.4349102839008855	0.	-0.5715401378080559	0.
657.	-0.34527562989907945	0.	0.5438405018146615	0.
658.	-0.17889222660915025	0.	0.7068918323000818	0.
659.	-0.03668601381881519	0.	-0.5044221043642079	0.
660.	-0.004917371985044022	0.	-0.9293484243997048	0.
661.	-0.10285673295052955	0.	0.20240600525816593	0.
662.	-0.2710953945719438	0.	0.8482095544527657	0.
663.	-0.40758204225268485	0.	-0.07978876417618555	0.
664.	-0.4295257069826023	0.	-0.7457198398648812	0.
665.	-0.3236156561915795	0.	0.14571529021289686	0.
666.	-0.15409550551483575	0.	0.9147859315743622	0.
667.	-0.02379390361409045	0.	0.03936004844775017	0.
668.	-0.011750053724615662	0.	-0.9725316532333996	0.
669.	-0.12526959357682702	0.	-0.3294556114402622	0.
670.	-0.29549309358032766	0.	0.7559483550992157	0.
671.	-0.41916526281012223	0.	0.3289039736155952	0.
672.	-0.4212682229304409	0.	-0.7038826100665264	0.
673.	-0.30052634655132215	0.	-0.31252070736444526	0.
674.	-0.13018003568589817	0.	0.8315239734109914	0.
675.	-0.013559076680098855	0.	0.5770794022528085	0.
676.	-0.021404178365963505	0.	-0.6969968392853164	0.
677.	-0.14895660733161953	0.	-0.7417083328896483	0.
678.	-0.31884477175375053	0.	0.4381865339902149	0.
679.	-0.4280167907712349	0.	0.6343381286604718	0.
680.	-0.41025038259390806	0.	-0.45363735469257926	0.
681.	-0.276322412020189	0.	-0.6900665646697532	0.
682.	-0.10747178886164463	0.	0.47412930749777993	0.
683.	-0.006121035371220024	0.	0.929378429911886	0.
684.	-0.03374815862172881	0.	-0.19730002093872423	0.
685.	-0.17359491636885402	0.	-0.9071924895120244	0.
686.	-0.34083214192451616	0.	0.0002448945964591276	0.
687.	-0.43401597837169237	0.	0.7520227459313106	0.
688.	-0.3966223609269422	0.	-0.06255604523299269	0.
689.	-0.25133375615878545	0.	-0.863730961678847	0.
690.	-0.08628028213601657	0.	-0.04827714161356679	0.
691.	-0.0015811613990482573	0.	0.9771403645771449	0.
692.	-0.048613744035030854	0.	0.3590831609964134	0.
693.	-0.19884869653295173	0.	-0.782607663369945	0.
694.	-0.361155512664544	0.	-0.42250376125943445	0.
695.	-0.43708105570974043	0.	0.6514541205150447	0.
696.	-0.38056991007918434	0.	0.3581805064227124	0.
697.	-0.2259009784064458	0.	-0.7687769072655238	0.
698.	-0.06689435918923586	0.	-0.5674365240586663	0.
699.	-1.3339833389303113e-6	0.	0.7027715841882286	0.
700.	-0.06579831426169663	0.	0.7891867767667855	0.
701.	-0.22437373469708757	0.	-0.41827401054041974	0.
702.	-0.3795378731282207	0.	-0.7062852568829326	0.
703.	-0.43717024528322596	0.	0.362837213482399	0.
704.	-0.3623118275639035	0.	0.683588075790212	0.
705.	-0.20037073165662722	0.	-0.4238530408771761	0.
706.	-0.049578253300555764	0.	-0.9107941352142761	0.
707.	-0.001403086428459932	0.	0.19689800616795877	0.
708.	-0.08506764081716973	0.	0.9558283335438449	0.
709.	-0.24982212044335816	0.	0.06270539370773612	0.
710.	-0.395728668755879	0.	-0.7738759729364463	0.
711.	-0.4342823314239046	0.	-0.03180765750026304	0.
712.	-0.34209697401255046	0.	0.8110340511234634	0.
713.	-0.1750909973206789	0.	0.06989050265150153	0.
714.	-0.03456798580715993	0.	-0.9600664877659422	0.
715.	-0.005767312620932191	0.	-0.372155298931487	0.
716.	-0.10615907964938923	0.	0.8117355823654098	0.
717.	-0.2748469881392293	0.	0.5070741695592708	0.
718.	-0.40950721637222487	0.	-0.6136024806339064	0.
719.	-0.4284566768666879	0.	-0.42061768953871015	0.
720.	-0.3202008811635398	0.	0.692742323848189	0.
721.	-0.15040634228502697	0.	0.5574428254686503	0.
722.	-0.022068149093712186	0.	-0.693142826752937	0.
723.	-0.01303452744862088	0.	-0.8155741273178373	0.
724.	-0.12878515102007582	0.	0.4121687986662732	0.
725.	-0.2991072447720532	0.	0.7806525784495418	0.
726.	-0.4206857121345303	0.	-0.2787521613120873	0.
727.	-0.4197726862298992	0.	-0.6917125938865185	0.
728.	-0.2969219963201569	0.	0.3542934451904326	0.
729.	-0.12665322240874488	0.	0.8787084305284143	0.
730.	-0.012249117965614509	0.	-0.1940080592550126	0.
731.	-0.023105677592498895	0.	-0.9880042694975825	0.
732.	-0.1526374579002881	0.	-0.10694251351765091	0.
733.	-0.32227221910177695	0.	0.8081790910030704	0.
734.	-0.4291117913291667	0.	0.13052021675072623	0.
735.	-0.40834872371682573	0.	-0.7638508209043211	0.
736.	-0.2725776144651868	0.	-0.10826437696556906	0.
737.	-0.10415539657529148	0.	0.9220214535132822	0.
738.	-0.005244727412771266	0.	0.3737664002957457	0.
739.	-0.03584349163970854	0.	-0.8360318038801107	0.
740.	-0.1773908894714736	0.	-0.5764532951286564	0.
741.	-0.34402616876451353	0.	0.592246803473392	0.
742.	-0.4346706051276892	0.	0.4964876868362577	0.
743.	-0.39434049979295194	0.	-0.6102658633643159	0.
744.	-0.24749955347899824	0.	-0.5540802768906805	0.
745.	-0.08321951380626486	0.	0.6641069190011571	0.
746.	-0.001150448416480765	0.	0.8215589885385746	0.
747.	-0.05107435111530398	0.	-0.41466874253002145	0.
748.	-0.20270805243927753	0.	-0.8499814556192086	0.
749.	-0.364072583891654	0.	0.20747106432261894	0.
750.	-0.43728638599467384	0.	0.7160891973466532	0.
751.	-0.37793894882625856	0.	-0.2689276675349024	0.
752.	-0.22202963140760562	0.	-0.8398703921710583	0.
753.	-0.06413093358553479	0.	0.18172519546785107	0.
754.	-0.000022086664447812463	0.	0.9996797564756631	0.
755.	-0.06859065692977545	0.	0.13321673380151552	0.
756.	-0.22824386975909883	0.	-0.8495130310554296	0.
757.	-0.3821382285878966	0.	-0.22603581285064545	0.
758.	-0.4369234804120056	0.	0.7280750079554644	0.
759.	-0.3593676266214956	0.	0.16482935155197057	0.
760.	-0.19651500742725983	0.	-0.8664862745656663	0.
761.	-0.04714983636312037	0.	-0.370601008566768	0.
762.	-0.0018750219110320598	0.	0.8485377510686305	0.
763.	-0.08815365898857278	0.	0.626580036113074	0.
764.	-0.2536502840914245	0.	-0.5864406882613605	0.
765.	-0.3979768651805466	0.	-0.5801521840873906	0.
766.	-0.43358683484173455	0.	0.5288442617065744	0.
767.	-0.33887966331785435	0.	0.5630229794136757	0.
768.	-0.17130345000845315	0.	-0.6143212688255645	0.
769.	-0.032507677253310885	0.	-0.8105838951933537	0.
770.	-0.006683998347485676	0.	0.41903067172918157	0.
771.	-0.10949671039521466	0.	0.9072026360320231	0.
772.	-0.2785810018807641	0.	-0.15295774164799109	0.
773.	-0.4113726104793544	0.	-0.7555000609613026	0.
774.	-0.42732192830511617	0.	0.17350566752710883	0.
775.	-0.31675431318392105	0.	0.801634995434913	0.
776.	-0.14673859677528195	0.	-0.15450335966547965	0.
777.	-0.02040403126369565	0.	-0.9894968349692242	0.
778.	-0.014383468843697234	0.	-0.1450096553424939	0.
779.	-0.13232890189100455	0.	0.8909630521784286	0.
780.	-0.3026962133930142	0.	0.3112387855500009	0.
781.	-0.42214287829932146	0.	-0.7074483684837778	0.
782.	-0.4182141524961931	0.	-0.23814129537180784	0.
783.	-0.29329314833723874	0.	0.7991909363159297	0.
784.	-0.12315527066884237	0.	0.3698966424681678	0.
785.	-0.011003873056177838	0.	-0.8437032562294586	0.
786.	-0.024868488365833913	0.	-0.6560889141339881	0.
787.	-0.15633902699618302	0.	0.5925296699591757	0.
788.	-0.3256672243767139	0.	0.6645152211651562	0.
789.	-0.4301408681400217	0.	-0.45550443426854625	0.
790.	-0.4063876478790473	0.	-0.5877591286980054	0.
791.	-0.268815948266831	0.	0.5453270702834896	0.
792.	-0.10087491625567169	0.	0.7883085719178144	0.
793.	-0.00443532831404253	0.	-0.4180146209055187	0.
794.	-0.03799614439410827	0.	-0.9466974893733471	0.
795.	-0.1811998238040149	0.	0.11647218091470801	0.
796.	-0.3471809362200258	0.	0.8060370360667912	0.
797.	-0.43525756610040384	0.	-0.07520157476711509	0.
798.	-0.3920036116332659	0.	-0.7708422764987694	0.
799.	-0.2436563411864469	0.	0.10902146185609471	0.
800.	-0.08020121838678204	0.	0.958984807982967	0.
801.	-0.0007879273697383726	0.	0.14798123038019917	0.
802.	-0.05358750484381168	0.	-0.9251700723010305	0.
803.	-0.2065724356147089	0.	-0.3804989235626915	0.
804.	-0.36694411353456646	0.	0.7029985035568714	0.
805.	-0.4374232307559505	0.	0.32407687206675195	0.
806.	-0.37525810050994923	0.	-0.727253880072206	0.
807.	-0.21815725662906613	0.	-0.37832326559577645	0.
808.	-0.061415962923070666	0.	0.8182407932602229	0.
809.	-0.00011138489056344847	0.	0.6664966236853143	0.
810.	-0.07143005693863758	0.	-0.6047207285356277	0.
811.	-0.2321110296066274	0.	-0.7420813749374302	0.
812.	-0.3846873810026348	0.	0.39575487224272055	0.
813.	-0.43660834374544366	0.	0.6290457102745874	0.
814.	-0.35637935854677133	0.	-0.46133533971600243	0.
815.	-0.19266625125986325	0.	-0.7617379465548669	0.
816.	-0.04477519594891617	0.	0.40500413894359577	0.
817.	-0.0024149222606737603	0.	0.9651404132456017	0.
818.	-0.09128060379463987	0.	-0.09640254582136969	0.
819.	-0.2574675105940283	0.	-0.8616877984488194	0.
820.	-0.4001688950055494	0.	-0.018450712886746767	0.
821.	-0.4328240121113382	0.	0.7527760290501968	0.
822.	-0.3356247060642553	0.	-0.044711947227915216	0.
823.	-0.16753077162445357	0.	-0.9123282454099639	0.
824.	-0.030505733822311698	0.	-0.14908631411429	0.
825.	-0.007667141891108564	0.	0.9454508321385429	0.
826.	-0.11286857923254198	0.	0.43050162279763193	0.
827.	-0.28229626562108856	0.	-0.7128898896943663	0.
828.	-0.4131776399918625	0.	-0.41643603710063626	0.
829.	-0.42612181690858547	0.	0.6581121194756604	0.
830.	-0.3132770323476677	0.	0.4009495157939846	0.
831.	-0.14309341839393627	0.	-0.7716376083786973	0.
832.	-0.0188020716299932	0.	-0.6619520712948482	0.
833.	-0.015796455175116353	0.	0.6159773941915976	0.
834.	-0.13589973563945124	0.	0.806075525107147	0.
835.	-0.30625887472252855	0.	-0.352768402370307	0.
836.	-0.42353630465372705	0.	-0.6847787207449195	0.
837.	-0.4165931101467854	0.	0.3686086575906281	0.
838.	-0.28964093982095607	0.	0.7381472717987955	0.
839.	-0.11968727666369625	0.	-0.37503262634344087	0.
840.	-0.009823732189699647	0.	-0.9619946198143169	0.
841.	-0.026692058251658934	0.	0.08853338932383392	0.
842.	-0.16006015461147832	0.	0.9152426478736639	0.
843.	-0.3290287236429166	0.	0.10067626377947447	0.
844.	-0.431103698708844	0.	-0.7503600485266576	0.
845.	-0.40436776964750626	0.	-0.03612838312443695	0.
846.	-0.2650385922660914	0.	0.8557335131975162	0.
847.	-0.0976313759485598	0.	0.1554948790868227	0.
848.	-0.0036930917267417873	0.	-0.9468169132899794	0.
849.	-0.04020544228065634	0.	-0.46072702955276884	0.
850.	-0.18502052571219796	0.	0.7327106952429954	0.
851.	-0.3502954556412608	0.	0.5078601763761816	0.
852.	-0.4357766773465702	0.	-0.5984042943728776	0.
853.	-0.3896124287880002	0.	-0.44045262462652174	0.
854.	-0.23980532367752017	0.	0.7062479972724771	0.
855.	-0.07722634175900744	0.	0.6485878976913002	0.
856.	-0.0004937118668822682	0.	-0.6191045770155079	0.
857.	-0.05615241764188458	0.	-0.8514543540433996	0.
858.	-0.21044063502800386	0.	0.3269202521287066	0.
859.	-0.36976920170533845	0.	0.7502986561316701	0.
860.	-0.4374915471087524	0.	-0.2745323586387175	0.
861.	-0.3725282052618946	0.	-0.7239674908233887	0.
862.	-0.21428506760598334	0.	0.32555989601580704	0.
863.	-0.05875029802655936	0.	0.9395861045174908	0.
864.	-0.0002692006772231914	0.	-0.08670929705866962	0.
865.	-0.0743156244699878	0.	-0.9593843846770121	0.
866.	-0.23597400233844457	0.	-0.16646250991872963	0.
867.	-0.3871845315119856	0.	0.7637138880634728	0.
868.	-0.43622493404197354	0.	0.12866219779747046	0.
869.	-0.3533479598115489	0.	-0.7964899417524346	0.
870.	-0.18882566928843353	0.	-0.17347981408881707	0.
871.	-0.04245507622953433	0.	0.9267379740567997	0.
872.	-0.0030226182820136532	0.	0.47350554486901025	0.
873.	-0.09444749530495325	0.	-0.756151835164339	0.
874.	-0.2612726036985697	0.	-0.5909266479325137	0.
875.	-0.4023040712863735	0.	0.5529761032461681	0.
876.	-0.4319941022878952	0.	0.4966919787888723	0.
877.	-0.3323331222990599	0.	-0.6269516791789589	0.
878.	-0.16377414446069857	0.	-0.6335719420201683	0.
879.	-0.02856278288830505	0.	0.607858458356022	0.
880.	-0.008716435151717883	0.	0.8756561559125701	0.
881.	-0.11627362947593764	0.	-0.31575144728326143	0.
882.	-0.28599161506083687	0.	-0.8190849598020573	0.
883.	-0.4149217392446376	0.	0.1865160317816265	0.
884.	-0.4248567187711873	0.	0.7238000107575627	0.
885.	-0.30977012837426854	0.	-0.2568810505846535	0.
886.	-0.13947194947672634	0.	-0.9027445979835642	0.
887.	-0.01726277221871042	0.	0.08379318403765489	0.
888.	-0.017273043637424337	0.	0.9877959051463445	0.
889.	-0.13949653322780314	0.	0.21329513886165455	0.
890.	-0.30979411228429377	0.	-0.7901355352465742	0.
891.	-0.4248655545221505	0.	-0.2262210531414423	0.
892.	-0.41491006718855855	0.	0.7418680770840328	0.
893.	-0.2859665153103144	0.	0.20744114702369082	0.
894.	-0.11625032720267228	0.	-0.8855333729487808	0.
895.	-0.008709065202175188	0.	-0.47364134544588865	0.
896.	-0.0285758157747919	0.	0.7759751964141456	0.
897.	-0.16379967460938188	0.	0.6592537199075731	0.
898.	-0.3323556634641201	0.	-0.5241589821638453	0.
899.	-0.4319999813012656	0.	-0.5667110957080701	0.
900.	-0.4022897220174279	0.	0.5404300527044118	0.
901.	-0.26124673022123934	0.	0.6240026331812469	0.
902.	-0.09442579212344593	0.	-0.577912975171281	0.
903.	-0.0030182502550166745	0.	-0.8789752343374724	0.
904.	-0.042470692943562066	0.	0.3143630284040131	0.
905.	-0.18885179785438966	0.	0.8837340998669949	0.
906.	-0.35336875099187937	0.	-0.11089193697353451	0.
907.	-0.43622777618554015	0.	-0.7397104079588646	0.
908.	-0.3871677006129085	0.	0.17210555789874699	0.
909.	-0.2359477077940234	0.	0.858066001326319	0.
910.	-0.07429581619821263	0.	-0.07277375764270781	0.
911.	-0.0002678941098839295	0.	-0.9961174642263115	0.
912.	-0.05876828570994019	0.	-0.24151490157134803	0.
913.	-0.21431143845262562	0.	0.8245136355033085	0.
914.	-0.3725469630701691	0.	0.3212928419407438	0.
915.	-0.43749131364392685	0.	-0.6980221736838803	0.
916.	-0.36975011858398016	0.	-0.25921482995494466	0.
917.	-0.2104142778154534	0.	0.8263327317033019	0.
918.	-0.05613477426955552	0.	0.46766112160911993	0.
919.	-0.0004954845677808684	0.	-0.785124084700466	0.
920.	-0.07724645523650225	0.	-0.7084483182234632	0.
921.	-0.23983157736586422	0.	0.5114314333702769	0.
922.	-0.3896288975524924	0.	0.6451677775983682	0.
923.	-0.4357733714553418	0.	-0.45417009510014483	0.
924.	-0.35027438040366266	0.	-0.625815971636064	0.
925.	-0.18499446508466805	0.	0.5275361853332967	0.
926.	-0.040190204290032755	0.	0.8645041268706191	0.
927.	-0.003697919533823091	0.	-0.31618120033291863	0.
928.	-0.09765334107021797	0.	-0.9370729054949003	0.
929.	-0.2650643709543854	0.	0.05197741191274826	0.
930.	-0.40438172489601854	0.	0.7709082610901268	0.
931.	-0.4310973654510981	0.	-0.07670962083010824	0.
932.	-0.32900594354801	0.	-0.8129082343938338	0.
933.	-0.16003474577945886	0.	0.04785402557099816	0.
934.	-0.02667943333895094	0.	0.9826083600269521	0.
935.	-0.009831549298946751	0.	0.2542412779094393	0.
936.	-0.11971079404135546	0.	-0.860106706267368	0.
937.	-0.2896658921413737	0.	-0.4066375234220886	0.
938.	-0.416604361667164	0.	0.6690634399268659	0.
939.	-0.42352703035283634	0.	0.32777104540796886	0.
940.	-0.30623470026689825	0.	-0.754611391930645	0.
941.	-0.13587532492931614	0.	-0.46280209839462005	0.
942.	-0.015786615419785544	0.	0.7778073593725268	0.
943.	-0.01881277149298738	0.	0.7367528461396881	0.
944.	-0.14311816748194647	0.	-0.5115143417149061	0.
945.	-0.31330081819586475	0.	-0.7251272358157796	0.
946.	-0.42613021134070334	0.	0.37534698921647636	0.
947.	-0.4131655510579642	0.	0.6428700028864555	0.
948.	-0.28227102630623047	0.	-0.4578738199898025	0.
949.	-0.11284549936651597	0.	-0.8376524662175735	0.
950.	-0.007660221410750012	0.	0.3139772429758424	0.
951.	-0.030519170598219063	0.	0.9732382639106972	0.
952.	-0.16755641508875857	0.	-0.011443456948146274	0.
953.	-0.33564700123544566	0.	-0.8138617146555521	0.
954.	-0.4328294350377768	0.	-0.022270317731134526	0.
955.	-0.4001541562127444	0.	0.7742728723392944	0.
956.	-0.2574415504360035	0.	-0.00535560310080524	0.
957.	-0.09125916935479406	0.	-0.9484126393039434	0.
958.	-0.002411015382525583	0.	-0.25687466380255314	0.
959.	-0.04479118649254593	0.	0.8895710962668366	0.
960.	-0.19269243957589355	0.	0.4763619197348257	0.
961.	-0.3563998591541082	0.	-0.656444633199501	0.
962.	-0.4366107212508433	0.	-0.4093478876994885	0.
963.	-0.3846701932432917	0.	0.6773712184319177	0.
964.	-0.23208470244655122	0.	0.46589296338747765	0.
965.	-0.07141056008022467	0.	-0.750392711593727	0.
966.	-0.00011054486622635862	0.	-0.7452929962584003	0.
967.	-0.061434289280308155	0.	0.5188857625959902	0.
968.	-0.21818363284562997	0.	0.7990978990491966	0.
969.	-0.37527652712681714	0.	-0.3097549603439738	0.
970.	-0.4374225304344825	0.	-0.6763457485385793	0.
971.	-0.3669247110804868	0.	0.3727969296992437	0.
972.	-0.2065461002960884	0.	0.8053155228514048	0.
973.	-0.053570211311696064	0.	-0.3009873536439769	0.
974.	-0.0007901656487041761	0.	-0.9885593797431089	0.
975.	-0.08022163076647981	0.	-0.011914772727579123	0.
976.	-0.24368254579169946	0.	0.8628294075311702	0.
977.	-0.3920197131017315	0.	0.1172806424654213	0.
978.	-0.43525379749765836	0.	-0.7477422710465944	0.
979.	-0.34715958352976584	0.	-0.055698476561387794	0.
980.	-0.18117383928165273	0.	0.8973885020158583	0.
981.	-0.03798128990224875	0.	0.2562526963924474	0.
982.	-0.0044406143881911	0.	-0.9060816964634324	0.
983.	-0.10089713643400255	0.	-0.5267905739086415	0.
984.	-0.2688416240876531	0.	0.6587493550429776	0.
985.	-0.40640120473356317	0.	0.49800020991599614	0.
986.	-0.43013408262242814	0.	-0.6020910111317554	0.
987.	-0.3256442124909598	0.	-0.4822975723075126	0.
988.	-0.1563137474432283	0.	0.7019734966025162	0.
989.	-0.024856275383432824	0.	0.7378890158036885	0.
990.	-0.011012134875392474	0.	-0.526637013382473	0.
991.	-0.12317899578097297	0.	-0.8601527919860513	0.
992.	-0.29331794540798733	0.	0.2609484870767489	0.
993.	-0.4182249799548662	0.	0.7245555395363703	0.
994.	-0.422133168354744	0.	-0.278336670561085	0.
995.	-0.3026718559673887	0.	-0.7748186248659015	0.
996.	-0.13230467187180847	0.	0.2719624262694325	0.
997.	-0.014374063835122842	0.	0.9821087520310072	0.
998.	-0.020415156218167196	0.	0.02197082288360926	0.
999.	-0.14676350344429642	0.	-0.9107290677795516	0.
1000.	-0.31677789351638297	0.	-0.20137201793371007	0.
1001.	-0.42732987878775464	0.	0.736633457682199	0.
1002.	-0.4113601084561069	0.	0.13341096283771905	0.
1003.	-0.27855563091103125	0.	-0.8355272802507018	0.
1004.	-0.10947386016891658	0.	-0.25958881185752114	0.
1005.	-0.0066775295052354244	0.	0.9043753309882087	0.
1006.	-0.032521513708166555	0.	0.5570006073856282	0.
1007.	-0.1713291987522819	0.	-0.671917985303961	0.
1008.	-0.3389017055082125	0.	-0.5864804302190711	0.
1009.	-0.4335917999819784	0.	0.5356057417938718	0.
1010.	-0.39796174148290725	0.	0.5150817751792123	0.
1011.	-0.2536242453881552	0.	-0.6345230602210117	0.
1012.	-0.08813250000759373	0.	-0.7204591220339716	0.
1013.	-0.0018715774063049959	0.	0.5275401095235835	0.
1014.	-0.04716619572487518	0.	0.9029663834996147	0.
1015.	-0.19654124728633576	0.	-0.22972412660261257	0.
1016.	-0.3593878302313551	0.	-0.7831878752383268	0.
1017.	-0.4369253925342045	0.	0.18179191944093592	0.
1018.	-0.3821206893545568	0.	0.7527976537525052	0.
1019.	-0.2282175182339826	0.	-0.22398840223877425	0.
1020.	-0.06857147759444704	0.	-0.9558382865903793	0.
1021.	-0.000021713446383464508	0.	-0.02465465543019011	0.
1022.	-0.06414959287354145	0.	0.9502109865296129	0.
1023.	-0.22205600472824794	0.	0.269229144382795	0.
1024.	-0.3779570384770255	0.	-0.7414971672225634	0.
1025.	-0.4372852190360591	0.	-0.22327390008356077	0.
1026.	-0.3640528681852896	0.	0.7700501378441107	0.
1027.	-0.20268174726803975	0.	0.27335417238826687	0.
1028.	-0.051057412843133254	0.	-0.8815584840155173	0.
1029.	-0.0011531515718371521	0.	-0.5689394963551568	0.
1030.	-0.08324021869173714	0.	0.6898759368728898	0.
1031.	-0.24752570078855143	0.	0.6673177192289623	0.
1032.	-0.39435622891967437	0.	-0.48308462745921743	0.
1033.	-0.43466637499430666	0.	-0.5645298480260752	0.
1034.	-0.3440045453131111	0.	0.5526130875573214	0.
1035.	-0.17736498919735755	0.	0.7001056461487258	0.
1036.	-0.0358290253017927	0.	-0.5151645152246196	0.
1037.	-0.0052504700976424845	0.	-0.9246096258345313	0.
1038.	-0.10417786484714842	0.	0.21402150935463773	0.
1039.	-0.2726031793720689	0.	0.8459516918909173	0.
1040.	-0.4083618779292211	0.	-0.0906450485266834	0.
1041.	-0.4291045556786388	0.	-0.7441855098522383	0.
1042.	-0.32224898263667656	0.	0.15695263839899343	0.
1043.	-0.15261231554854032	0.	0.9142799061092645	0.
1044.	-0.023093880367462682	0.	0.027028208769106457	0.
1045.	-0.012257821905772133	0.	-0.9747734918106193	0.
1046.	-0.1266771478206362	0.	-0.3179526493565281	0.
1047.	-0.2969466303699863	0.	0.7600380305925889	0.
1048.	-0.41978308623353755	0.	0.3188285483624182	0.
1049.	-0.420675569589593	0.	-0.7083195332870191	0.
1050.	-0.2990827120099129	0.	-0.302272690318484	0.
1051.	-0.12876110928527995	0.	0.8375567724556133	0.
1052.	-0.013025560134609399	0.	0.5671079698023452	0.
1053.	-0.022079695653012626	0.	-0.7054688625643244	0.
1054.	-0.15043139872963662	0.	-0.7339318865214296	0.
1055.	-0.3202242485903414	0.	0.4472630518363831	0.
1056.	-0.42846418090821076	0.	0.6280839648085591	0.
1057.	-0.40949430517741897	0.	-0.46273865129141023	0.
1058.	-0.27482149346572404	0.	-0.6840226215589595	0.
1059.	-0.10613646622359987	0.	0.48487369298725624	0.
1060.	-0.0057612974439637255	0.	0.9249825930788038	0.
1061.	-0.03458221760419289	0.	-0.2092584532327545	0.
1062.	-0.17511684327466426	0.	-0.9055223156764735	0.
1063.	-0.34211875631479416	0.	0.011450296544577354	0.
1064.	-0.43428683722157624	0.	0.7514583575235587	0.
1065.	-0.3957131648932689	0.	-0.07358544811644258	0.
1066.	-0.2497960113549022	0.	-0.8638560963529834	0.
1067.	-0.08504676392572263	0.	-0.036189154207439136	0.
1068.	-0.0014001053763723625	0.	0.9797511656940764	0.
1069.	-0.04959497635393448	0.	0.34747455669230054	0.
1070.	-0.20039701483552608	0.	-0.7874680122110302	0.
1071.	-0.362331727844782	0.	-0.4126216596797649	0.
1072.	-0.43717169142269224	0.	0.656730590746036	0.
1073.	-0.3795199879173323	0.	0.34858171517516434	0.
1074.	-0.2243473670650788	0.	-0.775137929508195	0.
1075.	-0.0657794584599667	0.	-0.5578562159781957	0.
1076.	-1.4276883452124522e-6	0.	0.7115628664931619	0.
1077.	-0.06691334556062997	0.	0.781613016471234	0.
1078.	-0.22592734056651972	0.	-0.42804482477716316	0.
1079.	-0.3805876570949578	0.	-0.7007159513240956	0.
1080.	-0.43707942247982634	0.	0.37235231100160565	0.
1081.	-0.3611354898842013	0.	0.6783906217207984	0.
1082.	-0.1988224297523214	0.	-0.4345501723207077	0.
1083.	-0.048597166330574204	0.	-0.9068191118123814	0.
1084.	-0.0015843285839651777	0.	0.20904927467817755	0.
1085.	-0.08630127303833311	0.	0.9546455952115668	0.
1086.	-0.2513598379788764	0.	0.05113666942758663	0.
1087.	-0.3966377127828274	0.	-0.7742560379670631	0.
1088.	-0.4340112880336502	0.	-0.02092956868684359	0.
1089.	-0.3408102544885818	0.	0.8119050083174858	0.
1090.	-0.17356910845998696	0.	0.05816926797095345	0.
1091.	-0.03373408497086384	0.	-0.9630258526175056	0.
1092.	-0.00612723286671038	0.	-0.3605443728958937	0.
1093.	-0.1074944981855156	0.	0.8172394512668987	0.
1094.	-0.2763478580015257	0.	0.49731308819386144	0.
1095.	-0.41026313004169235	0.	-0.6197505682136351	0.
1096.	-0.4280091072546632	0.	-0.4116706373647861	0.
1097.	-0.31882131799121827	0.	0.6995047729900123	0.
1098.	-0.1489316100606014	0.	0.548400256048385	0.
1099.	-0.021392800595452732	0.	-0.7021427315688064	0.
1100.	-0.013568220013411403	0.	-0.8082182711846498	0.
1101.	-0.13020415389967666	0.	0.4225350734992375	0.
1102.	-0.3005508098605095	0.	0.7756749673150309	0.
1103.	-0.42127819222018903	0.	-0.2887537589690147	0.
1104.	-0.41915469084304624	0.	-0.687426583566508	0.
1105.	-0.295468393169834	0.	0.3649390484917634	0.
1106.	-0.12524574766045105	0.	0.8752627161400659	0.
1107.	-0.011741526915229339	0.	-0.20619722789534817	0.
1108.	-0.023805868159819974	0.	-0.9872327026752181	0.
1109.	-0.15412070388283494	0.	-0.09504083229672824	0.
1110.	-0.32363880338989404	0.	0.8094342589323779	0.
1111.	-0.42953276223133907	0.	0.11971736159350521	0.
1112.	-0.40756872593268484	0.	-0.765568043141762	0.
1113.	-0.2710697841839926	0.	-0.09699465530742372	0.
1114.	-0.10283436341228132	0.	0.9253525642077993	0.
1115.	-0.004911812358604217	0.	0.36228798218883834	0.
1116.	-0.036700636498668365	0.	-0.8420464575435354	0.
1117.	-0.17891816167370186	0.	-0.5667667489067757	0.
1118.	-0.34529714548664164	0.	0.5992521359987274	0.
1119.	-0.4349143289445199	0.	0.48815231723624664	0.
1120.	-0.3934091311078229	0.	-0.6175198763857139	0.
1121.	-0.24595804803868299	0.	-0.5457078013014303	0.
1122.	-0.08200292812578766	0.	0.673241472066911	0.
1123.	-0.000996747044548274	0.	0.8144801906050292	0.
1124.	-0.052076767241631974	0.	-0.4254987143158231	0.
1125.	-0.20425853389312515	0.	-0.8454977181744645	0.
1126.	-0.3652306294282579	0.	0.21800342373217768	0.
1127.	-0.4373495407310004	0.	0.7127328319255387	0.
1128.	-0.37686890394679773	0.	-0.27955771728727663	0.
1129.	-0.22047546177760316	0.	-0.837078299831933	0.
1130.	-0.06303537764754119	0.	0.1938104073028031	0.
1131.	-0.00004969394979683446	0.	0.9992795040979233	0.
1132.	-0.06972468122923814	0.	0.12105812922518006	0.
1133.	-0.2297964271501855	0.	-0.8515406504711318	0.
1134.	-0.3831675585902251	0.	-0.21522991677800074	0.
1135.	-0.4368052052584728	0.	0.7307087079933028	0.
1136.	-0.35817349043320484	0.	0.15405050417025462	0.
1137.	-0.19496935719233166	0.	-0.8702508147131319	0.
1138.	-0.04619024277314407	0.	-0.35940636012514404	0.
1139.	-0.0020835615616738856	0.	0.8549426895081988	0.
1140.	-0.0894038345258314	0.	0.6169594642685378	0.
1141.	-0.25518375580996866	0.	-0.5942415933824868	0.
1142.	-0.398863449713347	0.	-0.572356571468806	0.
1143.	-0.43328874190801936	0.	0.5366795399954983	0.
1144.	-0.33757771209108184	0.	0.5554227112829657	0.
1145.	-0.16978738663253473	0.	-0.6235601104790591	0.
1146.	-0.031697125428082784	0.	-0.8038797657603285	0.
1147.	-0.007070627933932372	0.	0.43017487535766485	0.
1148.	-0.11084599707426923	0.	0.9031279590978643	0.
1149.	-0.280074486458415	0.	-0.16402480493158975	0.
1150.	-0.4121043652513885	0.	-0.7530441171007004	0.
1151.	-0.4268480806460869	0.	0.1841854667512764	0.
1152.	-0.3153622927252219	0.	0.7996191111966524	0.
1153.	-0.1452727844482587	0.	-0.16637171332666453	0.
1154.	-0.019753569156583623	0.	-0.9894710136386461	0.
1155.	-0.014942918542086014	0.	-0.13271001387129885	0.
1156.	-0.13375890871517376	0.	0.8936424561412231	0.
1157.	-0.3041293543920302	0.	0.3003669372874603	0.
1158.	-0.42270982937422136	0.	-0.7110267815705438	0.
1159.	-0.4175710087325913	0.	-0.22784683774937062	0.
1160.	-0.2918300321118238	0.	0.8034778557022703	0.
1161.	-0.12175968865098827	0.	0.35913576624434573	0.
1162.	-0.010522366570807573	0.	-0.8504058787569084	0.
1163.	-0.025593132786012246	0.	-0.6465698688515007	0.
1164.	-0.15783026273992884	0.	0.6010232214285304	0.
1165.	-0.3270204878526138	0.	0.657170905583013	0.
1166.	-0.43053528788253537	0.	-0.46399269558237577	0.
1167.	-0.4055839741648231	0.	-0.5809913100943567	0.
1168.	-0.267301678786806	0.	0.5546835781380642	0.
1169.	-0.09956858655660869	0.	0.7821035964825582	0.
1170.	-0.004129340462537004	0.	-0.42932362794358975	0.
1171.	-0.03887610651465884	0.	-0.942975467175249	0.
1172.	-0.18273196268243186	0.	0.12803167364540383	0.
1173.	-0.3484358769715559	0.	0.8044110812373776	0.
1174.	-0.43547407850526165	0.	-0.08601029531885984	0.
1175.	-0.39105036217179967	0.	-0.7697058547100641	0.
1176.	-0.24211155819055669	0.	0.1206004508041651	0.
1177.	-0.0790019464927286	0.	0.9593792256419613	0.
1178.	-0.0006616288157756389	0.	0.13568442610638975	0.
1179.	-0.05461079063818251	0.	-0.928380269182622	0.
1180.	-0.2081245943254255	0.	-0.36952875215386727	0.
1181.	-0.3680836265156474	0.	0.7075021880130524	0.
1182.	-0.43745888472391586	0.	0.3142208888515284	0.
1183.	-0.374168268246156	0.	-0.7321637144089826	0.
1184.	-0.21660301576056465	0.	-0.3681272665132834	0.
1185.	-0.0603400951047281	0.	0.8251875410413302	0.
1186.	-0.00016649710434690768	0.	0.657158086283201	0.
1187.	-0.07258271885497353	0.	-0.6137747890612589	0.
1188.	-0.2336620519744883	0.	-0.7351009894685139	0.
1189.	-0.385695934466162	0.	0.4049347991704503	0.
1190.	-0.43646265330730133	0.	0.6231231859957785	0.
1191.	-0.35516779807165355	0.	-0.4708599178889761	0.
1192.	-0.191123737074691	0.	-0.7561675499276563	0.
1193.	-0.04383739645974784	0.	0.41634613238729506	0.
1194.	-0.0026506940534398726	0.	0.9617538376223675	0.
1195.	-0.09254693086390459	0.	-0.1083669771276974	0.
1196.	-0.25899625593188874	0.	-0.8607923434864788	0.
1197.	-0.40103274220366564	0.	-0.007437665129883031	0.
1198.	-0.4324989630512607	0.	0.7525879953101301	0.
1199.	-0.3343079311438103	0.	-0.055974744956580696	0.
1200.	-0.16602100884127918	0.	-0.9132243121454909	0.
1201.	-0.02971878502101455	0.	-0.1369480750456643	0.
1202.	-0.008080359655479347	0.	0.9490879196919111	0.
1203.	-0.11423131121102059	0.	0.41944177269983596	0.
1204.	-0.28378189688173727	0.	-0.7182529452969205	0.
1205.	-0.41388500654724686	0.	-0.4069454673719877	0.
1206.	-0.4256218396980127	0.	0.6637392516769735	0.
1207.	-0.31187299083804293	0.	0.391415674926755	0.
1208.	-0.14163698532464822	0.	-0.778818904464687	0.
1209.	-0.0181766997575179	0.	-0.652908984115985	0.
1210.	-0.01638148668530548	0.	0.6254468396183154	0.
1211.	-0.13734029826871288	0.	0.799390027267874	0.
1212.	-0.30768114251039297	0.	-0.36263538491750463	0.
1213.	-0.4240775490452122	0.	-0.6796683433885906	0.
1214.	-0.41592501955672306	0.	0.37837622621450506	0.
1215.	-0.2881687690361957	0.	0.7333399356585452	0.
1216.	-0.11830402472793242	0.	-0.38630816214674624	0.
1217.	-0.009368461165497971	0.	-0.9589700161729268	0.
1218.	-0.027440929433362127	0.	0.10077781529842603	0.
1219.	-0.16155891278901496	0.	0.9149653879900271	0.
1220.	-0.33036824221708766	0.	0.08940436454574963	0.
1221.	-0.4314714436874093	0.	-0.7511448836616049	0.
1222.	-0.4035406718607371	0.	-0.02516457498320679	0.
1223.	-0.26351835813291025	0.	0.8572354213180368	0.
1224.	-0.09634015909482246	0.	0.14366481414900398	0.
1225.	-0.0034141269692178206	0.	-0.9508085767593994	0.
1226.	-0.04110794589812684	0.	-0.4496313259636734	0.
1227.	-0.18655705112050489	0.	0.7388287202666595	0.
1228.	-0.3515339671460599	0.	0.4986510875587047	0.
1229.	-0.43596591048824895	0.	-0.6048198571555101	0.
1230.	-0.38863759728217195	0.	-0.43163443360125897	0.
1231.	-0.23825774723459567	0.	0.7136962450758837	0.
1232.	-0.07604475948285913	0.	0.6399780299332002	0.
1233.	-0.00039485571094205474	0.	-0.6288492527097211	0.
1234.	-0.05719625242385468	0.	-0.8450272335029946	0.
1235.	-0.21199398457595703	0.	0.33742249534683977	0.
1236.	-0.37088982502759626	0.	0.745929397660486	0.
1237.	-0.43749968913526244	0.	-0.284625958012514	0.
1238.	-0.37141892714843777	0.	-0.7200276292732227	0.
1239.	-0.2127312425714471	0.	0.33671162890488726	0.
1240.	-0.05769445548652584	0.	0.9369913188964493	0.
1241.	-0.00035180054866112975	0.	-0.09908468773616685	0.
1242.	-0.07548656277899757	0.	-0.9596180608113195	0.
1243.	-0.2375230036194465	0.	-0.15491209719106974	0.
1244.	-0.3881719923735229	0.	0.7654479269395038	0.
1245.	-0.4360518739757978	0.	0.11794446888968099	0.
1246.	-0.35211935473174805	0.	-0.7987080619021852	0.
1247.	-0.1872867745498999	0.	-0.1620843092655296	0.
1248.	-0.041539364730848086	0.	0.9310528726590317	0.
1249.	-0.0032855483304913002	0.	0.4624701991529143	0.
1250.	-0.09572957706151905	0.	-0.7628954214809089	0.
1251.	-0.26279614357326897	0.	-0.5819220118827945	0.
1252.	-0.40314491043544465	0.	0.5602141264934444	0.
1253.	-0.4316421989664054	0.	0.4885956310720681	0.
1254.	-0.3310019363396099	0.	-0.6347326345197546	0.
1255.	-0.1622711554035535	0.	-0.6255390681722034	0.
1256.	-0.02779968372736427	0.	0.6177601566357476	0.
1257.	-0.009156111598395994	0.	0.8694924503696801	0.
1258.	-0.11764937969721675	0.	-0.32679304973155243	0.
1259.	-0.28746892743367913	0.	-0.8153614886058801	0.
1260.	-0.4156044959068471	0.	0.1970090456095488	0.
1261.	-0.4243307686935058	0.	0.720794194410739	0.
1262.	-0.30835450581618656	0.	-0.2678969661413406	0.
1263.	-0.1380253520860369	0.	-0.9006797960240127	0.
1264.	-0.0166626865612019	0.	0.09614338420093255	0.
1265.	-0.01788347362049597	0.	0.9884550727674284	0.
1266.	-0.14094720021520674	0.	0.2014901183274967	0.
1267.	-0.311205061147185	0.	-0.7927502419732233	0.
1268.	-0.4253809226135852	0.	-0.21567449010392142	0.
1269.	-0.4142172391398938	0.	0.7449010924033872	0.
1270.	-0.28448575131906245	0.	0.19656970736267876	0.
1271.	-0.11487983883563303	0.	-0.890183995718181	0.
1272.	-0.008280172313208219	0.	-0.46279560692001737	0.
1273.	-0.029348679034901348	0.	0.7832069227360531	0.
1274.	-0.1653054855356881	0.	0.6503999772583305	0.
1275.	-0.3336810173547036	0.	-0.5322078971005884	0.
1276.	-0.4323409362708006	0.	-0.5592989519317251	0.
1277.	-0.4014394593563495	0.	0.5486288908591477	0.
1278.	-0.2597210078503873	0.	0.6166785629668836	0.
1279.	-0.09315009275983041	0.	-0.587888871912329	0.
1280.	-0.002766396014295208	0.	-0.873123974030658	0.
1281.	-0.04339545522840155	0.	0.32581358015069395	0.
1282.	-0.19039222827240043	0.	0.8805537539550539	0.
1283.	-0.3545904451216503	0.	-0.12183164915428146	0.
1284.	-0.4363896707614151	0.	-0.7376590199920172	0.
1285.	-0.3861715925578011	0.	0.1830152386012731	0.
1286.	-0.23439782288757027	0.	0.856649440637294	0.
1287.	-0.07313229382718195	0.	-0.08495348660989463	0.
1288.	-0.00019651133174349196	0.	-0.9971516235443111	0.
1289.	-0.05983234235990509	0.	-0.22952483702247808	0.
1290.	-0.215865492045048	0.	0.8279053591125276	0.
1291.	-0.37364834554921683	0.	0.31083752200326337	0.
1292.	-0.43747194117703414	0.	-0.7019406665784566	0.
1293.	-0.3686217422494247	0.	-0.24891192157538444	0.
1294.	-0.20886135555658	0.	0.8313712956581527	0.
1295.	-0.05509928789046814	0.	0.4571527767686769	0.
1296.	-0.0006055462106183129	0.	-0.7927164382528753	0.
1297.	-0.07843530298626192	0.	-0.6997282014736307	0.
1298.	-0.2413780721302568	0.	0.5202322336719636	0.
1299.	-0.39059495635887653	0.	0.6383682645402955	0.
1300.	-0.4355729959954371	0.	-0.4628743000476121	0.
1301.	-0.34902911574261747	0.	-0.6193041454235259	0.
1302.	-0.1834596720557808	0.	0.5375467118305864	0.
1303.	-0.03929686774988228	0.	0.8590538262055274	0.
1304.	-0.003987925440009421	0.	-0.32789046053657045	0.
1305.	-0.09895077573160152	0.	-0.9343434781007987	0.
1306.	-0.2665822279151688	0.	0.06337240943849964	0.
1307.	-0.4051992924913447	0.	0.7697838455201494	0.
1308.	-0.43071871814843565	0.	-0.08757413098753797	0.
1309.	-0.32766076371985287	0.	-0.8122589659216384	0.
1310.	-0.15853900145920674	0.	0.05974520362620754	0.
1311.	-0.025940422960153	0.	0.9840094547625684	0.
1312.	-0.010297546640783528	0.	0.2421765305037069	0.
1313.	-0.12109913136919156	0.	-0.864151438723517	0.
1314.	-0.29113442266211925	0.	-0.39620619877731494	0.
1315.	-0.41726229447216046	0.	0.6738974266603506	0.
1316.	-0.42297527223163855	0.	0.3180346574180569	0.
1317.	-0.3048079402916132	0.	-0.7601194122445594	0.
1318.	-0.13443901655602455	0.	-0.4527800009389743	0.
1319.	-0.015212004034045434	0.	0.7856588763470405	0.
1320.	-0.01944840865113251	0.	0.7281925002551363	0.
1321.	-0.1445784842130925	0.	-0.5209656924669573	0.
1322.	-0.3147000059666223	0.	-0.7188496631723709	0.
1323.	-0.4266195416245197	0.	0.3846286752134161	0.
1324.	-0.41244820267096355	0.	0.6372331298109414	0.
1325.	-0.2807821331540144	0.	-0.46792379118284616	0.
1326.	-0.11148820405615786	0.	-0.8327203368824898	0.
1327.	-0.0072578410646488845	0.	0.3257926868454519	0.
1328.	-0.03131578373467789	0.	0.9708938955245868	0.
1329.	-0.16906880686872072	0.	-0.023256808266986947	0.
1330.	-0.3369577750994437	0.	-0.8135942626962421	0.
1331.	-0.43314349314881195	0.	-0.011373374732762176	0.
1332.	-0.39928099513470894	0.	0.7744929934035569	0.
1333.	-0.255910817962395	0.	-0.016879546179703414	0.
1334.	-0.08999938726357679	0.	-0.950215786739682	0.
1335.	-0.0021863505853584875	0.	-0.2448752988922936	0.
1336.	-0.04573791764097038	0.	0.8941419967130808	0.
1337.	-0.19423629225911268	0.	0.46591569096101226	0.
1338.	-0.35760435305100274	0.	-0.6621769435457472	0.
1339.	-0.43674522652638165	0.	-0.4001350146737176	0.
1340.	-0.3836531208020609	0.	0.6834443414645586	0.
1341.	-0.23053299478380473	0.	0.45648922946044856	0.
1342.	-0.07026546224204563	0.	-0.7584398979316583	0.
1343.	-0.00006665783591836005	0.	-0.7369623014542495	0.
1344.	-0.06251823434117623	0.	0.5288552946132699	0.
1345.	-0.21973790346885616	0.	0.7932499326968254	0.
1346.	-0.3763583236088838	0.	-0.31965532282437453	0.
1347.	-0.437375649545469	0.	-0.6715993520365631	0.
1348.	-0.36577759013849914	0.	0.38292977368618614	0.
1349.	-0.20499456747194278	0.	0.8010320364229185	0.
1350.	-0.052555405596722116	0.	-0.31277194367104155	0.
1351.	-0.0009276545722979243	0.	-0.9865721389121697	0.
1352.	-0.08142801539277639	0.	0.00023448943758712718	0.
1353.	-0.24522604939414133	0.	0.8633177761991899	0.
1354.	-0.3929640671070493	0.	0.1062746084962839	0.
1355.	-0.43502616943815786	0.	-0.7489014218209513	0.
1356.	-0.34589804953181263	0.	-0.04457482534938595	0.
1357.	-0.1796436289402215	0.	0.8996658451776793	0.
1358.	-0.037110608277053425	0.	0.24447282242815366	0.
1359.	-0.0047576052695622595	0.	-0.9110667269544348	0.
1360.	-0.10220951740687856	0.	-0.5163301561663953	0.
1361.	-0.2703533224640532	0.	0.6653158683664927	0.
1362.	-0.40719524456390555	0.	0.48923840592434303	0.
1363.	-0.42972881000035257	0.	-0.608821420933783	0.
1364.	-0.3242854603506179	0.	-0.47361212672721564	0.
1365.	-0.15482571660032615	0.	0.7101967318090978	0.
1366.	-0.024141585379770625	0.	0.7298950493503369	0.
1367.	-0.011504307077095141	0.	-0.5369771026502146	0.
1368.	-0.12457948513493541	0.	-0.8546579201583628	0.
1369.	-0.29477723386418964	0.	0.27146675744834853	0.
1370.	-0.41885788271781604	0.	0.7206683795301644	0.
1371.	-0.4215557751014514	0.	-0.28862265165887346	0.
1372.	-0.3012344056970184	0.	-0.771309759523755	0.
1373.	-0.1308791026297979	0.	0.2836099289959843	0.
1374.	-0.013825106794702724	0.	0.9804941424694894	0.
1375.	-0.021075801353469203	0.	0.009606750846814052	0.
1376.	-0.14823301228139263	0.	-0.9118567955249872	0.
1377.	-0.3181648817136418	0.	-0.1901985341777241	0.
1378.	-0.4277930179162995	0.	0.738757913574667	0.
1379.	-0.4106184645352626	0.	0.12267569150337562	0.
1380.	-0.2770590751912552	0.	-0.838375897770102	0.
1381.	-0.10813018326804397	0.	-0.24817870922386528	0.
1382.	-0.006301787800867292	0.	0.9096923330769846	0.
1383.	-0.03334162707591562	0.	0.5465714621674147	0.
1384.	-0.1728476974284487	0.	-0.6792146950828977	0.
1385.	-0.3401974885718824	0.	-0.5780836646346476	0.
1386.	-0.4338788628141932	0.	0.5430648198010671	0.
1387.	-0.3970659556220768	0.	0.5071715783358468	0.
1388.	-0.2520889825167829	0.	-0.6429456007390337	0.
1389.	-0.0868890299822298	0.	-0.7129337376973474	0.
1390.	-0.0016741724587208476	0.	0.5381057617214526	0.
1391.	-0.04813459904734496	0.	0.8977787142293632	0.
1392.	-0.19808803841826778	0.	-0.24081272272990448	0.
1393.	-0.3605747464277412	0.	-0.7800891737233437	0.
1394.	-0.4370324663573118	0.	0.1923121589168623	0.
1395.	-0.38108297126033364	0.	0.7501675121203515	0.
1396.	-0.22666447409320417	0.	-0.23543394458321054	0.
1397.	-0.0674451631431006	0.	-0.954653840788365	0.
1398.	-5.335917103055365e-6	0.	-0.012222854120552651	0.
1399.	-0.06525308665600014	0.	0.9518641045659224	0.
1400.	-0.22361000530115843	0.	0.2578627229811658	0.
1401.	-0.3790189099454424	0.	-0.7445651833434537	0.
1402.	-0.4372108444166365	0.	-0.212877557229106	0.
1403.	-0.36288736212370487	0.	0.7735758497727608	0.
1404.	-0.2011320901017401	0.	0.2624429055789652	0.
1405.	-0.05006360581481681	0.	-0.8871654149325594	0.
1406.	-0.0013180246893752107	0.	-0.5586300328008708	0.
1407.	-0.08446376213409779	0.	0.6977717805450622	0.
1408.	-0.2490657295224517	0.	0.6592041123563477	0.
1409.	-0.3952785821798419	0.	-0.49130850759728717	0.
1410.	-0.43441156567006595	0.	-0.5574044235828728	0.
1411.	-0.3427271373215621	0.	0.561293334058242	0.
1412.	-0.17583984108492579	0.	0.6931890432480962	0.
1413.	-0.03498127144793403	0.	-0.5258306565603669	0.
1414.	-0.005594346614254453	0.	-0.9197237598363921	0.
1415.	-0.10550478085384879	0.	0.22558813400178485	0.
1416.	-0.2741082454245228	0.	0.843544057339166	0.
1417.	-0.4091321411559353	0.	-0.10147378518703756	0.
1418.	-0.4286727847421381	0.	-0.7425019397160617	0.
1419.	-0.32087708399324527	0.	0.1681769201922581	0.
1420.	-0.15113246450630088	0.	0.9136170757031224	0.
1421.	-0.022403734711139878	0.	0.014685139888820338	0.
1422.	-0.01277601472934066	0.	-0.9768576280839153	0.
1423.	-0.12808935031084878	0.	-0.30641023271344814	0.
1424.	-0.29839621944635675	0.	0.7639821469282785	0.
1425.	-0.4203907606141337	0.	0.30869719791126254	0.
1426.	-0.42007272214910496	0.	-0.7126190649187089	0.
1427.	-0.2976350219162902	0.	-0.29195382390344277	0.
1428.	-0.12734672592336352	0.	0.8434555550652998	0.
1429.	-0.012502429472632096	0.	0.5570410716320563	0.
1430.	-0.022765141730679422	0.	-0.7138223797382331	0.
1431.	-0.15190963915380792	0.	-0.7260406184550852	0.
1432.	-0.3215986025563323	0.	0.45624327477099624	0.
1433.	-0.4289009837415565	0.	0.6217078930133637	0.
1434.	-0.4087285981412295	0.	-0.4717568671181178	0.
1435.	-0.2733177441730871	0.	-0.6778453849417865	0.
1436.	-0.10480682881742436	0.	0.4955492593177755	0.
1437.	-0.00541231213235463	0.	0.9204370643923775	0.
1438.	-0.03542557419480241	0.	-0.221174838988702	0.
1439.	-0.17664097297606116	0.	-0.9036983979482983	0.
1440.	-0.3433991425019627	0.	0.022638096834773774	0.
1441.	-0.434546814814747	0.	0.7507437525619315	0.
1442.	-0.3947950349726937	0.	-0.08461199028295247	0.
1443.	-0.24825669921034033	0.	-0.8638266677230916	0.
1444.	-0.08381999564868375	0.	-0.024082641557527207	0.
1445.	-0.0012300221418490853	0.	0.9822053468635079	0.
1446.	-0.05058474836982774	0.	0.3358185951390601	0.
1447.	-0.2019462596783584	0.	-0.792183973014942	0.
1448.	-0.3635006943818588	0.	-0.40267356166843715	0.
1449.	-0.43725130023854997	0.	0.661874806695809	0.
1450.	-0.37846194937287525	0.	0.3389042833817657	0.
1451.	-0.22279347314335224	0.	-0.7813713402434891	0.
1452.	-0.06467228036323037	0.	-0.5481753633547098	0.
1453.	-0.000012564792975455763	0.	0.7202401685624388	0.
1454.	-0.0680360422486285	0.	0.7739178286933945	0.
1455.	-0.2274805840914771	0.	-0.4377255221605901	0.
1456.	-0.3816292707779123	0.	-0.6950179365787775	0.
1457.	-0.4369775774373044	0.	0.3817938216392758	0.
1458.	-0.3599519639525107	0.	0.6730569468594219	0.
1459.	-0.19727513387996573	0.	-0.4451868749147444	0.
1460.	-0.04762466943117938	0.	-0.9026928654716032	0.
1461.	-0.001776534226996418	0.	0.22116526586201685	0.
1462.	-0.08754159186017865	0.	0.9533059376461078	0.
1463.	-0.2528959092251645	0.	0.039576185946315234	0.
1464.	-0.39753777624788955	0.	-0.7744847107229381	0.
1465.	-0.4337293772971019	0.	-0.010043703972205997	0.
1466.	-0.33951737282050287	0.	0.8126241036633708	0.
1467.	-0.1720495005314564	0.	0.04642177316635424	0.
1468.	-0.032909524560186136	0.	-0.9658309115188921	0.
1469.	-0.006497887254303419	0.	-0.3488789350435787	0.
1470.	-0.10883553339353955	0.	0.8226003896453358	0.
1471.	-0.27784582006797626	0.	0.48747645649695853	0.
1472.	-0.41100937527750026	0.	-0.6257713276304996	0.
1473.	-0.42755097331358205	0.	-0.40263672043158627	0.
1474.	-0.31743670277427366	0.	0.7061468492982461	0.
1475.	-0.14746040257866758	0.	0.5392523323934599	0.
1476.	-0.020727415565365115	0.	-0.7110340677010771	0.
1477.	-0.014112271065830295	0.	-0.800735498116467	0.
1478.	-0.131627626966442	0.	0.43281712301857755	0.
1479.	-0.30199024528088714	0.	0.7705620919356565	0.
1480.	-0.4218604477832224	0.	-0.2986911970612438	0.
1481.	-0.4185265781374009	0.	-0.6830012220496982	0.
1482.	-0.29401091693400083	0.	0.37553350307529715	0.
1483.	-0.12384299342197594	0.	0.8716651496372001	0.
1484.	-0.011244386571986398	0.	-0.2183580805293843	0.
1485.	-0.024515900372924206	0.	-0.9863020774109998	0.
1486.	-0.155607212639788	0.	-0.0831387193533642	0.
1487.	-0.3250000924256268	0.	0.8105367820844733	0.
1488.	-0.4299430918834404	0.	0.108895951808958	0.
1489.	-0.4067791957405918	0.	-0.7671362864822423	0.
1490.	-0.26955931256767196	0.	-0.08569036695573967	0.
1491.	-0.10151918218588582	0.	0.9285328798911854	0.
1492.	-0.004589692805809842	0.	0.350748469688059	0.
1493.	-0.037566972017761324	0.	-0.8479201983547582	0.
1494.	-0.18044744476430769	0.	-0.5569958737366975	0.
1495.	-0.34656173354644826	0.	0.6061347713429228	0.
1496.	-0.43514713982579967	0.	0.479721575684157	0.
1497.	-0.39246894485402495	0.	-0.6246613094674516	0.
1498.	-0.24441516901498497	0.	-0.5372251787160769	0.
1499.	-0.08079324604468183	0.	0.6822738903200093	0.
1500.	-0.000854038824035952	0.	0.8072700890562979	0.
1501.	-0.053087597773492534	0.	-0.43625024937128426	0.
1502.	-0.20580974694030812	0.	-0.8408727081807809	0.
1503.	-0.366381279971861	0.	0.22848072957703408	0.
1504.	-0.43740165959158683	0.	0.7092337290473038	0.
1505.	-0.37579087652282406	0.	-0.29014663052918577	0.
1506.	-0.21892120503878768	0.	-0.834134372751679	0.
1507.	-0.06194768287563013	0.	0.20587470028757457	0.
1508.	-0.00008834219771486481	0.	0.9987192478773882	0.
1509.	-0.0708662289886064	0.	0.10889110104915341	0.
1510.	-0.23134842686821666	0.	-0.8534145062169144	0.
1511.	-0.384188588063764	0.	-0.20439486001235896	0.
1512.	-0.4366759217096496	0.	0.7331962633313238	0.
1513.	-0.35697231552801634	0.	0.14322818080996552	0.
1514.	-0.1934249075098728	0.	-0.8738691248969058	0.
1515.	-0.04523936076674401	0.	-0.3481443692428456	0.
1516.	-0.0023030394961913725	0.	0.8612095515682654	0.
1517.	-0.09066054003177249	0.	0.607246735797405	0.
1518.	-0.2567153881906915	0.	-0.601924162879685	0.
1519.	-0.39974094131907634	0.	-0.5644570342506545	0.
1520.	-0.4329798181054862	0.	0.5444102804147394	0.
1521.	-0.3362697619134934	0.	0.5477073183727492	0.
1522.	-0.16827379510668408	0.	-0.6327043061326999	0.
1523.	-0.030896016863116715	0.	-0.7970409279648604	0.
1524.	-0.007467944035584248	0.	0.4412465696823001	0.
1525.	-0.1122007312263417	0.	0.8989068317535134	0.
1526.	-0.2815648751033559	0.	-0.17504542660855768	0.
1527.	-0.41282635863632827	0.	-0.7504418505358467	0.
1528.	-0.4263637272717882	0.	0.19483462816445898	0.
1529.	-0.3139653948491604	0.	0.7974517767433074	0.
1530.	-0.14381068157745064	0.	-0.1782271714926832	0.
1531.	-0.0191131532732108	0.	-0.9892854892887238	0.
1532.	-0.015512657327402812	0.	-0.12039452456086149	0.
1533.	-0.13519320626693107	0.	0.8961673774337091	0.
1534.	-0.30555818506214777	0.	0.28945579223674867	0.
1535.	-0.42326648365086644	0.	-0.71446168747713	0.
1536.	-0.4169178276013116	0.	-0.21749947191179766	0.
1537.	-0.2903632264823225	0.	0.8076239336971098	0.
1538.	-0.12036900313512794	0.	0.34830137540369255	0.
1539.	-0.010051372341740417	0.	-0.856974282597356	0.
1540.	-0.026327528622688473	0.	-0.6369518607559246	0.
1541.	-0.15932457398298772	0.	0.609402658466795	0.
1542.	-0.32836828535345103	0.	0.649714359735861	0.
1543.	-0.4309190157629583	0.	-0.4723844230998158	0.
1544.	-0.40477086824177383	0.	-0.5741030859225331	0.
1545.	-0.26578495820236325	0.	0.5639539040691629	0.
1546.	-0.09826827366498161	0.	0.7757612826858004	0.
1547.	-0.003834187614967677	0.	-0.4405664515849903	0.
1548.	-0.03976514946825398	0.	-0.9391028729770496	0.
1549.	-0.18426591991083063	0.	0.13955277418693765	0.
1550.	-0.3496842706044353	0.	0.8026351788277443	0.
1551.	-0.4356796497162134	0.	-0.09679906288695317	0.
1552.	-0.3900884142226573	0.	-0.7684184742669244	0.
1553.	-0.2405655957997942	0.	0.13217529758987193	0.
1554.	-0.07780972970119884	0.	0.9596154268251141	0.
1555.	-0.0005463403318764493	0.	0.12336472061133641	0.
1556.	-0.05564236290872571	0.	-0.9314359457403759	0.
1557.	-0.20967728945385417	0.	-0.3585098569143212	0.
1558.	-0.36921560047208923	0.	0.7118647620490878	0.
1559.	-0.43748349729613845	0.	0.30430222489482067	0.
1560.	-0.37307058977818924	0.	-0.7369386345716682	0.
1561.	-0.2150488832816835	0.	-0.35785141987499264	0.
1562.	-0.05927222452223688	0.	0.8320050624306361	0.
1563.	-0.00023264438432496481	0.	0.6477147597939221	0.
1564.	-0.07374275994517657	0.	-0.6227190261992472	0.
1565.	-0.235212321515458	0.	-0.7280006213520809	0.
1566.	-0.38669605975731325	0.	0.41402592955767664	0.
1567.	-0.436305971767348	0.	0.6170746591217817	0.
1568.	-0.35394935062040433	0.	-0.48030757009102637	0.
1569.	-0.18958261758564904	0.	-0.7504576999952989	0.
1570.	-0.042908427335590735	0.	0.42762890106320434	0.
1571.	-0.002897375499183938	0.	0.958213760248638	0.
1572.	-0.09381962922469761	0.	-0.12030054515025766	0.
1573.	-0.2605229694601494	0.	-0.8597435153745246	0.
1574.	-0.40188738695970033	0.	0.003565986753140793	0.
1575.	-0.4321631229941107	0.	0.7522494008082161	0.
1576.	-0.3329853223457399	0.	-0.0672428809041698	0.
1577.	-0.16451390805127894	0.	-0.9139646704813867	0.
1578.	-0.028941379355592545	0.	-0.12478000589757665	0.
1579.	-0.008504212958680826	0.	0.9525713839599386	0.
1580.	-0.11559931975731756	0.	0.40832462965191646	0.
1581.	-0.285264245043568	0.	-0.7234771117448889	0.
1582.	-0.4145825218207722	0.	-0.3973823660612893	0.
1583.	-0.4251114186782733	0.	0.6692376378616889	0.
1584.	-0.3104642480664654	0.	0.38179531799588184	0.
1585.	-0.14018444526282917	0.	-0.785877105885819	0.
1586.	-0.017561453715627062	0.	-0.6437561176507639	0.
1587.	-0.01697673465707497	0.	0.6348110792061192	0.
1588.	-0.13878497082156835	0.	0.7925776245242102	0.
1589.	-0.3090989206596256	0.	-0.37242090235848013	0.
1590.	-0.42460842758996836	0.	-0.6744261464029385	0.
1591.	-0.4152469746953873	0.	0.3880766537897878	0.
1592.	-0.2866930936838138	0.	0.7283912756977539	0.
1593.	-0.11692584375092831	0.	-0.3975322338983485	0.
1594.	-0.008923760651550275	0.	-0.955790199216143	0.
1595.	-0.028199458746951622	0.	0.1129985283748369	0.
1596.	-0.1630605582269691	0.	0.9145318119807571	0.
1597.	-0.33170212580671254	0.	0.0781317158224184	0.
1598.	-0.43182844954227384	0.	-0.7517793518363443	0.
1599.	-0.40270424502019775	0.	-0.014185334768162083	0.
1600.	-0.2619958638947406	0.	0.8585849074826075	0.
1601.	-0.09505512203349548	0.	0.13179786065541527	0.
1602.	-0.0031460333231535936	0.	-0.9546486346509979	0.
1603.	-0.0420194176753488	0.	-0.43847065853615796	0.
1604.	-0.1880952017717799	0.	0.7448100652010935	0.
1605.	-0.35276577512617485	0.	0.48935984358099893	0.
1606.	-0.43614417760594165	0.	-0.6111128156651091	0.
1607.	-0.38765418909590094	0.	-0.4227226397230834	0.
1608.	-0.23670918595375856	0.	0.7210285623983703	0.
1609.	-0.07487038160116388	0.	0.6312540078932731	0.
1610.	-0.0003070230925952544	0.	-0.6384939277653217	0.
1611.	-0.058248243156520746	0.	-0.8384673242834271	0.
1612.	-0.21354767519779472	0.	0.3478501675499713	0.
1613.	-0.3720027676554909	0.	0.7414224760937912	0.
1614.	-0.43749678770555056	0.	-0.294662423914377	0.
1615.	-0.37030194162955643	0.	-0.7159445792827365	0.
1616.	-0.211177721390399	0.	0.3478205352717499	0.
1617.	-0.0566467437458371	0.	0.9342407410948814	0.
1618.	-0.0004454261306198193	0.	-0.11144335355350318	0.
1619.	-0.07666473366264398	0.	-0.9596932458771192	0.
1620.	-0.23907105715575805	0.	-0.14335141683776112	0.
1621.	-0.3891509000606873	0.	0.767031585348734	0.
1622.	-0.43586784354617064	0.	0.10720081194314635	0.
1623.	-0.35088401657457635	0.	-0.800777539207201	0.
1624.	-0.18574946821465244	0.	-0.1506445087167833	0.
1625.	-0.04063259961193162	0.	0.935219393385644	0.
1626.	-0.003559355981428633	0.	0.45136304674004246	0.
1627.	-0.09701786943528665	0.	-0.7695047594618669	0.
1628.	-0.26431745980328314	0.	-0.5728261310963514	0.
1629.	-0.4039764405103965	0.	0.5673354621546337	0.
1630.	-0.431279547900817	0.	0.4803982009969342	0.
1631.	-0.32966508340384454	0.	-0.6424056507514688	0.
1632.	-0.1607710176493181	0.	-0.6173880190865935	0.
1633.	-0.027046224586788098	0.	0.6275678699680145	0.
1634.	-0.009606369275466015	0.	0.863191221888443	0.
1635.	-0.11903023392722395	0.	-0.33776661508209394	0.
1636.	-0.2889427705695312	0.	-0.8114947482449528	0.
1637.	-0.41627731447987454	0.	0.20745484905989683	0.
1638.	-0.4237944399853125	0.	0.7176431623751807	0.
1639.	-0.3069343596244787	0.	-0.2788795341326366	0.
1640.	-0.136582830034236	0.	-0.8984595725160122	0.
1641.	-0.016072803169279892	0.	0.10848393843739182	0.
1642.	-0.01850404423834635	0.	0.9889545872226915	0.
1643.	-0.1424017950332891	0.	0.1896660578603204	0.
1644.	-0.31261134246806127	0.	-0.7952144518089845	0.
1645.	-0.4258858590580722	0.	-0.20509138241005365	0.
1646.	-0.41351454303649976	0.	0.747789451068182	0.
1647.	-0.2830016686949366	0.	0.18564606961231814	0.
1648.	-0.1135145942966674	0.	-0.8946906561228902	0.
1649.	-0.00786190487588248	0.	-0.451871880891738	0.
1650.	-0.03013110411501624	0.	0.7903073241242559	0.
1651.	-0.16681399457847035	0.	0.6414466994766135	0.
1652.	-0.3350005690173128	0.	-0.5401457138600747	0.
1653.	-0.432671108220974	0.	-0.5517779869987722	0.
1654.	-0.40057997371979426	0.	0.5567283331251127	0.
1655.	-0.25819321708121934	0.	0.6092323918385314	0.
1656.	-0.0918807342373675	0.	-0.5977777572524992	0.
1657.	-0.0025254455852379842	0.	-0.8671316054984268	0.
1658.	-0.044329070190102765	0.	0.3372024389840227	0.
1659.	-0.19193409031633157	0.	0.8772250663169961	0.
1660.	-0.3558052814222801	0.	-0.1327337241991238	0.
1661.	-0.4365405779202563	0.	-0.7354601550126953	0.
1662.	-0.3851670323171147	0.	0.1939017477732799	0.
1663.	-0.2328471480096371	0.	0.8550785262989306	0.
1664.	-0.0719761228849024	0.	-0.09713098702548464	0.
1665.	-0.00013616210430830028	0.	-0.9980261477630407	0.
1666.	-0.06090442187904466	0.	-0.2175077141889684	0.
1667.	-0.21741969126026345	0.	0.8311465623071987	0.
1668.	-0.3747419080721242	0.	0.3003352333122794	0.
1669.	-0.4374415266551989	0.	-0.7057184529939702	0.
1670.	-0.3674857997237803	0.	-0.23854837005615048	0.
1671.	-0.20730893252011084	0.	0.8362713686853024	0.
1672.	-0.05407206332570157	0.	0.4465606930855859	0.
1673.	-0.0007266207550586379	0.	-0.8001811420284711	0.
1674.	-0.07963123444496001	0.	-0.6909012454430821	0.
1675.	-0.24292342452870794	0.	0.5289272050107117	0.
1676.	-0.39155233966878655	0.	0.6314521565911658	0.
1677.	-0.4353616743478096	0.	-0.47148789744893577	0.
1678.	-0.34777727401322944	0.	-0.612666173674105	0.
1679.	-0.18192666063981808	0.	0.5474782043550253	0.
1680.	-0.03841259080102882	0.	0.8534598713337311	0.
1681.	-0.0042887734897283925	0.	-0.3395444162730719	0.
1682.	-0.10025425838999824	0.	-0.9314614552256107	0.
1683.	-0.26809767009268376	0.	0.07473880578896895	0.
1684.	-0.4060074472984636	0.	0.7685094952643545	0.
1685.	-0.43032936972325697	0.	-0.09842610703533439	0.
1686.	-0.32631008559304947	0.	-0.8114568266321772	0.
1687.	-0.15704629685761506	0.	0.0716421088560698	0.
1688.	-0.025211146465478472	0.	0.9852521771019234	0.
1689.	-0.01077406758871452	0.	0.23007736120474398	0.
1690.	-0.12249239854693461	0.	-0.8680459770822329	0.
1691.	-0.292599298895371	0.	-0.3857179754683991	0.
1692.	-0.4179102054949172	0.	0.6785944561626948	0.
1693.	-0.42241320391120885	0.	0.3082287013919524	0.
1694.	-0.30337683572921637	0.	-0.7654952456470253	0.
1695.	-0.1330069645753597	0.	-0.4426685827373946	0.
1696.	-0.014647668150493343	0.	0.7933873799179455	0.
1697.	-0.020094107439035835	0.	0.7195190812952336	0.
1698.	-0.14604254545192774	0.	-0.530316275760731	0.
1699.	-0.31609434975475437	0.	-0.7124479713549836	0.
1700.	-0.42709837773045495	0.	0.39382849228077144	0.
1701.	-0.4117210755379148	0.	0.6314658131237904	0.
1702.	-0.27929010834418716	0.	-0.47790364376132877	0.
1703.	-0.11013632379790894	0.	-0.8276428466828952	0.
1704.	-0.006866137782085668	0.	0.3375595170574589	0.
1705.	-0.032121859382918186	0.	0.9683937295065268	0.
1706.	-0.1705837067760464	0.	-0.035049971845451236	0.
1707.	-0.33826258131022413	0.	-0.8131743642067738	0.
1708.	-0.4334467277242364	0.	-0.00047816263294758743	0.
1709.	-0.39839872005056914	0.	0.7745618722167337	0.
1710.	-0.2543782094454228	0.	-0.02841782807279794	0.
1711.	-0.08874610507469366	0.	-0.9518630207310514	0.
1712.	-0.00197261888323752	0.	-0.23283461606774672	0.
1713.	-0.046693383207788985	0.	0.8985636574673783	0.
1714.	-0.1957813825032405	0.	0.4554033764165304	0.
1715.	-0.3588018369633317	0.	-0.6677757818368688	0.
1716.	-0.4368687264343933	0.	-0.39084333654269937	0.
1717.	-0.3826277233189569	0.	0.6893921312600673	0.
1718.	-0.22898069226301343	0.	0.44699051804465295	0.
1719.	-0.0691278605629812	0.	-0.7663697929536089	0.
1720.	-0.00003381091181253737	0.	-0.7285133419184054	0.
1721.	-0.06361006667566206	0.	0.5387291107669219	0.
1722.	-0.22129212421852387	0.	0.7872708765648966	0.
1723.	-0.37743216332260804	0.	-0.32948226360273997	0.
1724.	-0.4373177314624952	0.	-0.6667179284949241	0.
1725.	-0.3646230465908506	0.	0.39300218064132875	0.
1726.	-0.2034437290826983	0.	0.7966020637781734	0.
1727.	-0.05154899012313091	0.	-0.32451515219100124	0.
1728.	-0.0010761401352825314	0.	-0.9844270962383542	0.
1729.	-0.08264133264266282	0.	0.012371380404309712	0.
1730.	-0.24676821636807644	0.	0.863651358149688	0.
1731.	-0.39389962601267875	0.	0.09525965143292225	0.
1732.	-0.434787622797138	0.	-0.7499108895692606	0.
1733.	-0.3446300965358893	0.	-0.033427554771258444	0.
1734.	-0.17811539286219097	0.	0.9017907757250962	0.
1735.	-0.036249096615273646	0.	0.2326449597586592	0.
1736.	-0.005085399437484817	0.	-0.9159043564859972	0.
1737.	-0.10352778186093942	0.	-0.5057953703574716	0.
1738.	-0.2718624156759467	0.	0.6717521772717397	0.
1739.	-0.4079797708411011	0.	0.4803884985729121	0.
1740.	-0.4293128862304951	0.	-0.6154335990219133	0.
1741.	-0.3229213803115194	0.	-0.46482578423067566	0.
1742.	-0.15334091293952623	0.	0.7183095014036088	0.
1743.	-0.02343672007350306	0.	0.7217785355926777	0.
1744.	-0.012006941962105444	0.	-0.5472267676483773	0.
1745.	-0.12598472863427607	0.	-0.8490258222988218	0.
1746.	-0.2962326841283175	0.	0.28191960655485243	0.
1747.	-0.41948068314625897	0.	0.7166414015073037	0.
1748.	-0.4209681433116862	0.	-0.29885838822307964	0.
1749.	-0.2997927912475121	0.	-0.7676535887233387	0.
1750.	-0.1294579695009907	0.	0.29522400314373076	0.
1751.	-0.013286495272847774	0.	0.9787209635902749	0.
1752.	-0.02174642596000964	0.	-0.002752297946199806	0.
1753.	-0.1497060811293953	0.	-0.9128278437435424	0.
1754.	-0.3195468510060812	0.	-0.17900591355895085	0.
1755.	-0.4282456036247321	0.	0.7407340479050324	0.
1756.	-0.4098671342420135	0.	0.11190694925308681	0.
1757.	-0.27555957577061385	0.	-0.8410764077250515	0.
1758.	-0.10679209094688946	0.	-0.2367139157634144	0.
1759.	-0.005936771425849113	0.	0.914864851302398	0.
1760.	-0.03417110068229665	0.	0.5360606262899111	0.
1761.	-0.17436851345697515	0.	-0.6863843977861076	0.
1762.	-0.34148714042712214	0.	-0.5695897362715844	0.
1763.	-0.43415506498631934	0.	0.5504127381384593	0.
1764.	-0.3961611675794584	0.	0.4991542030125411	0.
1765.	-0.25055203654531666	0.	-0.6512655106231937	0.
1766.	-0.08565221688458496	0.	-0.7052822179315381	0.
1767.	-0.0014877264631251025	0.	0.5485867819760676	0.
1768.	-0.04911161579320808	0.	0.892448734134244	0.
1769.	-0.1996358726575758	0.	-0.2518434019620349	0.
1770.	-0.36175450268113607	0.	-0.7768458334184851	0.
1771.	-0.4371285203121095	0.	0.20279255307789962	0.
1772.	-0.38003705787634834	0.	0.7473893027643085	0.
1773.	-0.2251110303945159	0.	-0.24685482051796576	0.
1774.	-0.06632648723217814	0.	-0.953311221174698	0.
1775.	-1.5901581718047453e-9	0.	0.0002110104736325182	0.
1776.	-0.06636432964441565	0.	0.9533593816833124	0.
1777.	-0.22516376051940862	0.	0.24646761840100329	0.
1778.	-0.380072690327646	0.	-0.7474860189693654	0.
1779.	-0.43712544092316524	0.	-0.2024375192011509	0.
1780.	-0.3617145793679589	0.	0.7769582775516072	0.
1781.	-0.1995833223659076	0.	0.251469986888506	0.
1782.	-0.0490783148250922	0.	-0.8926319582618183	0.
1783.	-0.0014938747388289625	0.	-0.5482324591162024	0.
1784.	-0.08569408494235325	0.	0.7055439676826313	0.
1785.	-0.25060422778314184	0.	0.6509848293338949	0.
1786.	-0.3961920234928445	0.	-0.4994280572050498	0.
1787.	-0.4341458687919754	0.	-0.5501651842916148	0.
1788.	-0.34144347041319567	0.	0.5698795987987626	0.
1789.	-0.1743168592680879	0.	0.6861431504304976	0.
1790.	-0.034142795056051	0.	-0.5364186874962968	0.
1791.	-0.005948984175488836	0.	-0.9146916726336136	0.
1792.	-0.10683741398201047	0.	0.23710391051671856	0.
1793.	-0.2756105167465397	0.	0.8409871859680278	0.
1794.	-0.40989279304660553	0.	-0.11227297144796128	0.
1795.	-0.4282304159710214	0.	-0.7406694125232085	0.
1796.	-0.31950002952114215	0.	0.17938608675603918	0.
1797.	-0.1496560270976483	0.	0.9127974554885092	0.
1798.	-0.02172350148584823	0.	0.0023329324014766287	0.
1799.	-0.013304606034246338	0.	-0.9787837427388129	0.
1800.	-0.12950612975344114	0.	-0.29483038738333317	0.
1801.	-0.2998417876279631	0.	0.7677800894088445	0.
1802.	-0.4209882552732224	0.	0.2985118281984226	0.
1803.	-0.41945971104324886	0.	-0.7167803622863553	0.
1804.	-0.29618334935650104	0.	-0.28156592559620675	0.
1805.	-0.12593695700480714	0.	0.8492192160499883	0.
1806.	-0.011989711103825268	0.	0.546880391379625	0.
1807.	-0.023460481994495963	0.	-0.7220560075910916	0.
1808.	-0.15339125397671619	0.	-0.7180359782251355	0.
1809.	-0.32296776426784174	0.	0.4651256334359065	0.
1810.	-0.42932717722026853	0.	0.615211131327316	0.
1811.	-0.4079533001417816	0.	-0.48069029388881357	0.
1812.	-0.271811240058511	0.	-0.6715358728222682	0.
1813.	-0.1034829437682532	0.	0.5061541239042805	0.
1814.	-0.005074097054926174	0.	0.9157425908264658	0.
1815.	-0.03627818581648806	0.	-0.23304716683738666	0.
1816.	-0.17816722852819344	0.	-0.9017211587100489	0.
1817.	-0.3446732358467888	0.	0.03380626247714455	0.
1818.	-0.4347958980261627	0.	0.7498790841136342	0.
1819.	-0.3938680175167546	0.	-0.09563362722902047	0.
1820.	-0.24671589743687045	0.	-0.8636425734244693	0.
1821.	-0.08260003923752257	0.	-0.011959675269606698	0.
1822.	-0.001070920281853495	0.	0.9845024828473049	0.
1823.	-0.051583010114242045	0.	0.3241172837842705	0.
1824.	-0.20349635284857728	0.	-0.7967548128557116	0.
1825.	-0.3646623532609696	0.	-0.3926613307598853	0.
1826.	-0.43731987813840917	0.	0.6668858096421146	0.
1827.	-0.3773958478594566	0.	0.3291499566099847	0.
1828.	-0.22123937508916697	0.	-0.787475944615665	0.
1829.	-0.06357288079385268	0.	-0.5383955769333556	0.
1830.	-0.000034744734925706844	0.	0.7288020261364478	0.
1831.	-0.0691663476462478	0.	0.7661025877221711	0.
1832.	-0.22903338685841856	0.	-0.4473144473015326	0.
1833.	-0.382662661591821	0.	-0.689192328483049	0.
1834.	-0.43686471529750454	0.	0.39115997254759427	0.
1835.	-0.3587613095186392	0.	0.6675879537773313	0.
1836.	-0.195728922154474	0.	-0.45576123108809635	0.
1837.	-0.046660811698822274	0.	-0.8984160389689738	0.
1838.	-0.001979693654391712	0.	0.23324393659844023	0.
1839.	-0.0887885346646777	0.	0.9518096731220455	0.
1840.	-0.25443025663415414	0.	0.02802600176791853	0.
1841.	-0.3984288137117641	0.	-0.774562014850523	0.
1842.	-0.4334366134469114	0.	0.0008478996201239375	0.
1843.	-0.33821839427913614	0.	0.8131911131921719	0.
1844.	-0.17053225025154262	0.	0.034650060807410815	0.
1845.	-0.03209434620198349	0.	-0.9684811351401602	0.
1846.	-0.006879257071093048	0.	-0.3371609652271164	0.
1847.	-0.11018211757222063	0.	0.8278175530719121	0.
1848.	-0.2793407987147546	0.	0.4775660934861849	0.
1849.	-0.4117459144062462	0.	-0.6316636853987592	0.
1850.	-0.42708229817218996	0.	-0.3935176077809262	0.
1851.	-0.3160471054141632	0.	0.7126672685447449	0.
1852.	-0.14599279411210844	0.	0.5300005825880993	0.
1853.	-0.020072027594705888	0.	-0.7198152978216343	0.
1854.	-0.014666653139754626	0.	-0.7931271029618107	0.
1855.	-0.13305549835786204	0.	0.4430132138698265	0.
1856.	-0.30342547836384254	0.	0.7653149665594899	0.
1857.	-0.42243244942872715	0.	-0.30856264002390404	0.
1858.	-0.4178883798226375	0.	-0.6784372916655175	0.
1859.	-0.29254964119319377	0.	0.38607486150314124	0.
1860.	-0.12244503051082198	0.	0.867916263774707	0.
1861.	-0.010757722033658546	0.	-0.23048855347505778	0.
1862.	-0.025235738386112087	0.	-0.9852125979162373	0.
1863.	-0.15709690912480223	0.	-0.07123825217213385	0.
1864.	-0.32635601748453336	0.	0.8114865572602308	0.
1865.	-0.4303427595702794	0.	0.09805801453831486	0.
1866.	-0.4059801729995384	0.	-0.7685552021112859	0.
1867.	-0.26804627587160035	0.	-0.07435351694339976	0.
1868.	-0.10020991929155776	0.	0.9315617675921666	0.
1869.	-0.0042783850164689885	0.	0.33914980475806455	0.
1870.	-0.03844245446101166	0.	-0.8536520775985408	0.
1871.	-0.18197866153790943	0.	-0.5471424411215327	0.
1872.	-0.34781986910241947	0.	0.6128935246026911	0.
1873.	-0.4353690260185812	0.	0.4711970518890053	0.
1874.	-0.3915199884963486	0.	-0.631688788900889	0.
1875.	-0.2428709942999221	0.	-0.5286338455558114	0.
1876.	-0.07959052863331467	0.	0.6912025701310387	0.
1877.	-0.0007223309594359129	0.	0.7999298936466834	0.
1878.	-0.05410679167881168	0.	-0.44692154589557054	0.
1879.	-0.20736161326914715	0.	-0.8361073393589752	0.
1880.	-0.36752447743300937	0.	0.2389010866795064	0.
1881.	-0.43744273994513255	0.	0.7055925480852409	0.
1882.	-0.37470492097759656	0.	-0.30069243361952036	0.
1883.	-0.21736693965679216	0.	-0.831039027529488	0.
1884.	-0.060867904180723464	0.	0.21791600091237243	0.
1885.	-0.00013802945740372212	0.	0.9979990849028503	0.
1886.	-0.07201524257776315	0.	0.09671773742288971	0.
1887.	-0.2328997905617795	0.	-0.8551343724094027	0.
1888.	-0.38520126546244515	0.	-0.19353265751035315	0.
1889.	-0.43653563629229286	0.	0.7355371985499857	0.
1890.	-0.3557641625462191	0.	0.13236434227972457	0.
1891.	-0.19188173635062974	0.	-0.8773404677673433	0.
1892.	-0.04429723834794702	0.	-0.3368169291930612	0.
1893.	-0.002533444634895937	0.	0.8673372912608468	0.
1894.	-0.09192371206262051	0.	0.5974435703804563	0.
1895.	-0.25824510390980654	0.	-0.6094871058658552	0.
1896.	-0.4006092956980727	0.	-0.5564550814107475	0.
1897.	-0.4326600790303313	0.	0.5520350199322528	0.
1898.	-0.3349558788166081	0.	0.539878137835858	0.
1899.	-0.16676275184405204	0.	-0.6417521911377165	0.
1900.	-0.030104392001488234	0.	-0.7900684995751039	0.
1901.	-0.007875926593474261	0.	0.4522438948137892	0.
1902.	-0.11356084445912958	0.	0.89454006800435	0.
1903.	-0.2830520925746231	0.	-0.18601765668287623	0.
1904.	-0.41353855418458463	0.	-0.7476937970902231	0.
1905.	-0.4258688926342826	0.	0.20545115455408866	0.
1906.	-0.3125636900771589	0.	0.7951332867651211	0.
1907.	-0.1423523619764246	0.	-0.19006766048660326	0.
1908.	-0.018482815944432643	0.	-0.9889402514651235	0.
1909.	-0.016092656436209885	0.	-0.10806527637856701	0.
1910.	-0.1366317221369211	0.	0.8985374726466688	0.
1911.	-0.3069826332692505	0.	0.2785073503051586	0.
1912.	-0.42381281302730994	0.	-0.7177524843510115	0.
1913.	-0.4162546420779144	0.	-0.2071011096113882	0.
1914.	-0.2888928054985551	0.	0.8116283270777076	0.
1915.	-0.11898328432864827	0.	0.3373953039002351	0.
1916.	-0.00959091414575719	0.	-0.8634073306891303	0.
1917.	-0.027071638800204384	0.	-0.6272365518390228	0.
1918.	-0.16082188528521918	0.	0.617666591475363	0.
1919.	-0.3297105488365183	0.	0.64214701129891	0.
1920.	-0.43129203240902214	0.	-0.48067806554279574	0.
1921.	-0.40394837115905713	0.	-0.5670956883117599	0.
1922.	-0.2642658630841864	0.	0.5731363261911946	0.
1923.	-0.09697404322577255	0.	0.7692826486483996	0.
1924.	-0.0035498846723912847	0.	-0.4517411843444232	0.
1925.	-0.04066322837209545	0.	-0.9350804210585622	0.
1926.	-0.18580161804933354	0.	0.1510334844256207	0.
1927.	-0.3509260540933363	0.	0.8007097423941713	0.
1928.	-0.43587426935445883	0.	-0.10756585886550202	0.
1929.	-0.38911781634936526	0.	-0.7669803032594926	0.
1930.	-0.23901853206053955	0.	0.14374393648320746	0.
1931.	-0.07662462820078678	0.	0.959693291778519	0.
1932.	-0.00044206773760807616	0.	0.11102419276378066	0.
1933.	-0.05668216957735256	0.	-0.934336646501884	0.
1934.	-0.2112304426127201	0.	-0.3474442187079736	0.
1935.	-0.3703399782567028	0.	0.7160854996909954	0.
1936.	-0.4374970672297149	0.	0.2943227396810466	0.
1937.	-0.3719651205209081	0.	-0.741577689817542	0.
1938.	-0.21349493765131977	0.	-0.3474974905773388	0.
1939.	-0.05821240508635042	0.	0.8386921342375051	0.
1940.	-0.000309823390747449	0.	0.6381682411651722	0.
1941.	-0.07491012164453137	0.	-0.6315519602700266	0.
1942.	-0.23676175996545135	0.	-0.7207816165479313	0.
1943.	-0.38768770638556116	0.	0.4230266264540288	0.
1944.	-0.4361383070355021	0.	0.6109012530838762	0.
1945.	-0.35272407770496556	0.	-0.4896765197316682	0.
1946.	-0.18804297059567368	0.	-0.7446093074170649	0.
1947.	-0.04198833547498622	0.	0.4388504998364199	0.
1948.	-0.0031549541443505053	0.	0.9545207944283471	0.
1949.	-0.09509863462557688	0.	-0.13220121218860165	0.
1950.	-0.26204757410298607	0.	-0.8585416080985766	0.
1951.	-0.4027327861266334	0.	0.014558205151253611	0.
1952.	-0.4318165088944528	0.	0.7517602839794908	0.
1953.	-0.3316569464412986	0.	-0.07851430364962425	0.
1954.	-0.16300954534042883	0.	-0.9145490885432931	0.
1955.	-0.028173556072014494	0.	-0.11258416411760377	0.
1956.	-0.008938680403249619	0.	0.9559006625018291	0.
1957.	-0.11697253580800598	0.	0.39715214996070547	0.
1958.	-0.2867432352705409	0.	-0.7285615433414279	0.
1959.	-0.41527015059880873	0.	-0.3877485383312001	0.
1960.	-0.4245905796175265	0.	0.6746062186426246	0.
1961.	-0.30905087515205454	0.	0.37209013256493306	0.
1962.	-0.13873587153916492	0.	-0.7928109068244674	0.
1963.	-0.01695636456561872	0.	-0.6344949952527509	0.
1964.	-0.017582169039359913	0.	0.6440685525391054	0.
1965.	-0.14023368036399833	0.	0.7856395802128581	0.
1966.	-0.31051213759353985	0.	-0.382123236516081	0.
1967.	-0.4251289134870257	0.	-0.6690531428649491	0.
1968.	-0.4145590097948887	0.	0.3977081107705781	0.
1969.	-0.285213988262083	0.	0.7233020878584931	0.
1970.	-0.11555280330958638	0.	-0.40870286761777674	0.
1971.	-0.0084896530979727	0.	-0.9524556786236873	0.
1972.	-0.02896760789779479	0.	0.12519346132890666	0.
1973.	-0.16456501511454552	0.	0.9139420977455935	0.
1974.	-0.3330303070713442	0.	0.06686037098730224	0.
1975.	-0.4321746982510901	0.	-0.7522633608088706	0.
1976.	-0.4018585313523939	0.	-0.0031926949332275467	0.
1977.	-0.26047118641295247	0.	0.859781624311129	0.
1978.	-0.09377632963926058	0.	0.11989604360541313	0.
1979.	-0.0028888243228008953	0.	-0.958336421723684	0.
1980.	-0.04293981159734267	0.	-0.42724695185488204	0.
1981.	-0.18963490001380948	0.	0.7506537707898793	0.
1982.	-0.3539908173948716	0.	0.4799881937686222	0.
1983.	-0.4363114696999256	0.	-0.6172820019241728	0.
1984.	-0.3866622538755804	0.	-0.4137188468243209	0.
1985.	-0.23515971801360408	0.	0.7282435629223096	0.
1986.	-0.07370326740163627	0.	0.6224172721112973	0.
1987.	-0.00023021844602108543	0.	-0.6480369703916873	0.
1988.	-0.059308336730656025	0.	-0.8317758051596099	0.
1989.	-0.21510162845617153	0.	0.3582014757858911	0.
1990.	-0.37310797340302043	0.	0.7367787942191553	0.
1991.	-0.4374828429667991	0.	-0.30463987543829674	0.
1992.	-0.36917730509538116	0.	-0.7117190160389318	0.
1993.	-0.20962458249180133	0.	0.35888461956480144	0.
1994.	-0.05560721569640795	0.	0.9313347732254813	0.
1995.	-0.0005500726974125847	0.	-0.12378320880594773	0.
1996.	-0.0778500776415029	0.	-0.9596100052708857	0.
1997.	-0.24061808479529592	0.	-0.13178253338318593	0.
1998.	-0.3901212051531835	0.	0.7684646415217611	0.
1999.	-0.43567285204314127	0.	0.09643323718958968	0.
2000.	-0.34964200770521536	0.	-0.8026979074721428	0.
2001.	-0.1842138278927808	0.	-0.13916239494232024	0.
2002.	-0.039734826650699315	0.	0.9392367710707893	0.
2003.	-0.003844027412475165	0.	0.44018597180514196	0.
2004.	-0.09831230738795	0.	-0.7759787836945795	0.
2005.	-0.26583647558558954	0.	-0.5636406974215654	0.
2006.	-0.4047986195318883	0.	0.5743388354124987	0.
2007.	-0.4309061674001291	0.	0.472101204272625	0.
2008.	-0.32832263098165837	0.	-0.6499692621259717	0.
2009.	-0.1592738069320909	0.	-0.6091201432724478	0.
2010.	-0.02630244350401137	0.	0.6372799038886705	0.
2011.	-0.010067185451552274	0.	0.8567535613855197	0.
2012.	-0.12041612245405697	0.	-0.3486702839271142	0.
2013.	-0.290413070062532	0.	-0.8074855324847692	0.
2014.	-0.4169401609968502	0.	0.21785151196774694	0.
2015.	-0.42324775972309564	0.	0.714347464805015	0.
2016.	-0.30550976149455916	0.	-0.28982674304875095	0.
2017.	-0.13514445614618248	0.	-0.896084217114948	0.
2018.	-0.015493151822056683	0.	0.1208127539100749	0.
2019.	-0.01913472416122464	0.	0.9892944044419295	0.
2020.	-0.14386024424762883	0.	0.17782502683111281	0.
2021.	-0.314012885251247	0.	-0.7975278166399009	0.
2022.	-0.4263803383644983	0.	-0.19447371569384259	0.
2023.	-0.4128020143538598	0.	0.750532565524671	0.
2024.	-0.2815143423609315	0.	0.17467216523944273	0.
2025.	-0.11215466250759978	0.	-0.8990524905399249	0.
2026.	-0.00745428400681751	0.	-0.4408720012920627	0.
2027.	-0.03092305151466479	0.	0.7972752369799603	0.
2028.	-0.1683251255814684	0.	0.6323955185395959	0.
2029.	-0.33631425183436925	0.	-0.5479710545515604	0.
2030.	-0.43299048048377664	0.	-0.5441496259937075	0.
2031.	-0.3997113084990976	0.	0.5647268348790888	0.
2032.	-0.2566634350433075	0.	0.6016653677574955	0.
2033.	-0.09061778063897183	0.	-0.6075778815686182	0.
2034.	-0.0022954111324788307	0.	-0.8609991270551349	0.
2035.	-0.04527149069471195	0.	0.34852768883203583	0.
2036.	-0.19347730614643574	0.	0.8737487235127297	0.
2037.	-0.3570131985633536	0.	-0.14359618592229326	0.
2038.	-0.4366804900433098	0.	-0.7331142359483787	0.
2039.	-0.38415407060525086	0.	0.20476306202218297	0.
2040.	-0.23129576144519	0.	0.8533534302386193	0.
2041.	-0.07082736174005011	0.	-0.10930416986510237	0.
2042.	-0.00008684947469257166	0.	-0.9987408853363123	0.
2043.	-0.061984470143969406	0.	-0.205465599238626	0.
2044.	-0.21897395763519029	0.	0.8342367754652652	0.
2045.	-0.37582759543032995	0.	0.2897879347701027	0.
2046.	-0.43740007161334843	0.	-0.7093548228647287	0.
2047.	-0.36634234835432	0.	-0.2281260491383242	0.
2048.	-0.20575708707982854	0.	0.8410319889243777	0.
2049.	-0.0530531524351071	0.	0.43588664385054293	0.
2050.	-0.0008587020875615581	0.	-0.8075169420832966	0.
2051.	-0.08083418923716909	0.	-0.6819690186123084	0.
2052.	-0.24446755654542351	0.	0.5375148722586401	0.
2053.	-0.39250099914902653	0.	0.6244207872278202	0.
2054.	-0.43513941718076654	0.	-0.4800092644874493	0.
2055.	-0.34651891841359544	0.	-0.6059031966302812	0.
2056.	-0.18039550822950084	0.	0.5573288641361778	0.
2057.	-0.03753741808543204	0.	0.8477231619721568	0.
2058.	-0.00460044849492619	0.	-0.35114110549827765	0.
2059.	-0.10156372323988641	0.	-0.928427417912674	0.
2060.	-0.2696106209809436	0.	0.08607458358773008	0.
2061.	-0.40680614851789393	0.	0.767085505972932	0.
2062.	-0.4299293398313984	0.	-0.1092635166210949	0.
2063.	-0.32495397735488285	0.	-0.8105018657403147	0.
2064.	-0.15555670733299293	0.	0.08354266594511336	0.
2065.	-0.024491640671918093	0.	0.9863362686728597	0.
2066.	-0.01126108808525289	0.	0.21794582338268462	0.
2067.	-0.12389052523607726	0.	-0.8717897361347962	0.
2068.	-0.2940604468883069	0.	-0.37517478310722435	0.
2069.	-0.41854806202591877	0.	0.6831536965690066	0.
2070.	-0.4218408537678512	0.	0.2983549885693242	0.
2071.	-0.30194145882888956	0.	-0.7707378314146256	0.
2072.	-0.13157924128416196	0.	-0.43246954616851546	0.
2073.	-0.0140936362595393	0.	0.8009915328771756	0.
2074.	-0.02074983525872487	0.	0.7107340891379449	0.
2075.	-0.1475102772858198	0.	-0.5395645269249219	0.
2076.	-0.3174837791681297	0.	-0.7059234022013686	0.
2077.	-0.4275666954846	0.	0.4029447408907022	0.
2078.	-0.4109842063683715	0.	0.6255690800118048	0.
2079.	-0.27779502720054333	0.	-0.4878115342639453	0.
2080.	-0.10878992684040548	0.	-0.8224207899135716	0.
2081.	-0.006485131338205635	0.	0.3492757364773397	0.
2082.	-0.032937356848957614	0.	0.9657382423325863	0.
2083.	-0.1721010383319619	0.	-0.04682089579137415	0.
2084.	-0.33956135399479886	0.	-0.8126021894541072	0.
2085.	-0.4337391234553574	0.	0.010413279589494173	0.
2086.	-0.3975073755007652	0.	0.7744794312676931	0.
2087.	-0.25284380225816294	0.	-0.03996839553528275	0.
2088.	-0.0874993860603383	0.	-0.9533539753740877	0.
2089.	-0.001769831065975891	0.	-0.22075464523569954	0.
2090.	-0.04765753495673955	0.	0.9028353840483212	0.
2091.	-0.19732763230460001	0.	0.44482687285742784	0.
2092.	-0.35999225043704713	0.	-0.6732401972338253	0.
2093.	-0.436981214740531	0.	-0.3814745989811225	0.
2094.	-0.3815940525603826	0.	0.6952134273324178	0.
2095.	-0.22742787325191294	0.	0.43739845116370213	0.
2096.	-0.0679978124740293	0.	-0.7741809820303777	0.
2097.	-0.000012005752748345255	0.	-0.7199475423271285	0.
2098.	-0.06470973116327546	0.	0.5485055659378806	0.
2099.	-0.2228462166308292	0.	0.7811618811114738	0.
2100.	-0.37849799205623846	0.	-0.33923400930418335	0.
2101.	-0.43724877910971366	0.	-0.6617023887954887	0.
2102.	-0.36346113872399516	0.	0.40301226552883207	0.
2103.	-0.20189366342247994	0.	0.7920262867444732	0.
2104.	-0.05055101569899678	0.	-0.33621495734940166	0.
2105.	-0.001235614841248782	0.	-0.982124623407878	0.
2106.	-0.08386152126237567	0.	0.024493822249339225	0.
2107.	-0.24830896885818954	0.	0.8638302016590912	0.
2108.	-0.39482634258699334	0.	0.08423781448823925	0.
2109.	-0.4345381696172791	0.	-0.7507704676133002	0.
2110.	-0.3433557885531795	0.	-0.022258689435630113	0.
2111.	-0.17658920819952556	0.	0.9037628183928379	0.
2112.	-0.03539679840976784	0.	0.22077110368013655	0.
2113.	-0.005423980343190193	0.	-0.9205937873353942	0.
2114.	-0.10485186324423847	0.	-0.49518807539277787	0.
2115.	-0.2733688275372297	0.	0.6780572168622088	0.
2116.	-0.40875474395921435	0.	0.4714521661872644	0.
2117.	-0.4288863323108342	0.	-0.6219262846554293	0.
2118.	-0.32155204123804826	0.	-0.45594007848276297	0.
2119.	-0.15185941141940146	0.	0.7263103177172722	0.
2120.	-0.022741715049289124	0.	0.7135408162037825	0.
2121.	-0.01252001415509442	0.	-0.5573842926840549	0.
2122.	-0.1273946553365527	0.	-0.8432575573717169	0.
2123.	-0.2976842227222024	0.	0.29230519183230746	0.
2124.	-0.4200933497982208	0.	0.7124753988739372	0.
2125.	-0.4203703026513854	0.	-0.3090419558529138	0.
2126.	-0.29834708539821475	0.	-0.7638506752566039	0.
2127.	-0.12804134423069313	0.	0.3068026114091726	0.
2128.	-0.012758256461305087	0.	0.9767894806863454	0.
2129.	-0.022426996182651038	0.	-0.015104229559622826	0.
2130.	-0.15118263562113862	0.	-0.9136421430024848	0.
2131.	-0.32092373162599047	0.	-0.1677962004107343	0.
2132.	-0.42868761306462466	0.	0.7425615243761978	0.
2133.	-0.40910615550704016	0.	0.10110672726871217	0.
2134.	-0.2740572083498502	0.	-0.8436282230047737	0.
2135.	-0.10545965075824953	0.	-0.22519638127153532	0.
2136.	-0.005582498807872649	0.	0.9198919898529	0.
2137.	-0.03500989265136194	0.	0.5254699142222508	0.
2138.	-0.17589157005990902	0.	-0.6934259211833552	0.
2139.	-0.34277059596570286	0.	-0.5610002550061579	0.
2140.	-0.4344203925535872	0.	0.5576481363752952	0.
2141.	-0.3952474230329788	0.	0.4910310883784261	0.
2142.	-0.24901348506560642	0.	-0.6594812321100255	0.
2143.	-0.08442212315424868	0.	-0.697505812877643	0.
2144.	-0.0013122488318961373	0.	0.5589813939723531	0.
2145.	-0.050097196638131475	0.	0.8869774096330207	0.
2146.	-0.20118467186286054	0.	-0.26281425915869605	0.
2147.	-0.3629270394320523	0.	-0.773458530880356	0.
2148.	-0.43721354954955116	0.	0.21323114007459154	0.
2149.	-0.378983002005359	0.	0.7444634640200163	0.
2150.	-0.22355726556300604	0.	-0.25824898501884735	0.
2151.	-0.06521550633725157	0.	-0.9518105837303018	0.
2152.	-5.710734768016312e-6	0.	0.012644839447753615	0.
2153.	-0.06748326573792715	0.	0.954696635224329	0.
2154.	-0.22671719194221573	0.	0.23504587173145342	0.
2155.	-0.38111832642369364	0.	-0.7502592098900744	0.
2156.	-0.4370290128678376	0.	-0.19195574046994088	0.
2157.	-0.36053457912530884	0.	0.78019671971128	0.
2158.	-0.19803552224941215	0.	0.24043731064100707	0.
2159.	-0.04810158961586383	0.	-0.897957123983141	0.
2160.	-0.0016806928424992276	0.	-0.5377485372196881	0.
2161.	-0.08693112500419348	0.	0.7131912267382081	0.
2162.	-0.25214111790117627	0.	0.6426614104912882	0.
2163.	-0.39709650674459307	0.	-0.5074418183379765	0.
2164.	-0.4338692977741094	0.	-0.5428134707384318	0.
2165.	-0.340153609393642	0.	0.5783702557205792	0.
2166.	-0.1727961206331822	0.	0.6789691177145916	0.
2167.	-0.03331363845555442	0.	-0.5469267804342882	0.
2168.	-0.006314364876957079	0.	-0.9095142357482321	0.
2169.	-0.10817569695494	0.	0.24856687965996493	0.
2170.	-0.2771099174971992	0.	0.8382816394171239	0.
2171.	-0.4106437951996369	0.	-0.12304061029361518	0.
2172.	-0.4277774716980387	0.	-0.7386882384413623	0.
2173.	-0.3181178887400924	0.	0.19057809136412124	0.
2174.	-0.14818307785974452	0.	0.911821088218651	0.
2175.	-0.021053215033962125	0.	-0.010026321216986118	0.
2176.	-0.013843569135757284	0.	-0.9805515439145808	0.
2177.	-0.13092741462331303	0.	-0.28321514522736235	0.
2178.	-0.30128326193601046	0.	0.7714312696885475	0.
2179.	-0.42157554004717285	0.	0.2882743547174076	0.
2180.	-0.4188365672195733	0.	-0.7208026077016488	0.
2181.	-0.29472776761727587	0.	-0.2711108257899021	0.
2182.	-0.12453187370036287	0.	0.854846673637016	0.
2183.	-0.011487430913031824	0.	0.5366276291318685	0.
2184.	-0.024165681340362066	0.	-0.73016838392543	0.
2185.	-0.154876168398822	0.	-0.7099194348926693	0.
2186.	-0.32433166460346263	0.	0.4739085764960079	0.
2187.	-0.42974273982725825	0.	0.6085949196237422	0.
2188.	-0.4071684503194453	0.	-0.48953723840960006	0.
2189.	-0.27030205717679623	0.	-0.6650951271422639	0.
2190.	-0.10216487791233722	0.	0.516686416041032	0.
2191.	-0.004746669285870503	0.	0.9108999452320835	0.
2192.	-0.03714000942562251	0.	-0.24487343341651535	0.
2193.	-0.17969553287838883	0.	-0.8995910472825345	0.
2194.	-0.34594097202756013	0.	0.044952764571099674	0.
2195.	-0.43503407428128316	0.	0.7488645325297321	0.
2196.	-0.3929321593260212	0.	-0.10664831493066079	0.
2197.	-0.24517368382069693	0.	-0.8633037385954546	0.
2198.	-0.08138695628084208	0.	0.000177669662306517	0.
2199.	-0.0009228078287368546	0.	0.9866421756111381	0.
2200.	-0.05258971119112196	0.	0.31237263757636086	0.
2201.	-0.2050472160906828	0.	-0.8011798247384772	0.
2202.	-0.365816645836618	0.	-0.3825868415877005	0.
2203.	-0.43737742165997284	0.	0.6717626651150723	0.
2204.	-0.3763217371992849	0.	0.3193204947225849	0.
2205.	-0.21968515136007	0.	-0.7934505702477708	0.
2206.	-0.06248131525485497	0.	-0.5285184850825599	0.
2207.	-0.00006796639367928625	0.	0.737246994968242	0.
2208.	-0.07030420469131332	0.	0.7581686884852	0.
2209.	-0.23058567047354706	0.	-0.45680996164194393	0.
2210.	-0.3836877773663598	0.	-0.683240265682668	0.
2211.	-0.43674084175797895	0.	0.40044900454502497	0.
2212.	-0.35756358669182453	0.	0.66198456967212	0.
2213.	-0.19418387263507025	0.	-0.4662713336936156	0.
2214.	-0.0457056417930122	0.	-0.8939893014353164	0.
2215.	-0.002193796609207155	0.	0.2452832503173663	0.
2216.	-0.09004203850140534	0.	0.9501571412213882	0.
2217.	-0.25596280274590705	0.	0.016488172894538244	0.
2218.	-0.3993107801909315	0.	-0.7744880013976793	0.
2219.	-0.4331330112629749	0.	0.011743203898642529	0.
2220.	-0.3369133844424934	0.	0.8136058402306061	0.
2221.	-0.16901743421779009	0.	0.022856178385996205	0.
2222.	-0.03128859105039529	0.	-0.9709760209910132	0.
2223.	-0.007271323064432955	0.	-0.3253924522606377	0.
2224.	-0.11153418273985558	0.	0.832890122550331	0.
2225.	-0.28083271846937496	0.	0.467583830767521	0.
2226.	-0.4124727102440219	0.	-0.6374265914898108	0.
2227.	-0.42660310549049174	0.	-0.38431498410522863	0.
2228.	-0.314652596063677	0.	0.71906476795105	0.
2229.	-0.14452885875247393	0.	0.5206465534564454	0.
2230.	-0.019426669771137883	0.	-0.7284849035212315	0.
2231.	-0.015231338247466475	0.	-0.7853944022300783	0.
2232.	-0.13448769598854585	0.	0.45312162831193	0.
2233.	-0.3048564366527419	0.	0.7599346291652707	0.
2234.	-0.4229941682791658	0.	-0.3183662645090037	0.
2235.	-0.4172401281178036	0.	-0.6737356000081282	0.
2236.	-0.2910846397186781	0.	0.39656118523323836	0.
2237.	-0.12105192950197338	0.	0.8640166180318409	0.
2238.	-0.010281557869240399	0.	-0.24258658811629583	0.
2239.	-0.025965345858600622	0.	-0.9839644959720899	0.
2240.	-0.1585897181314327	0.	-0.05934150731018899	0.
2241.	-0.3277065101138285	0.	0.8122835087126616	0.
2242.	-0.4307317451148236	0.	0.08720557974745469	0.
2243.	-0.40517169804760095	0.	-0.7698244682260611	0.
2244.	-0.26653075048065983	0.	-0.06298611675319081	0.
2245.	-0.09890664082722424	0.	0.9344386206993632	0.
2246.	-0.00397790470684789	0.	0.32749393974581564	0.
2247.	-0.03932703962980516	0.	-0.8592411714046564	0.
2248.	-0.18351173469165916	0.	-0.5372082365899203	0.
2249.	-0.34907148863841764	0.	0.6195272334931111	0.
2250.	-0.43557997632086876	0.	0.46258035253870633	0.
2251.	-0.3905623099422467	0.	-0.638600961323899	0.
2252.	-0.24132560184979623	0.	-0.5199352580518308	0.
2253.	-0.07839483661047472	0.	0.7000259256111243	0.
2254.	-0.0006016300999348578	0.	0.7924608367093033	0.
2255.	-0.05513429750462615	0.	-0.45751081644131064	0.
2256.	-0.20891405453398543	0.	-0.8312025499953019	0.
2257.	-0.3686601640973418	0.	0.24926261060393046	0.
2258.	-0.4374727797178584	0.	0.7018099742565099	0.
2259.	-0.37361109213586763	0.	-0.31119316024446464	0.
2260.	-0.21581274409741008	0.	-0.8277927077692497	0.
2261.	-0.05979609607553327	0.	0.2299322392290217	0.
2262.	-0.00019875322074168998	0.	0.9971191399726947	0.
2263.	-0.07317166398944747	0.	0.08454012712135837	0.
2264.	-0.23445043991109954	0.	-0.8567000505953064	0.
2265.	-0.38620553966253324	0.	-0.1826453286940698	0.
2266.	-0.43638435608911524	0.	0.7377310648903773	0.
2267.	-0.3545490924807889	0.	0.12146095737738345	0.
2268.	-0.19033992162075286	0.	-0.8806641317455626	0.
2269.	-0.043363923079043964	0.	-0.3254259450044787	0.
2270.	-0.00277476534561788	0.	0.8733248867595299	0.
2271.	-0.0931932868476393	0.	0.5875517030744262	0.
2272.	-0.25977282574091937	0.	-0.6169291531809865	0.
2273.	-0.401468469011951	0.	-0.5483522401897083	0.
2274.	-0.43232954082423025	0.	0.5595523146905177	0.
2275.	-0.3336361291306987	0.	0.5319365276604293	0.
2276.	-0.1652543331276891	0.	-0.6507021173221547	0.
2277.	-0.02932229080863835	0.	-0.7829636217657983	0.
2278.	-0.008294555011777088	0.	0.46316500390925236	0.
2279.	-0.11492626810740542	0.	0.8900285071662256	0.
2280.	-0.2845360637907709	0.	-0.19693955442121094	0.
2281.	-0.4142409159413857	0.	-0.7448005189477892	0.
2282.	-0.42536360171512383	0.	0.2160330544269234	0.
2283.	-0.311157249172916	0.	0.7926639631519962	0.
2284.	-0.14089789926751561	0.	-0.2018911086431232	0.
2285.	-0.01786258899224412	0.	-0.9884353174469146	0.
2286.	-0.01668288658824235	0.	-0.0957243604356734	0.
2287.	-0.13807438370235525	0.	0.9007524256871978	0.
2288.	-0.30840262710130306	0.	0.2675236174775634	0.
2289.	-0.42434878992182723	0.	-0.7208985965863255	0.
2290.	-0.4155814856433074	0.	-0.19665367213003435	0.
2291.	-0.28741884339464135	0.	0.8154902177036696	0.
2292.	-0.1176026021889158	0.	0.3264193987897222	0.
2293.	-0.009141015230424099	0.	-0.8697039093456095	0.
2294.	-0.027825425752923988	0.	-0.6174256207530397	0.
2295.	-0.16232212105590688	0.	0.6258136516404035	0.
2296.	-0.33104721053806624	0.	0.6344703074382578	0.
2297.	-0.43165431898941375	0.	-0.4888720895932116	0.
2298.	-0.40311652444028934	0.	-0.5599703712124848	0.
2299.	-0.26274447012363084	0.	0.5822291377486477	0.
2300.	-0.09568596057833981	0.	0.7626687366301523	0.
2301.	-0.0032764459879290053	0.	-0.4628459304348701	0.
2302.	-0.04157029788711933	0.	-0.9309088516453901	0.
2303.	-0.18733897956825274	0.	0.16247181401723032	0.
2304.	-0.3521611647477853	0.	0.7986352123060504	0.
2305.	-0.436057927595478	0.	-0.11830866873544865	0.
2306.	-0.3881386175521097	0.	-0.7653915370947901	0.
2307.	-0.2374704450755917	0.	0.15530430219201233	0.
2308.	-0.07544670182017048	0.	0.9596127283862995	0.
2309.	-0.0003488162976076903	0.	0.098664925085511	0.
2310.	-0.05773015814967836	0.	-0.9370819431008595	0.
2311.	-0.21278397539263882	0.	-0.3363338260378038	0.
2312.	-0.37145670310599793	0.	0.7201637007396594	0.
2313.	-0.43749959383987685	0.	0.28428430375294916	0.
2314.	-0.37085191628454395	0.	-0.7460799537128432	0.
2315.	-0.21194125732001645	0.	-0.33706725793564885	0.
2316.	-0.057160690300798456	0.	0.8452475557601404	0.
2317.	-0.00039803022817935796	0.	0.6285201452008212	0.
2318.	-0.07608474502025203	0.	-0.6402721313773744	0.
2319.	-0.23831028910227856	0.	-0.7134453416615112	0.
2320.	-0.3886708242874533	0.	0.43193526961508627	0.
2321.	-0.4359596675762918	0.	0.6046041140671483	0.
2322.	-0.35149204118331173	0.	-0.4989650039341427	0.
2323.	-0.18650487383337233	0.	-0.7386233076483784	0.
2324.	-0.041077167328068494	0.	0.4500089938606739	0.
2325.	-0.003423416985021646	0.	0.9506755799362636	0.
2326.	-0.09638388249662172	0.	-0.14406694683220564	0.
2327.	-0.26356999289235195	0.	-0.8571869428318294	0.
2328.	-0.4035688970254938	0.	0.025536954901170916	0.
2329.	-0.4314591382513171	0.	0.7511207106312981	0.
2330.	-0.3303228704928636	0.	-0.0897869606010564	0.
2331.	-0.16150799665561397	0.	-0.9149773618898508	0.
2332.	-0.027415353934144904	0.	-0.10036261230025141	0.
2333.	-0.009383740054881212	0.	0.9590752196685948	0.
2334.	-0.11835089003705228	0.	0.38592629908949816	0.
2335.	-0.2882187928976474	0.	-0.7335054196271783	0.
2336.	-0.41594785816684354	0.	-0.37804580190397613	0.
2337.	-0.4240593488101071	0.	0.6798439580989019	0.
2338.	-0.3076329434483046	0.	0.36230182191536753	0.
2339.	-0.13729133728414178	0.	-0.7996190229603422	0.
2340.	-0.01636146285443915	0.	-0.6251271592560261	0.
2341.	-0.018197759267403663	0.	0.6532177179234628	0.
2342.	-0.14168635375932415	0.	0.7785771793876586	0.
2343.	-0.3119207219675032	0.	-0.39174068463990896	0.
2344.	-0.4256389804599608	0.	-0.6635503694958933	0.
2345.	-0.41386115958460257	0.	0.4072687798558621	0.
2346.	-0.2837315274427712	0.	0.7180731934579845	0.
2347.	-0.11418497272185421	0.	-0.41981809814173116	0.
2348.	-0.008066160420785631	0.	-0.9489669909567799	0.
2349.	-0.029745338107062425	0.	0.13736055173534678	0.
2350.	-0.16607220750136575	0.	0.913196450656563	0.
2351.	-0.33435271895874563	0.	0.05559238259698768	0.
2352.	-0.43251017233249783	0.	-0.7525968457024902	0.
2353.	-0.4010035735526923	0.	0.007811309266714694	0.
2354.	-0.25894440266000096	0.	0.860825251551215	0.
2355.	-0.09250384647035442	0.	0.10796139463194218	0.
2356.	-0.0026425129531222336	0.	-0.9618712990996311	0.
2357.	-0.04386908119801507	0.	-0.41596214112384616	0.
2358.	-0.19117606811491644	0.	0.7563589024181709	0.
2359.	-0.3552090321063719	0.	0.4705379014686617	0.
2360.	-0.4364677783247674	0.	-0.6233262705148771	0.
2361.	-0.3856618416988486	0.	-0.40462467572188276	0.
2362.	-0.2336094216380211	0.	0.7353398807333473	0.
2363.	-0.072543475805143	0.	0.6134692831603639	0.
2364.	-0.00016444564824466545	0.	-0.657476766381663	0.
2365.	-0.06037647962805931	0.	-0.8249538776029846	0.
2366.	-0.21665576589993596	0.	0.36847464122141105	0.
2367.	-0.37420538647493296	0.	0.73199927929938	0.
2368.	-0.4374578556219118	0.	-0.3145564424109879	0.
2369.	-0.3680450743232242	0.	-0.7073516406193275	0.
2370.	-0.20807190428431604	0.	0.36990189352922975	0.
2371.	-0.05457592382078033	0.	0.9282738445739767	0.
2372.	-0.0006657349657062661	0.	-0.13610217108571376	0.
2373.	-0.07904253487433711	0.	-0.9593684320465528	0.
2374.	-0.2421640084359672	0.	-0.12020751214329867	0.
2375.	-0.3910828586661418	0.	0.7697469009763509	0.
2376.	-0.43546690931146725	0.	0.0856437592952195	0.
2377.	-0.34839339082588916	0.	-0.8044687272372278	0.
2378.	-0.1826799311105482	0.	-0.12763995855567922	0.
2379.	-0.03884609117048335	0.	0.9431042663663526	0.
2380.	-0.004139548250825187	0.	0.42894087054038865	0.
2381.	-0.09961282556998297	0.	-0.7823164527341522	0.
2382.	-0.2673531142331315	0.	-0.5543674181322058	0.
2383.	-0.4056114059929932	0.	0.5812229930540088	0.
2384.	-0.430522076313556	0.	0.4637061748313007	0.
2385.	-0.32697464684715805	0.	-0.6574220221333258	0.
2386.	-0.15777959883665377	0.	-0.6007368102526823	0.
2387.	-0.025568378028976768	0.	0.6468945803042432	0.
2388.	-0.010538536863391124	0.	0.8501805833429439	0.
2389.	-0.12180697531107963	0.	-0.35950220964784513	0.
2390.	-0.29187975168574964	0.	-0.8033346603193604	0.
2391.	-0.4175930019939947	0.	0.2281971133691244	0.
2392.	-0.42269075550580454	0.	0.7109076782000044	0.
2393.	-0.3040807833470722	0.	-0.30073658710459306	0.
2394.	-0.13371030303662287	0.	-0.893554046843565	0.
2395.	-0.01492376178350735	0.	0.1331277395719948	0.
2396.	-0.01977548155005953	0.	0.9894745080881291	0.
2397.	-0.1453224742302463	0.	0.16596909698104192	0.
2398.	-0.31540961874063134	0.	-0.7996900154974591	0.
2399.	-0.426864335569194	0.	-0.18382348164780754	0.
2400.	-0.41207968906422343	0.	0.753129874481359	0.
2401.	-0.28002384740438807	0.	0.16364993529859198	0.
2402.	-0.11080011212436139	0.	-0.9032686605088227	0.
2403.	-0.007057330283547769	0.	-0.42979781541278644	0.
2404.	-0.031724481253251335	0.	0.8041095209196616	0.
2405.	-0.1698388022560273	0.	0.6232480831861918	0.
2406.	-0.3376219994864646	0.	-0.5556825618896386	0.
2407.	-0.4332990369352863	0.	-0.5364153134301719	0.
2408.	-0.3988335075470176	0.	0.5726228694947648	0.
2409.	-0.255131738966312	0.	0.5939787606228186	0.
2410.	-0.08936129572438115	0.	-0.617287510314818	0.
2411.	-0.0020763042682087063	0.	-0.8547275613517321	0.
2412.	-0.04622266916473855	0.	0.3597874250592842	0.
2413.	-0.19502179785448834	0.	0.8701254379998211	0.
2414.	-0.3582141355644788	0.	-0.1544170657932563	0.
2415.	-0.4368094000673991	0.	-0.7306217124649107	0.
2416.	-0.3831327585616594	0.	0.21559716207091145	0.
2417.	-0.2297437415142161	0.	0.8514743518428612	0.
2418.	-0.06968606838674346	0.	-0.12147094637010566	0.
2419.	-0.000048575931825096605	0.	-0.9992957124061999	0.
2420.	-0.06307243262915019	0.	-0.19340056224945892	0.
2421.	-0.22052821270433604	0.	0.8371755558988827	0.
2422.	-0.376905352813907	0.	0.2791975929448816	0.
2423.	-0.4373475781448222	0.	-0.712849091847971	0.
2424.	-0.3651914458672669	0.	-0.21764684362686293	0.
2425.	-0.20420589757994406	0.	0.8456522189183077	0.
2426.	-0.0520426066569073	0.	0.4251324170079752	0.
2427.	-0.0010017835404722009	0.	-0.8147226068475732	0.
2428.	-0.08204410663229719	0.	-0.6729331074783707	0.
2429.	-0.24601039022542587	0.	0.545993779854002	0.
2430.	-0.39344088690708306	0.	0.6172755105098433	0.
2431.	-0.4349062357146394	0.	-0.4884367950472396	0.
2432.	-0.3452541124721769	0.	-0.5990163773488018	0.
2433.	-0.17886629212391958	0.	0.5670969061154464	0.
2434.	-0.03667139378578452	0.	0.8418446228368801	0.
2435.	-0.004922934720968525	0.	-0.36267857621147587	0.
2436.	-0.10287910417325764	0.	-0.9252419736690036	0.
2437.	-0.2711210041985823	0.	0.09737773156695743	0.
2438.	-0.4075953558274405	0.	0.7655122003655146	0.
2439.	-0.4295186486694027	0.	-0.12008432987255613	0.
2440.	-0.32359250746858237	0.	-0.8093941599248412	0.
2441.	-0.1540703080868422	0.	0.0954447982979034	0.
2442.	-0.023781941903107943	0.	0.9872614986306016	0.
2443.	-0.011758583543519052	0.	0.205783975832809	0.
2444.	-0.12529344085228	0.	-0.8753821573072047	0.
2445.	-0.29551779287504215	0.	-0.3645785605422936	0.
2446.	-0.4191758318631754	0.	0.6875743411404014	0.
2447.	-0.42125825069628325	0.	0.2884153427190478	0.
2448.	-0.3005018820532338	0.	-0.775846132372622	0.
2449.	-0.1301559187599584	0.	-0.42218460950882974	0.
2450.	-0.013549936329993573	0.	0.808470019444445	0.
2451.	-0.02141555900563033	0.	0.7018390428386512	0.
2452.	-0.1489816056177818	0.	-0.5487088997650278	0.
2453.	-0.31886822406077425	0.	-0.6992772192229118	0.
2454.	-0.4280244712451966	0.	0.41197573687741207	0.
2455.	-0.410237632362314	0.	0.6195439813024539	0.
2456.	-0.27629696520222025	0.	-0.49764563150427804	0.
2457.	-0.10744908115547733	0.	-0.8170549864370276	0.
2458.	-0.0061148409672630855	0.	0.36093935658591286	0.
2459.	-0.03376223496217474	0.	0.9629279374040629	0.
2460.	-0.1736207249342756	0.	-0.05856753277578858	0.
2461.	-0.34085402758558736	0.	-0.8118779360386601	0.
2462.	-0.43402066558031926	0.	0.021298913774842443	0.
2463.	-0.3966070064850259	0.	0.7742456204381015	0.
2464.	-0.2513076738646785	0.	-0.05152919247250903	0.
2465.	-0.08625929315936404	0.	-0.954688312010821	0.
2466.	-0.0015779973715330242	0.	-0.20863742319686399	0.
2467.	-0.048630324213806114	0.	0.9069565082187434	0.
2468.	-0.19887496360316007	0.	0.43418808779185536	0.
2469.	-0.36117553337407465	0.	-0.6785692633717869	0.
2470.	-0.437082685765402	0.	-0.37203056163905945	0.
2471.	-0.38055216071090747	0.	0.7009070918061606	0.
2472.	-0.22587461614260265	0.	0.42771466794968355	0.
2473.	-0.06687537502561264	0.	-0.7818720709310841	0.
2474.	-1.2434592311372228e-6	0.	-0.7112663476105321	0.
2475.	-0.06581717228729943	0.	0.5581830323499153	0.
2476.	-0.22440010224731052	0.	0.7749241194827221	0.
2477.	-0.379555756001202	0.	-0.3489088005453236	0.
2478.	-0.43716879596821556	0.	-0.6565536682351464	0.
2479.	-0.36229192519559505	0.	0.41295815408558545	0.
2480.	-0.20034444874481055	0.	0.7873054131988614	0.
2481.	-0.04956153270637906	0.	-0.3478693444482747	0.
2482.	-0.0014060706410210025	0.	-0.9796651193774992	0.
2483.	-0.08508851965205644	0.	0.03659974008841664	0.
2484.	-0.24984822908000748	0.	0.8638543825232353	0.
2485.	-0.39574417004596424	0.	0.07321114170850901	0.
2486.	-0.43427782249205116	0.	-0.7514799765283777	0.
2487.	-0.3420751899173191	0.	-0.011070258388067494	0.
2488.	-0.17506515200104988	0.	0.9055815247720207	0.
2489.	-0.03455375668789451	0.	0.2088532578300632	0.
2490.	-0.005773330894048523	0.	-0.9251342475279152	0.
2491.	-0.10618169471180641	0.	-0.484510142386118	0.
2492.	-0.274872481997099	0.	0.6842299460049377	0.
2493.	-0.40952012479354155	0.	0.46243110247910424	0.
2494.	-0.4284491697762864	0.	-0.6282982386984675	0.
2495.	-0.3201775122619468	0.	-0.44695656143536716	0.
2496.	-0.15038128683415003	0.	0.7341977123487942	0.
2497.	-0.022056605393594247	0.	0.7051832540971306	0.
2498.	-0.013043497753266312	0.	-0.5674479782236888	0.
2499.	-0.1288091940630347	0.	-0.83735420794729	0.
2500.	-0.29913177636601646	0.	0.30262168331780265	0.
2501.	-0.4206958517437305	0.	0.708171190168705	0.
2502.	-0.4197622833032631	0.	-0.31917143937521897	0.
2503.	-0.29689736113379184	0.	-0.759901608366223	0.
2504.	-0.12662929833588607	0.	0.31834372212822803	0.
2505.	-0.012240417028423274	0.	0.9746999865528236	0.
2506.	-0.023117477662110753	0.	-0.02744695158006771	0.
2507.	-0.15266260121344538	0.	-0.914299651486582	0.
2508.	-0.32229545406207116	0.	-0.1565714415400239	0.
2509.	-0.42911902392126783	0.	0.7442400337383497	0.
2510.	-0.4083355667478814	0.	0.09027702276592445	0.
2511.	-0.27255204877582345	0.	-0.8460307828679046	0.
2512.	-0.10413292996939832	0.	-0.213628065310973	0.
2513.	-0.005238987831940711	0.	0.9247728780612038	0.
2514.	-0.03585796063708378	0.	0.5148011540172551	0.
2515.	-0.17741679034663937	0.	-0.7003381160357166	0.
2516.	-0.3440477903945481	0.	-0.5523168474587886	0.
2517.	-0.43467483212165325	0.	0.5647696746272349	0.
2518.	-0.39432476811320993	0.	0.4828036930357751	0.
2519.	-0.2474734057510834	0.	-0.6675912254882248	0.
2520.	-0.08319881089130282	0.	-0.689605794832561	0.
2521.	-0.001147748424442041	0.	0.5692878363034757	0.
2522.	-0.051091291825632906	0.	0.8813657315729292	0.
2523.	-0.20273435784420046	0.	-0.2737234003803988	0.
2524.	-0.36409229748558314	0.	-0.7699279684521287	0.
2525.	-0.4372875497760097	0.	0.22362596569964366	0.
2526.	-0.3779208568609119	0.	0.7413904610050814	0.
2527.	-0.22200325803939489	0.	-0.26961439714258806	0.
2528.	-0.06411227654503501	0.	-0.9501521120522454	0.
2529.	-0.000022463062912980725	0.	0.025076533904581023	0.
2530.	-0.06860983844802279	0.	0.9558757101441622	0.
2531.	-0.2282702211465293	0.	0.22359952812828476	0.
2532.	-0.38215576544599994	0.	-0.7528843186808749	0.
2533.	-0.4369215651179984	0.	-0.18143418314100848	0.
2534.	-0.3593474209671776	0.	0.7832905005730846	0.
2535.	-0.19648876789146014	0.	0.22934678235341763	0.
2536.	-0.047133479496258235	0.	-0.9031399465104873	0.
2537.	-0.0018784695689522332	0.	-0.527180043926291	0.
2538.	-0.08817481986861078	0.	0.7207123083254661	0.
2539.	-0.2536763222874844	0.	0.6342354141983046	0.
2540.	-0.39799198627259974	0.	-0.5153483524873935	0.
2541.	-0.4335818665779017	0.	-0.5353506440457092	0.
2542.	-0.3388576193800915	0.	0.5867636955215049	0.
2543.	-0.1712777019539095	0.	0.6716681181115388	0.
2544.	-0.032493843506304285	0.	-0.5573531213708636	0.
2545.	-0.006690470272603749	0.	-0.904192345843281	0.
2546.	-0.10951956220969594	0.	0.2599750919766124	0.
2547.	-0.2786063719801559	0.	0.8354280056898414	0.
2548.	-0.4113851097023269	0.	-0.13377471075015562	0.
2549.	-0.42731397478996935	0.	-0.7365587546855257	0.
2550.	-0.3167307314265887	0.	0.20175088976979982	0.
2551.	-0.1467136911529629	0.	0.9106880442622585	0.
2552.	-0.0203929091935256	0.	-0.02239052699005027	0.
2553.	-0.014392876823089651	0.	-0.9821607672510353	0.
2554.	-0.1323531331666415	0.	-0.2715665437334658	0.
2555.	-0.30272056959819704	0.	0.774935125872442	0.
2556.	-0.42215258528665733	0.	0.2779867021746999	0.
2557.	-0.41820332213735534	0.	-0.7246850086151854	0.
2558.	-0.29326835018292463	0.	-0.2605903674749609	0.
2559.	-0.1231315469460652	0.	0.8603368696684145	0.
2560.	-0.010995614257086915	0.	0.526284501126157	0.
2561.	-0.02488070416751237	0.	-0.738158167794599	0.
2562.	-0.15636430745588553	0.	-0.7016924767744197	0.
2563.	-0.3256902347079795	0.	0.4825905709105733	0.
2564.	-0.43014765058434223	0.	0.6018605193715472	0.
2565.	-0.40637408829639554	0.	-0.49829602287955044	0.
2566.	-0.2687902717182428	0.	-0.658524213601162	0.
2567.	-0.10085269779130138	0.	0.5271442772353636	0.
2568.	-0.004430045355683004	0.	0.9059099262036562	0.
2569.	-0.038011001514146214	0.	-0.25665164372089244	0.
2570.	-0.18122580887220158	0.	-0.8973085398417412	0.
2571.	-0.3472022870429159	0.	0.05607557866530616	0.
2572.	-0.4352613315551479	0.	0.7477003054115672	0.
2573.	-0.39198750764540913	0.	-0.11765401020976346	0.
2574.	-0.2436301362191498	0.	-0.8628101158932295	0.
2575.	-0.08018080802096067	0.	0.012327315216629116	0.
2576.	-0.0007856922598744598	0.	0.9886240543966426	0.
2577.	-0.0536048007773994	0.	0.3005866786042958	0.
2578.	-0.20659877111030817	0.	-0.8054583277214974	0.
2579.	-0.366963513834079	0.	-0.3724519795478689	0.
2580.	-0.4374239278980592	0.	0.6765044630608202	0.
2581.	-0.3752396716176767	0.	0.3094176715640302	0.
2582.	-0.2181308804205852	0.	-0.7992940674527765	0.
2583.	-0.06139763885333144	0.	-0.5185457335049187	0.
2584.	-0.00011222809383543142	0.	0.7455736510717305	0.
2585.	-0.07144955593913388	0.	0.7501175463027646	0.
2586.	-0.23213735657215107	0.	-0.4662104437461233	0.
2587.	-0.384704566349779	0.	-0.6771629094250007	0.
2588.	-0.43660596307267713	0.	0.4096591724371016	0.
2589.	-0.3563588559385261	0.	0.6562477462114501	0.
2590.	-0.19264006332361241	0.	-0.47671528634202787	0.
2591.	-0.04475920793479149	0.	-0.8894133482378271	0.
2592.	-0.002418832283353878	0.	0.2572811773510695	0.
2593.	-0.09130204008800684	0.	0.9483487087734246	0.
2594.	-0.2574934701891564	0.	0.004964752469211131	0.
2595.	-0.40018363116022615	0.	-0.7742627488048514	0.
2596.	-0.432818586072676	0.	0.022640169861644244	0.
2597.	-0.33560240919375245	0.	0.8138681154393772	0.
2598.	-0.16750512890466912	0.	0.011042177941757596	0.
2599.	-0.03049229978303522	0.	-0.9733150935130155	0.
2600.	-0.0076740654399996	0.	-0.3135753935696287	0.
2601.	-0.11289166063746564	0.	0.8378173046555154	0.
2602.	-0.2823215040120096	0.	0.45753151221308336	0.
2603.	-0.41318972609928467	0.	-0.6430590195237904	0.
2604.	-0.4261134194613362	0.	-0.37503054944854847	0.
2605.	-0.3132532451252018	0.	0.7253381064165131	0.
2606.	-0.14306867040580126	0.	0.5111918102939419	0.
2607.	-0.01879137467400216	0.	-0.7370413855799197	0.
2608.	-0.015806297880841147	0.	-0.7775387338540025	0.
2609.	-0.13592414755434717	0.	0.4631406645148851	0.
2610.	-0.30628304790577926	0.	0.7544221412722614	0.
2611.	-0.42354557597725595	0.	-0.3281002597069955	0.
2612.	-0.41658185575002066	0.	-0.6688969797927697	0.
2613.	-0.28961598647041037	0.	0.40699054497398235	0.
2614.	-0.11966376072589566	0.	0.8599667985194793	0.
2615.	-0.009815918117512312	0.	-0.2546501312681391	0.
2616.	-0.026704685957059885	0.	-0.9825580308823433	0.
2617.	-0.1600855642967749	0.	-0.04745056003210053	0.
2618.	-0.3290515021342325	0.	0.8129275881595408	0.
2619.	-0.431110028879055	0.	0.07634067986164678	0.
2620.	-0.40435381170031215	0.	-0.7709437900952503	0.
2621.	-0.2650128129046618	0.	-0.051590183960026556	0.
2622.	-0.09760941258744645	0.	0.9371628590706584	0.
2623.	-0.0036882670459333355	0.	0.31578283703199356	0.
2624.	-0.04022068286682742	0.	-0.864686580910013	0.
2625.	-0.1850465868297872	0.	-0.5271950593753308	0.
2626.	-0.3503165289659634	0.	0.6260347585483685	0.
2627.	-0.4357799800825236	0.	0.4538731010095685	0.
2628.	-0.38959595753981763	0.	-0.64539649396069	0.
2629.	-0.2397790696825045	0.	-0.5111308919911575	0.
2630.	-0.07720623033902416	0.	0.7087423888941669	0.
2631.	-0.0004919423388207722	0.	0.7848641729463335	0.
2632.	-0.0561700633783468	0.	-0.46801628821898905	0.
2633.	-0.21046699236125022	0.	-0.8261593027760478	0.
2634.	-0.369788282631291	0.	0.25956342799422305	0.
2635.	-0.4374917773935261	0.	0.6978867184996758	0.
2636.	-0.3725094452179695	0.	-0.3216468517689691	0.
2637.	-0.21425869682424287	0.	-0.8243958840048182	0.
2638.	-0.0587323126692581	0.	0.24192134920719888	0.
2639.	-0.0002705104211804584	0.	0.9960795655720641	0.
2640.	-0.07433543484168692	0.	0.07236035917152966	0.
2641.	-0.23600029663244715	0.	-0.8581113697780104	0.
2642.	-0.38720135996232763	0.	-0.1717348970903026	0.
2643.	-0.43622208873645707	0.	0.7397774403347518	0.
2644.	-0.35332716667460784	0.	0.11052000254027532	0.
2645.	-0.18879954115774822	0.	-0.8838394311502883	0.
2646.	-0.042439462078742884	0.	-0.3139733331321378	0.
2647.	-0.003026989445325895	0.	0.8791713405787324	0.
2648.	-0.0944692002939192	0.	0.577572884012331	0.
2649.	-0.26129847655762223	0.	-0.6242490576152753	0.
2650.	-0.40231841788661704	0.	-0.5401500558185113	0.
2651.	-0.4319882201741599	0.	0.5669607402673642	0.
2652.	-0.33231057948256526	0.	0.5238838664334742	0.
2653.	-0.1637486151116756	0.	-0.6595524532813861	0.
2654.	-0.028549752766834136	0.	-0.7757274589206897	0.
2655.	-0.008723808154891627	0.	0.47400806349420904	0.
2656.	-0.11629693323893797	0.	0.8853730137159954	0.
2657.	-0.28601671383350213	0.	-0.2078091886886328	0.
2658.	-0.4149334084485221	0.	-0.741762604552591	0.
2659.	-0.42484788002343166	0.	0.22657834236320326	0.
2660.	-0.30974614314077786	0.	0.7900441549396503	0.
2661.	-0.13944736687836018	0.	-0.2136954466769592	0.
2662.	-0.017252503729365362	0.	-0.9877707322456188	0.
2663.	-0.017283317984588542	0.	-0.08337386962648385	0.
2664.	-0.1395211181307779	0.	0.9028119478298181	0.
2665.	-0.3098180948707265	0.	0.25650660545303045	0.
2666.	-0.424874387276698	0.	-0.7238994749233436	0.
2667.	-0.41489839228093484	0.	-0.18615908994030772	0.
2668.	-0.2859414145827542	0.	0.819208812668538	0.
2669.	-0.11622702641937191	0.	0.31537551991314483	0.
2670.	-0.008701698306154998	0.	-0.8758629284521109	0.
2671.	-0.02858885142647577	0.	-0.6075207625162418	0.
2672.	-0.16382520555683602	0.	0.6338424911702832	0.
2673.	-0.33237820297737825	0.	0.6266857145527056	0.
2674.	-0.4320058572140607	0.	-0.496964980164988	0.
2675.	-0.40227537007995773	0.	-0.552728410172087	0.
2676.	-0.2612208561261734	0.	0.5912306474203818	0.
2677.	-0.09440409074970957	0.	0.755920612856066	0.
2678.	-0.0030138853649455746	0.	-0.4738788060910747	0.
2679.	-0.042486312220721134	0.	-0.9265889307780826	0.
2680.	-0.18887792685492627	0.	0.17386578074106157	0.
2681.	-0.35338954021447005	0.	0.7964120556637331	0.
2682.	-0.4362306151674252	0.	-0.12902548242091047	0.
2683.	-0.3871508672652582	0.	-0.7636523984694819	0.
2684.	-0.2359214129994907	0.	0.16685433022212937	0.
2685.	-0.074276010026701	0.	0.959373672192172	0.
2686.	-0.00026659071927170874	0.	0.08628900339395262	0.
2687.	-0.058786275718868776	0.	-0.9396714343502001	0.
2688.	-0.2143378093635433	0.	-0.3251806746996784	0.
2689.	-0.3725657186426242	0.	0.724098690886465	0.
2690.	-0.4374910769985202	0.	0.2741887983769049	0.
2691.	-0.3697310332674233	0.	-0.7504445243032922	0.
2692.	-0.21038792072417273	0.	-0.3265625153759708	0.
2693.	-0.05611713326107809	0.	0.851670148995089	0.
2694.	-0.0004972604417894377	0.	0.6187721042881821	0.
2695.	-0.07726657077144206	0.	-0.6488780996634644	0.
2696.	-0.2398578307478442	0.	-0.7059931837035619	0.
2697.	-0.3896453638322688	0.	0.44075025579157906	0.
2698.	-0.43577006240889454	0.	0.5981844108132188	0.
2699.	-0.3502533032538269	0.	-0.5081712738540701	0.
2700.	-0.18496840494768205	0.	-0.7325006607781459	0.
2701.	-0.040174968895375425	0.	0.46110245891384727	0.
2702.	-0.0037027504674027045	0.	0.9466787829061023	0.
2703.	-0.0976753079526464	0.	-0.15589572431041843	0.
2704.	-0.26509014896944694	0.	-0.8556798678746966	0.
2705.	-0.40439567744556115	0.	0.03650020364705192	0.
2706.	-0.43109102910595015	0.	0.7503307739338444	0.
2707.	-0.32898316185023113	0.	-0.1010587983621194	0.
2708.	-0.16000933780068777	0.	-0.9152493135562557	0.
2709.	-0.02666681121887865	0.	-0.08811741782621893	0.
2710.	-0.009839369445452911	0.	0.9620945466940749	0.
2711.	-0.11973431285889678	0.	0.3746490513162708	0.
2712.	-0.28969084343042983	0.	-0.7383079455258384	0.
2713.	-0.41661561031082917	0.	-0.36827598673332335	0.
2714.	-0.4235177530746985	0.	0.6849498439593732	0.
2715.	-0.30621052453949144	0.	0.3524321047425344	0.
2716.	-0.1358509154242142	0.	-0.8063001916968933	0.
2717.	-0.015776778615320203	0.	-0.6156541707057888	0.
2718.	-0.01882347426309028	0.	0.6622570526553216	0.
2719.	-0.14314291766952658	0.	0.771391728590916	0.
2720.	-0.3133246026693043	0.	-0.40127155970132417	0.
2721.	-0.42613860275773147	0.	-0.6579188864757894	0.
2722.	-0.413153459297258	0.	0.4167568563162076	0.
2723.	-0.28224578606777523	0.	0.7127054390468296	0.
2724.	-0.11282242103994665	0.	-0.4308759694846634	0.
2725.	-0.007653303999683475	0.	-0.9453246995619494	0.
2726.	-0.030532610110886982	0.	0.1494977423225017	0.
2727.	-0.1675820592970034	0.	0.9122951035180225	0.
2728.	-0.335669294707016	0.	0.04432980202705805	0.
2729.	-0.4328348548519524	0.	-0.7527797690091755	0.
2730.	-0.4001394147825095	0.	0.018824640145178706	0.
2731.	-0.2574155897153682	0.	0.8617154961410554	0.
2732.	-0.09123773676832142	0.	0.09599595164108998	0.
2733.	-0.0024071116498974587	0.	-0.9652526543748573	0.
2734.	-0.0448071795650469	0.	-0.4046181718197551	0.
2735.	-0.19271862827085093	0.	0.7619245502695506	0.
2736.	-0.356420357760418	0.	0.46101074373570333	0.
2737.	-0.4366130955884493	0.	-0.6292444987824617	0.
2738.	-0.384653003071435	0.	-0.39544176392648583	0.
2739.	-0.2320583750927816	0.	0.7423161705815896	0.
2740.	-0.07139106536350356	0.	0.604411521386639	0.
2741.	-0.00010970802057957973	0.	-0.6668117193998897	0.
2742.	-0.06145261792516987	0.	-0.8180027655613692	0.
2743.	-0.2182100090704867	0.	0.37866789945644624	0.
2744.	-0.37529495146781955	0.	0.7270848828983341	0.
2745.	-0.43742182693378606	0.	-0.32441026572752146	0.
2746.	-0.3669053064718381	0.	-0.7028431798703614	0.
2747.	-0.20651976515494835	0.	0.380870376572468	0.
2748.	-0.05355292018110329	0.	0.9250584115324472	0.
2749.	-0.0007924070964162588	0.	-0.1483981616552107	0.
2750.	-0.08024204516062475	0.	-0.9589686468954096	0.
2751.	-0.24370875003433345	0.	-0.10862841885666752	0.
2752.	-0.39203581205110055	0.	0.7708781965521754	0.
2753.	-0.4352500257472191	0.	0.07483439699732758	0.
2754.	-0.34713822897249524	0.	-0.8060895858572154	0.
2755.	-0.18114785530580985	0.	-0.11607919792949353	0.
2756.	-0.037966438038792516	0.	0.9468211658754995	0.
2757.	-0.00444590357779466	0.	0.41762965082001635	0.
2758.	-0.10091935832601098	0.	-0.788516749282526	0.
2759.	-0.2688672991795708	0.	-0.5450080156229787	0.
2760.	-0.4064147588597873	0.	0.5879867036936289	0.
2761.	-0.4301272940317019	0.	0.45521466455704984	0.
2762.	-0.32562119905099607	0.	-0.6647625037652902	0.
2763.	-0.15628846879789365	0.	-0.5922394103267843	0.
2764.	-0.024844065219695677	0.	0.6564102377945334	0.
2765.	-0.011020399714742168	0.	0.8434734256143345	0.
2766.	-0.12320272228263957	0.	-0.3702605587397105	0.
2767.	-0.29334274139439326	0.	-0.7990429758193434	0.
2768.	-0.41823580451316045	0.	0.23848974184099758	0.
2769.	-0.42212345545345553	0.	0.7073244053011825	0.
2770.	-0.3026474973219036	0.	-0.31160706660575094	0.
2771.	-0.13228044310971832	0.	-0.8908694060356408	0.
2772.	-0.014364661798513423	0.	0.145426806537982	0.
2773.	-0.020426284056072462	0.	0.9894949095559967	0.
2774.	-0.1467884111600961	0.	0.15410034204758546	0.
2775.	-0.3168014724236748	0.	-0.8017007546168435	0.
2776.	-0.42733782623797195	0.	-0.17314267767492603	0.
2777.	-0.4113476036322675	0.	0.75558084301136	0.
2778.	-0.2785302590718282	0.	0.15258133009266403	0.
2779.	-0.10945101153142167	0.	-0.9073383528846892	0.
2780.	-0.00667106374639749	0.	-0.418651183577575	0.
2781.	-0.03253535287017162	0.	0.8108090589717132	0.
2782.	-0.17135494818536975	0.	0.6140060586160287	0.
2783.	-0.33892374595204044	0.	-0.5632788994335858	0.
2784.	-0.43359676199873576	0.	-0.5285765129859693	0.
2785.	-0.39794661517994545	0.	0.5804149286198093	0.
2786.	-0.25359820617786977	0.	0.5861738620563759	0.
2787.	-0.08811134292578657	0.	-0.6269049243442798	0.
2788.	-0.0018681360544470227	0.	-0.8483179551899044	0.
2789.	-0.04718255758117493	0.	0.3709797547995029	0.
2790.	-0.19656748746839936	0.	0.866355947999625	0.
2791.	-0.35940803179637826	0.	-0.16519440327849982	0.
2792.	-0.43692730148417186	0.	-0.7279830608829088	0.
2793.	-0.3821031477458263	0.	0.2264020331219876	0.
2794.	-0.22819116657112257	0.	0.8494415179242701	0.
2795.	-0.06855230044214855	0.	-0.13362922841959407	0.
2796.	-0.000021343408131001924	0.	-0.9996905328244547	0.
2797.	-0.06416825440984997	0.	-0.18131467684274483	0.
2798.	-0.22208237800109315	0.	0.8399624879264229	0.
2799.	-0.3779751258134284	0.	0.2685661817188551	0.
2800.	-0.43728404890039063	0.	-0.7162006014494915	0.
2801.	-0.36403315036622497	0.	-0.20711264905728588	0.
2802.	-0.20265544232988833	0.	0.8501311457853669	0.
2803.	-0.05104047700836317	0.	0.4142998148345752	0.
2804.	-0.001155857891180334	0.	-0.8217969273337451	0.
2805.	-0.08326092554760703	0.	-0.6637951162679058	0.
2806.	-0.24755184768019173	0.	0.5543624920497875	0.
2807.	-0.39437195549348014	0.	0.6100177008290799	0.
2808.	-0.434662141721513	0.	-0.496768900001552	0.
2809.	-0.3439829200408315	0.	-0.5920069014964376	0.
2810.	-0.1773390895251178	0.	0.5767805592704792	0.
2811.	-0.03581456162323429	0.	0.8358252034828338	0.
2812.	-0.0052562158859784935	0.	-0.3741548868060944	0.
2813.	-0.1042003347842854	0.	-0.9219057563573305	0.
2814.	-0.27262874349554794	0.	0.1086462449187379	0.
2815.	-0.40837502938502784	0.	0.7637899281740378	0.
2816.	-0.42909731696945347	0.	-0.13088651974753923	0.
2817.	-0.3222257446667404	0.	-0.8081338133164029	0.
2818.	-0.15258717415866124	0.	0.1073464284067148	0.
2819.	-0.023082085987155845	0.	0.9880276636995261	0.
2820.	-0.012266528848204172	0.	0.1935938824030593	0.
2821.	-0.1267010745712554	0.	-0.878822708753182	0.
2822.	-0.29697126328296286	0.	-0.35393125550861326	0.
2823.	-0.41979348331470434	0.	0.6918556084076185	0.
2824.	-0.4206654241085188	0.	0.27841159981351216	0.
2825.	-0.2990581780797473	0.	-0.780819135079467	0.
2826.	-0.12873706885833167	0.	-0.41181550663642735	0.
2827.	-0.013016595811507159	0.	0.8158215455138651	0.
2828.	-0.02209124507165866	0.	0.6928354803597666	0.
2829.	-0.1504564561674705	0.	-0.5577478668398371	0.
2830.	-0.3202476145420403	0.	-0.6925107073715059	0.
2831.	-0.42847168190068297	0.	0.42091981173485377	0.
2832.	-0.4094813912097367	0.	0.6133915912734418	0.
2833.	-0.2747959979768311	0.	-0.5074041169020514	0.
2834.	-0.10611385443592464	0.	-0.8115462815417327	0.
2835.	-0.0057552853636443635	0.	0.37254839784329824	0.
2836.	-0.034596452079409326	0.	0.9599633449616335	0.
2837.	-0.17514268986313297	0.	-0.07028784040087456	0.
2838.	-0.3421405368227239	0.	-0.811001828855023	0.
2839.	-0.4342913398859954	0.	0.03217670294716324	0.
2840.	-0.39569765845724797	0.	0.7738604170125145	0.
2841.	-0.2497699018152627	0.	-0.0630981603033065	0.
2842.	-0.08502588897892435	0.	-0.9558657192965269	0.
2843.	-0.0013971274844064574	0.	-0.19648499328509492	0.
2844.	-0.0496117018669231	0.	0.9109263880980454	0.
2845.	-0.20042329828128663	0.	0.42348893913950814	0.
2846.	-0.3623516260383711	0.	-0.6837620785179566	0.
2847.	-0.43717313438676336	0.	-0.3625129978213094	0.
2848.	-0.3795021003693495	0.	0.706472009625582	0.
2849.	-0.22432099935095381	0.	0.417940824359458	0.
2850.	-0.06576060488243446	0.	-0.7894416860699567	0.
2851.	-1.5245736624813766e-6	0.	-0.7024712227054238	0.
2852.	-0.06693233413995359	0.	0.5677598998635938	0.
2853.	-0.2259537026217201	0.	0.7685587872920392	0.
2854.	-0.38060540175754803	0.	-0.3585048922499045	0.
2855.	-0.4370777860754959	0.	-0.6512727263573006	0.
2856.	-0.36111546503378616	0.	0.42283798316047266	0.
2857.	-0.19879616326111516	0.	0.78244017694509	0.
2858.	-0.0485805910999019	0.	-0.35947630630009764	0.
2859.	-0.001587498926505601	0.	-0.9770490103096572	0.
2860.	-0.08632226586660358	0.	0.048687062437431566	0.
2861.	-0.2513859193255024	0.	0.8637240040397188	0.
2862.	-0.3966530620520723	0.	0.06218167760751586	0.
2863.	-0.4340065945652184	0.	-0.7520392641732618	0.
2864.	-0.34078836527783307	0.	0.0001357052502553857	0.
2865.	-0.17354330120790035	0.	0.9072464733959137	0.
2866.	-0.03372001401006808	0.	0.19689343384725547	0.
2867.	-0.006133433453327369	0.	-0.9295249909697773	0.
2868.	-0.10751720912687047	0.	-0.47376345432065325	0.
2869.	-0.276373303144843	0.	0.6902693475128838	0.
2870.	-0.41027587470487076	0.	0.45332701624141825	0.
2871.	-0.4280014206961882	0.	-0.6345482438417439	0.
2872.	-0.31879786277357836	0.	-0.4378768030561003	0.
2873.	-0.14890661380436485	0.	0.7419702364297062	0.
2874.	-0.02138142569428067	0.	0.6967072331973931	0.
2875.	-0.013577366329877397	0.	-0.5774161411904847	0.
2876.	-0.13022827340059162	0.	-0.8313168800073583	0.
2877.	-0.30057527198031436	0.	0.3128672639780142	0.
2878.	-0.42128815856547375	0.	0.7037296189110124	0.
2879.	-0.4191441159621453	0.	-0.32924493318349063	0.
2880.	-0.2954436916438789	0.	-0.7558070036435764	0.
2881.	-0.12522190310333903	0.	0.3298453096393526	0.
2882.	-0.011733003115208245	0.	0.9724528014334908	0.
2883.	-0.023817835540204446	0.	-0.03977837347921428	0.
2884.	-0.15414590319102925	0.	-0.9148003550006729	0.
2885.	-0.32366194906334944	0.	-0.1453336858479572	0.
2886.	-0.42953981441532285	0.	0.7457692938454392	0.
2887.	-0.40755540686718605	0.	0.07941983864189855	0.
2888.	-0.2710441730354559	0.	-0.8482835530420212	0.
2889.	-0.10281199555989712	0.	-0.20201093688116367	0.
2890.	-0.004906255840852358	0.	0.9295066705604651	0.
2891.	-0.03671526182557701	0.	0.5040561869985265	0.
2892.	-0.17894409731784253	0.	-0.7071198563027539	0.
2893.	-0.34531865923392835	0.	-0.5435411567032632	0.
2894.	-0.43491837084516627	0.	0.5717760337906772	0.
2895.	-0.3933932493989788	0.	0.47447349475622835	0.
2896.	-0.24593187635154135	0.	-0.6755939693707049	0.
2897.	-0.08198234185463565	0.	-0.6815834580225695	0.
2898.	-0.0009942335449632522	0.	0.5795043627877784	0.
2899.	-0.05209385116904924	0.	0.8756147150505491	0.
2900.	-0.20428485236621602	0.	-0.28456894322369297	0.
2901.	-0.36525021801423696	0.	-0.766254874131862	0.
2902.	-0.4373505172567371	0.	0.23397508374473097	0.
2903.	-0.37685067606477535	0.	0.7381707855356472	0.
2904.	-0.2204490862766429	0.	-0.28094902038637504	0.
2905.	-0.06301685355284062	0.	-0.9483360173182575	0.
2906.	-0.00005025772832173425	0.	0.037503995321478655	0.
2907.	-0.0697439909004906	0.	0.9568964790381608	0.
2908.	-0.22982276972717455	0.	0.2121306364507607	0.
2909.	-0.38318495501880656	0.	-0.7553609347734688	0.
2910.	-0.4368031030984379	0.	-0.17087481660045925	0.
2911.	-0.35815316482671183	0.	0.7862389703711008	0.
2912.	-0.19494313737964591	0.	0.21820031839111875	0.
2913.	-0.046174033341023296	0.	-0.9081794848611019	0.
2914.	-0.0020871949334598794	0.	-0.5165287706475022	0.
2915.	-0.08942510674727958	0.	0.7281059854357385	0.
2916.	-0.2552097634373598	0.	0.625708416590234	0.
2917.	-0.3988784168685571	0.	-0.5231462408422703	0.
2918.	-0.43328358971536657	0.	-0.5277780856277906	0.
2919.	-0.3375555658017936	0.	0.5950583259424523	0.
2920.	-0.16976167988785354	0.	0.6642413474146011	0.
2921.	-0.03168345159516482	0.	-0.567695910222077	0.
2922.	-0.007077281375627381	0.	-0.8987269245623566	0.
2923.	-0.11086894190217478	0.	0.27132660814646264	0.
2924.	-0.28009980464836354	0.	0.8324268990465832	0.
2925.	-0.41211669912859983	0.	-0.14447328825498856	0.
2926.	-0.426839948646064	0.	-0.7342813254582288	0.
2927.	-0.3153386276105637	0.	0.2129024405728347	0.
2928.	-0.14524794115982045	0.	0.9093984215968788	0.
2929.	-0.01974261729968052	0.	-0.03475758979681817	0.
2930.	-0.01495250136643472	0.	-0.9836111759362677	0.
2931.	-0.13378321340794688	0.	-0.2598866256580755	0.
2932.	-0.304153638052862	0.	0.7782911226205427	0.
2933.	-0.4227193618603062	0.	0.26765080414601133	0.
2934.	-0.417560007765863	0.	-0.7284267977563389	0.
2935.	-0.2918051707313493	0.	-0.25000640590560597	0.
2936.	-0.12173604743599911	0.	0.8656887697849549	0.
2937.	-0.01051428596516088	0.	0.5158527394497235	0.
2938.	-0.02560551437705022	0.	-0.7460240397410638	0.
2939.	-0.1578555960205995	0.	-0.6933566111855818	0.
2940.	-0.3270434059942563	0.	0.49117010220616386	0.
2941.	-0.4305418890481086	0.	0.5950092134122482	0.
2942.	-0.4055702541762003	0.	-0.5069649851973554	0.
2943.	-0.2672759600044282	0.	-0.6518242214702336	0.
2944.	-0.09954646964903674	0.	0.5375258615410531	0.
2945.	-0.004124241248808891	0.	0.9007733579394026	0.
2946.	-0.0388911181094484	0.	-0.2683798114479155	0.
2947.	-0.18275797925354742	0.	-0.894874139330656	0.
2948.	-0.34845711721633293	0.	0.06717268512202934	0.
2949.	-0.4354776583762058	0.	0.7463866375743642	0.
2950.	-0.39103411016686396	0.	-0.1286486710997749	0.
2951.	-0.24208533255812253	0.	-0.8621616855086643	0.
2952.	-0.07898165534940949	0.	0.024487180714582855	0.
2953.	-0.000659580497161534	0.	0.9904477757845287	0.
2954.	-0.05462822762659442	0.	0.28876143574434976	0.
2955.	-0.20815093957764358	0.	-0.8095896670309326	0.
2956.	-0.36810289935546026	0.	-0.36225864045779876	0.
2957.	-0.4374593945052416	0.	0.6811103180125875	0.
2958.	-0.37414970574253736	0.	0.2994432746430498	0.
2959.	-0.21657664073765548	0.	-0.805005309443206	0.
2960.	-0.06032190629752933	0.	-0.5084789849574318	0.
2961.	-0.000167527599620243	0.	0.7537805909774622	0.
2962.	-0.07260234356819789	0.	0.741950596629614	0.
2963.	-0.23368836681721775	0.	-0.47551428958224784	0.
2964.	-0.38571297720877035	0.	-0.6709614433530994	0.
2965.	-0.43646008605061004	0.	0.4187887453280863	0.
2966.	-0.3551471780791052	0.	0.6503784593595897	0.
2967.	-0.19109757215686618	0.	-0.48709120374686493	0.
2968.	-0.043821557904916514	0.	-0.8846889008640024	0.
2969.	-0.002654789316331785	0.	0.26923569529942537	0.
2970.	-0.0925684758131029	0.	0.9463847697824301	0.
2971.	-0.2590221816906696	0.	-0.006542209592330692	0.
2972.	-0.40104732255436093	0.	-0.7738863628865376	0.
2973.	-0.43249335374888737	0.	0.03353675807046508	0.
2974.	-0.3342855347161561	0.	0.8139777968504985	0.
2975.	-0.16599541066069784	0.	-0.0007898842890630905	0.
2976.	-0.029705512600331642	0.	-0.9754979041601609	0.
2977.	-0.008087463867233136	0.	-0.30171179483623056	0.
2978.	-0.11425448273543276	0.	0.8425983316745249	0.
2979.	-0.28380708018304457	0.	0.4474109936285692	0.
2980.	-0.41389692577290466	0.	-0.6485599669459831	0.
2981.	-0.42561326480566664	0.	-0.36566601889957123	0.
2982.	-0.3118491232424442	0.	0.7314860647455175	0.
2983.	-0.14161230278883663	0.	0.5016379365913277	0.
2984.	-0.018166174376767596	0.	-0.7454832642299896	0.
2985.	-0.01639150301413045	0.	-0.7695614569574948	0.
2986.	-0.1373647805366755	0.	0.47306863684823075	0.
2987.	-0.30770524010256883	0.	0.7487785877487111	0.
2988.	-0.4240866446850845	0.	-0.33776282767516097	0.
2989.	-0.41591359595140076	0.	-0.6639222887061179	0.
2990.	-0.2881437555916685	0.	0.4173610210209223	0.
2991.	-0.11828059426365653	0.	0.8557674178807247	0.
2992.	-0.009360826286618884	0.	-0.26667713553883443	0.
2993.	-0.027453721355534495	0.	-0.9809934894313066	0.
2994.	-0.16158437210288706	0.	-0.035567483942052	0.
2995.	-0.33039092564517447	0.	0.8134187747870161	0.
2996.	-0.43147759176583533	0.	0.06546534940953519	0.
2997.	-0.40352655524851966	0.	-0.7719129001167521	0.
2998.	-0.26349253977703135	0.	-0.04016774187433193	0.
2999.	-0.09631830006342185	0.	0.9397339291388381	0.
3000.	-0.0034094866578097682	0.	0.30401846869171223	0.
3001.	-0.041123339057266145	0.	-0.869987432405523	0.
3002.	-0.18658314046659902	0.	-0.5171047220883125	0.
3003.	-0.35155492723162596	0.	0.6324149833285335	0.
3004.	-0.4359690272068664	0.	0.4450769370768004	0.
3005.	-0.3886209800741278	0.	-0.6520740748648051	0.
3006.	-0.23823147587517995	0.	-0.5022222424576872	0.
3007.	-0.07602476982640421	0.	0.7173504104161249	0.
3008.	-0.0003932732143316353	0.	0.7771411791980926	0.
3009.	-0.05721403700860222	0.	-0.4784362034162261	0.
3010.	-0.21202034835169883	0.	-0.8209785846095142	0.
3011.	-0.3709087760817218	0.	0.26980167689636003	0.
3012.	-0.4374997320122709	0.	0.6938235173409978	0.
3013.	-0.3714000358400995	0.	-0.3320515575897569	0.
3014.	-0.21270487629185528	0.	-0.8208490536199857	0.
3015.	-0.05767660766703386	0.	0.25388126910264813	0.
3016.	-0.0003532974368563608	0.	0.9948805418499198	0.
3017.	-0.07550649638303819	0.	0.06018052248483721	0.
3018.	-0.23754928248192325	0.	-0.8593681864476397	0.
3019.	-0.3881886760897451	0.	-0.1608033899625808	0.
3020.	-0.43604884242721226	0.	0.7416759296808569	0.
3021.	-0.35209844681494035	0.	0.09954346149679895	0.
3022.	-0.1872606727271258	0.	-0.886865706327681	0.
3023.	-0.041523902017246817	0.	-0.3024610211155241	0.
3024.	-0.003290104200890015	0.	0.8848756797455534	0.
3025.	-0.0957513879858237	0.	0.5675088780907975	0.
3026.	-0.2628219793383282	0.	-0.631445594121241	0.
3027.	-0.40315909941211253	0.	-0.5318500912332628	0.
3028.	-0.4316361343118312	0.	0.5742588919343435	0.
3029.	-0.33097929679246074	0.	0.515721553089043	0.
3030.	-0.1622456738090295	0.	-0.6683015846734546	0.
3031.	-0.027786816878954734	0.	-0.7683611984270536	0.
3032.	-0.009163664353506136	0.	0.4847712537922085	0.
3033.	-0.11767277065689417	0.	0.880574477131197	0.
3034.	-0.28749396795466475	0.	-0.218624638297407	0.
3035.	-0.415615996745897	0.	-0.7385806684989122	0.
3036.	-0.42432175359591623	0.	0.23708503936904796	0.
3037.	-0.30833044321897696	0.	0.7872742382503182	0.
3038.	-0.13800083803803942	0.	-0.22547860804785155	0.
3039.	-0.016652590955016817	0.	-0.9869465685958241	0.
3040.	-0.01789392031520831	0.	-0.07101589825832254	0.
3041.	-0.14097185238572849	0.	0.9047157777619484	0.
3042.	-0.31122896511813813	0.	0.2454583312871012	0.
3043.	-0.42538957855650283	0.	-0.7267545965482495	0.
3044.	-0.4142053964760075	0.	-0.17561930234473153	0.
3045.	-0.28446059364936627	0.	0.8227833444399195	0.
3046.	-0.11485662646520786	0.	0.304265539561752	0.
3047.	-0.008272985554291984	0.	-0.8818833216620726	0.
3048.	-0.029361877279227205	0.	-0.5975236882072421	0.
3049.	-0.16533106290500843	0.	0.6417517835343822	0.
3050.	-0.333703458960418	0.	0.6187947180023908	0.
3051.	-0.4323466293359591	0.	-0.5049552406746503	0.
3052.	-0.4014249505437456	0.	-0.5453711021012085	0.
3053.	-0.25969509801171226	0.	0.6001391796283018	0.
3054.	-0.09312849845486376	0.	0.7490393673234912	0.
3055.	-0.002762216058971277	0.	-0.48483793991412644	0.
3056.	-0.04341122512796558	0.	-0.922121450176814	0.
3057.	-0.19041838221682394	0.	0.18521341085694665	0.
3058.	-0.3546111184794205	0.	0.7940407662126816	0.
3059.	-0.43639232335159855	0.	-0.13971429465598104	0.
3060.	-0.3861546153541671	0.	-0.7617631373286045	0.
3061.	-0.2343715140344358	0.	0.17839195724636453	0.
3062.	-0.07311261192196986	0.	0.9589760864109129	0.
3063.	-0.00019539515344313418	0.	0.07389851641995873	0.
3064.	-0.05985046896794277	0.	-0.9421047463076392	0.
3065.	-0.2158918660815851	0.	-0.3139867674248737	0.
3066.	-0.3736669688782277	0.	0.7278898218382943	0.
3067.	-0.4374715171364648	0.	0.2640381152012783	0.
3068.	-0.3686025280573424	0.	-0.7546705242748389	0.
3069.	-0.20883500628327833	0.	-0.31598507011453136	0.
3070.	-0.05508178665180355	0.	0.8579587588509283	0.
3071.	-0.00060750902388651	0.	0.6089257681003339	0.
3072.	-0.07845553923432258	0.	-0.6573684455650415	0.
3073.	-0.2414043067767584	0.	-0.6984265498316016	0.
3074.	-0.39061127582008087	0.	0.4494699990108014	0.
3075.	-0.4355695011042776	0.	0.5916433344036217	0.
3076.	-0.34900792645364315	0.	-0.5172935949901659	0.
3077.	-0.1834336415072899	0.	-0.7262423513610324	0.
3078.	-0.039281785723670914	0.	0.4721289817478872	0.
3079.	-0.003992940490565866	0.	0.9425310957104207	0.
3080.	-0.09897284579687221	0.	-0.16768552685297278	0.
3081.	-0.26660796559018274	0.	-0.8540207585877351	0.
3082.	-0.4052130856475493	0.	0.047445922213041586	0.
3083.	-0.43071220004241867	0.	0.7493905944009958	0.
3084.	-0.3276378881479849	0.	-0.1123277630963489	0.
3085.	-0.15851364443599508	0.	-0.9153647940843189	0.
3086.	-0.025927965715944412	0.	-0.07585065249957078	0.
3087.	-0.010305545573068328	0.	0.9649581617830169	0.
3088.	-0.121122734432678	0.	0.36332238937729405	0.
3089.	-0.2911593125551648	0.	-0.7429683514783474	0.
3090.	-0.4172733733203494	0.	-0.3584409346824998	0.
3091.	-0.4229658197538302	0.	0.6899228877864568	0.
3092.	-0.3047836902338844	0.	0.3424827148480818	0.
3093.	-0.134414678678156	0.	-0.8128531723926748	0.
3094.	-0.015202341366088057	0.	-0.6060776090864334	0.
3095.	-0.019459282437647107	0.	0.6711850532868224	0.
3096.	-0.14460329856115903	0.	0.7640845556217067	0.
3097.	-0.3147237088251913	0.	-0.41071419069817666	0.
3098.	-0.4266277551579773	0.	-0.6521597772508688	0.
3099.	-0.41243594465957967	0.	0.42617054831920276	0.
3100.	-0.28075683914343524	0.	0.7071996962636501	0.
3101.	-0.11146521705336429	0.	-0.44187453516991215	0.
3102.	-0.00725110467744472	0.	-0.9415293944757613	0.
3103.	-0.03132938416481712	0.	0.16160298134870585	0.
3104.	-0.16909449427802276	0.	0.9112383165238104	0.
3105.	-0.33697996785024364	0.	0.03307467909997988	0.
3106.	-0.4331487294164925	0.	-0.7528121206031115	0.
3107.	-0.39926609866950036	0.	0.029845257943148684	0.
3108.	-0.25588482475988356	0.	0.8624520922650736	0.
3109.	-0.08997806445235729	0.	0.0840017584500587	0.
3110.	-0.0021826322964090122	0.	-0.9684799017295838	0.
3111.	-0.04575405933830026	0.	-0.3932169993557739	0.
3112.	-0.19426250260575467	0.	0.7673498294879666	0.
3113.	-0.3576247332029466	0.	0.4514085110033245	0.
3114.	-0.43674741415636265	0.	-0.635035587039564	0.
3115.	-0.38363578892333927	0.	-0.38617176535687203	0.
3116.	-0.2305066566817067	0.	0.7491711081073271	0.
3117.	-0.07024609425593867	0.	0.5952454866551204	0.
3118.	-0.00006600832595513029	0.	-0.6760402512616728	0.
3119.	-0.0625366972917977	0.	-0.810923715245514	0.
3120.	-0.21976427950223903	0.	0.3887795008342649	0.
3121.	-0.3763766133765159	0.	0.7220365807120925	0.
3122.	-0.4373747587204285	0.	-0.334199497689284	0.
3123.	-0.3657580590831089	0.	-0.6981943862780958	0.
3124.	-0.20496824346203632	0.	0.3917880961041539	0.
3125.	-0.05253825642371451	0.	0.9216889575176006	0.
3126.	-0.0009300826945595753	0.	-0.160669105803592	0.
3127.	-0.08144854794361676	0.	-0.958410798123444	0.
3128.	-0.24525223160388115	0.	-0.09704731931669991	0.
3129.	-0.3929800171983846	0.	0.7718583884366584	0.
3130.	-0.4350222123001212	0.	0.064007172743272	0.
3131.	-0.34587658551096	0.	-0.8075600975811273	0.
3132.	-0.1796176778234334	0.	-0.10448211884321375	0.
3133.	-0.037095911664077066	0.	0.9503867822820633	0.
3134.	-0.004763077927988246	0.	0.4062542318644169	0.
3135.	-0.10223183969590044	0.	-0.7945786803652789	0.
3136.	-0.27037895398290024	0.	-0.5355642271005482	0.
3137.	-0.4072086375766421	0.	0.5946287579892199	0.
3138.	-0.4297218404854582	0.	0.4466282430042373	0.
3139.	-0.3242623559225875	0.	-0.671989299770487	0.
3140.	-0.1548004920950024	0.	-0.5836293543288494	0.
3141.	-0.024129541643560987	0.	0.6658252319006975	0.
3142.	-0.011512749678863177	0.	0.8366332492196615	0.
3143.	-0.12460329290581534	0.	-0.38094351113325686	0.
3144.	-0.29480196532976743	0.	-0.7946113479790665	0.
3145.	-0.4188685361033788	0.	0.24872749584190046	0.
3146.	-0.42154588820573613	0.	0.7035982749859808	0.
3147.	-0.30120997577845343	0.	-0.3224361883022014	0.
3148.	-0.13085494855004362	0.	-0.8880306662828006	0.
3149.	-0.01381588009353496	0.	0.15770786844939294	0.
3150.	-0.021087098824349906	0.	0.9893556479704795	0.
3151.	-0.1482579810305153	0.	0.14222083740657465	0.
3152.	-0.3181883760323286	0.	-0.8035597674800163	0.
3153.	-0.4278007864662977	0.	-0.1624333065180809	0.
3154.	-0.41060579501812183	0.	0.75788496265087	0.
3155.	-0.2770336527663484	0.	0.14146830882618494	0.
3156.	-0.10810742883705085	0.	-0.9112607799852174	0.
3157.	-0.006295503895962812	0.	-0.40743397882984556	0.
3158.	-0.03335562542980253	0.	0.8173727577704678	0.
3159.	-0.17287348682746295	0.	0.6046711262022239	0.
3160.	-0.34021942551289963	0.	-0.5707587518222711	0.
3161.	-0.43388364064300944	0.	-0.52063470724506	0.
3162.	-0.39705067617179474	0.	0.5881015224449713	0.
3163.	-0.2520629140970078	0.	0.5782519851681192	0.
3164.	-0.08686798534706144	0.	-0.6364284202003851	0.
3165.	-0.0016709170008701313	0.	-0.841771379348941	0.
3166.	-0.04815110748411469	0.	0.3821027972835971	0.
3167.	-0.19811429695344396	0.	0.8624410173650824	0.
3168.	-0.3605948269863525	0.	-0.17592624619952862	0.
3169.	-0.43703418834187063	0.	-0.7251987840974152	0.
3170.	-0.3810652901379614	0.	0.23717566521143407	0.
3171.	-0.22663811499574749	0.	0.8472551826866906	0.
3172.	-0.06742611514506947	0.	-0.14577692888981872	0.
3173.	-5.153278546852775e-6	0.	-0.9999252781723781	0.
3174.	-0.0652718801632049	0.	-0.1692100198195623	0.
3175.	-0.22363637506440198	0.	0.8425971829422552	0.
3176.	-0.3790368604204448	0.	0.2578956819390413	0.
3177.	-0.4372094870861524	0.	-0.7194087191375521	0.
3178.	-0.36286752032616115	0.	-0.1965253713587053	0.
3179.	-0.20110579960518632	0.	0.8544678813827635	0.
3180.	-0.050046814081978086	0.	0.40339065363797266	0.
3181.	-0.001320917359757201	0.	-0.8287387173581562	0.
3182.	-0.0844845845525391	0.	-0.6545566666530491	0.
3183.	-0.249091851089643	0.	0.5626195931746443	0.
3184.	-0.3952941579035486	0.	0.6026487526672897	0.
3185.	-0.43440714752499177	0.	-0.5050040074963545	0.
3186.	-0.3427054052952965	0.	-0.5848759771426245	0.
3187.	-0.1758139775332936	0.	0.5863780669248547	0.
3188.	-0.03496696485392348	0.	0.8296658781383233	0.
3189.	-0.005600275166295465	0.	-0.3855681064052899	0.
3190.	-0.1055273483716586	0.	-0.9184194260838264	0.
3191.	-0.2741337627543792	0.	0.119878125653198	0.
3192.	-0.4091451298287008	0.	0.7619190660735015	0.
3193.	-0.42866536600277494	0.	-0.1416680624094212	0.
3194.	-0.32085375794959997	0.	-0.8067209574842606	0.
3195.	-0.15110738042354444	0.	0.11924547821548712	0.
3196.	-0.022392108256628497	0.	0.9886345882102224	0.
3197.	-0.012784898355284291	0.	0.1813776116371482	0.
3198.	-0.12811335532813975	0.	-0.8821108854464886	0.
3199.	-0.2984207847342058	0.	-0.34323482428049623	0.
3200.	-0.4204009851981302	0.	0.695996742306763	0.
3201.	-0.42006240393379357	0.	0.26834560770191884	0.
3202.	-0.29761041979287606	0.	-0.785655850016794	0.
3203.	-0.1273227632099014	0.	-0.4013639867227716	0.
3204.	-0.012493641629331642	0.	0.8230448388657934	0.
3205.	-0.022776859345719797	0.	0.6837249583097851	0.
3206.	-0.15193475447930993	0.	-0.5666799197226716	0.
3207.	-0.32162188097236727	0.	-0.6856251728096056	0.
3208.	-0.42890830487385834	0.	0.42977531291963983	0.
3209.	-0.40871552108899517	0.	0.6071130074679192	0.
3210.	-0.27329220130070897	0.	-0.5170851848003649	0.
3211.	-0.10478431408870478	0.	-0.8058955457987045	0.
3212.	-0.005406482679675667	0.	0.384100890024316	0.
3213.	-0.035439966085379054	0.	0.9568450219836729	0.
3214.	-0.17666685628311934	0.	-0.08197978155637475	0.
3215.	-0.34342081675798847	0.	-0.8099741200508872	0.
3216.	-0.4345511327073777	0.	0.04304461167744883	0.
3217.	-0.3947793773261706	0.	0.7733238256852109	0.
3218.	-0.24823056374310482	0.	-0.07467323832762685	0.
3219.	-0.083799235784349	0.	-0.9568859132520967	0.
3220.	-0.001227230535606083	0.	-0.18429940501778766	0.
3221.	-0.05060161837219959	0.	0.9147444082720728	0.
3222.	-0.20197255817294946	0.	0.4127313548826078	0.
3223.	-0.3635204690542267	0.	-0.6888177657369396	0.
3224.	-0.43725255603787383	0.	-0.3529236941752194	0.
3225.	-0.37844392454798564	0.	0.711907088749928	0.
3226.	-0.2227671013109825	0.	0.4080785928805306	0.
3227.	-0.06465355832309713	0.	-0.7968884747543636	0.
3228.	-0.000012849083470267697	0.	-0.6935636522887517	0.
3229.	-0.06805516042249858	0.	0.5772345762516109	0.
3230.	-0.22750693932144772	0.	0.7620671024107448	0.
3231.	-0.38164687633420286	0.	-0.36802055395583394	0.
3232.	-0.4369757540266946	0.	-0.6458605467760546	0.
3233.	-0.35993181763063986	0.	0.43264990104679035	0.
3234.	-0.19724888513615565	0.	0.7774313375869639	0.
3235.	-0.047608240400568935	0.	-0.3710338435804412	0.
3236.	-0.001779890539210724	0.	-0.9742767494927286	0.
3237.	-0.08756269762130714	0.	0.060753721581082165	0.
3238.	-0.2529219619642157	0.	0.8634391969871238	0.
3239.	-0.3975529727223859	0.	0.05115146679845961	0.
3240.	-0.433724499529472	0.	-0.7524482057202735	0.
3241.	-0.3394953795996499	0.	0.011357164643229556	0.
3242.	-0.1720237326492679	0.	0.9087572698194275	0.
3243.	-0.03289561246911832	0.	0.18489365100076258	0.
3244.	-0.006504269841564575	0.	-0.9337652975826805	0.
3245.	-0.10885833906733358	0.	-0.46294990571891054	0.
3246.	-0.27787121521280556	0.	0.6961744283204874	0.
3247.	-0.4110219555395393	0.	0.4441416310333284	0.
3248.	-0.42754310767432535	0.	-0.6406751048253817	0.
3249.	-0.3174131624248671	0.	-0.42870239104097585	0.
3250.	-0.14743546677937228	0.	0.7496264608809964	0.
3251.	-0.02071621003690352	0.	0.6881141581941003	0.
3252.	-0.014121592931667745	0.	-0.5872871152655333	0.
3253.	-0.13165182170767784	0.	-0.8251467027461643	0.
3254.	-0.3020146366918445	0.	0.32304013003008064	0.
3255.	-0.42187024036144904	0.	0.6991515534550167	0.
3256.	-0.4185158318358869	0.	-0.3392605415835937	0.
3257.	-0.2939861503156723	0.	-0.7515675029212818	0.
3258.	-0.12381922958434242	0.	0.3413053546357197	0.
3259.	-0.011236040340468822	0.	0.9700482729702239	0.
3260.	-0.024528034459098957	0.	-0.05209640698250651	0.
3261.	-0.15563246667023076	0.	-0.9151442669686017	0.
3262.	-0.3250231476441643	0.	-0.1340849839719303	0.
3263.	-0.42994996330352553	0.	0.7471490497039998	0.
3264.	-0.4067657152509323	0.	0.06853718311153406	0.
3265.	-0.2695336572527653	0.	-0.8503860258277854	0.
3266.	-0.10149691421542578	0.	-0.19034697406366566	0.
3267.	-0.004584319631525585	0.	0.93409254743244	0.
3268.	-0.037581752935586396	0.	0.49323686742267625	0.
3269.	-0.18047341386699922	0.	-0.7137700393361834	0.
3270.	-0.34658313832576676	0.	-0.5346748419699225	0.
3271.	-0.4351509964293502	0.	0.5786659157832014	0.
3272.	-0.39245291391765524	0.	0.4660419902157132	0.
3273.	-0.24438897469023624	0.	-0.6834879609736325	0.
3274.	-0.08077277745657768	0.	-0.6734401183816449	0.
3275.	-0.0008517119442282839	0.	0.5896292427687999	0.
3276.	-0.053104824055433736	0.	0.8697253992326037	0.
3277.	-0.20583607715283478	0.	-0.2953490171550951	0.
3278.	-0.366400742561116	0.	-0.7624400014459451	0.
3279.	-0.4374024488122213	0.	0.24427655634318207	0.
3280.	-0.3757725136440915	0.	0.7348049560448456	0.
3281.	-0.21889482873661772	0.	-0.2922508230549953	0.
3282.	-0.061929292661126595	0.	-0.9463625382569311	0.
3283.	-0.00008909332753287424	0.	0.049925125917927304	0.
3284.	-0.07088566583855346	0.	0.957758842158246	0.
3285.	-0.2313747593049671	0.	0.20064124889785495	0.
3286.	-0.38420584318497686	0.	-0.7576886745304888	0.
3287.	-0.43667363279009747	0.	-0.1602796171577825	0.
3288.	-0.35695187099595904	0.	0.7890415053746438	0.
3289.	-0.19339870874327086	0.	0.20699984564426133	0.
3290.	-0.045223299586402005	0.	-0.9130748228266149	0.
3291.	-0.0023068583983108654	0.	-0.5057965230651553	0.
3292.	-0.09068192252220653	0.	0.7353710536557317	0.
3293.	-0.2567413639368536	0.	0.6170820112792503	0.
3294.	-0.39975575378257716	0.	-0.5308340845369998	0.
3295.	-0.4329744822443285	0.	-0.520097196942946	0.
3296.	-0.33624751439031847	0.	0.6032525720555654	0.
3297.	-0.1682481309697481	0.	0.6566900239912045	0.
3298.	-0.030882503633882563	0.	-0.5779533611372627	0.
3299.	-0.007474778657664716	0.	-0.8931189183710937	0.
3300.	-0.11222376790972241	0.	0.2826194993117548	0.
3301.	-0.2815901401053048	0.	0.8292789598904631	0.
3302.	-0.41283852654492625	0.	-0.15513436500219044	0.
3303.	-0.4263554171975092	0.	-0.7318563418835962	0.
3304.	-0.31394164757195386	0.	0.22403070557795313	0.
3305.	-0.1437859018765487	0.	0.907952345795236	0.
3306.	-0.019102372182529137	0.	-0.0471254137490352	0.
3307.	-0.015522414512509247	0.	-0.984902560748165	0.
3308.	-0.13521758314984844	0.	-0.2481774386624955	0.
3309.	-0.3055823949527874	0.	0.7814987512294866	0.
3310.	-0.42327584115480554	0.	0.2572686027247702	0.
3311.	-0.41690665658174003	0.	-0.7320272332754542	0.
3312.	-0.2903383031300816	0.	-0.23936080827324374	0.
3313.	-0.1203454456212484	0.	0.8709013636204181	0.
3314.	-0.01004347033749068	0.	0.5053340917373262	0.
3315.	-0.02634007537849914	0.	-0.7537647020252362	0.
3316.	-0.1593499588046007	0.	-0.6849133641628375	0.
3317.	-0.32839111014904065	0.	0.49964567474749855	0.
3318.	-0.4309254353173827	0.	0.5880423057228019	0.
3319.	-0.4047569885394434	0.	-0.515542479252145	0.
3320.	-0.2657591984850906	0.	-0.6449962634006813	0.
3321.	-0.09824625943081634	0.	0.5478293358769686	0.
3322.	-0.003829272403534756	0.	0.8954910900955204	0.
3323.	-0.03978031478037963	0.	-0.2800559593564161	0.
3324.	-0.18429196667210634	0.	-0.8922883753665052	0.
3325.	-0.3497053991984391	0.	0.07824206947451348	0.
3326.	-0.43568304382176004	0.	0.7449237910021747	0.
3327.	-0.3900720150205169	0.	-0.1396302572129623	0.
3328.	-0.24053935082602207	0.	-0.8613584551730213	0.
3329.	-0.07778955880497374	0.	0.036655183181008674	0.
3330.	-0.0005444789075872286	0.	0.9921130237597131	0.
3331.	-0.05565994007222069	0.	0.2768989442984353	0.
3332.	-0.20970364313302203	0.	-0.8135732141786547	0.
3333.	-0.3692347448792959	0.	-0.35200873022421714	0.
3334.	-0.437483819690441	0.	0.6855793692405855	0.
3335.	-0.37305189459980237	0.	0.28939910481525527	0.
3336.	-0.2150225107746976	0.	-0.8105831925359197	0.
3337.	-0.059254171895732476	0.	-0.4983199189522367	0.
3338.	-0.0002338621192899959	0.	0.7618664319742228	0.
3339.	-0.07376250937944426	0.	0.7336692948093829	0.
3340.	-0.23523862290747577	0.	-0.48471991280856286	0.
3341.	-0.38671295903571734	0.	-0.6646370732863857	0.
3342.	-0.43630321805627537	0.	0.4278360069282299	0.
3343.	-0.3539286142841273	0.	0.644377709211777	0.
3344.	-0.18955647700763562	0.	-0.4973972120521668	0.
3345.	-0.042892739039330635	0.	-0.8798167067916285	0.
3346.	-0.0029016557951249133	0.	0.28114478937709375	0.
3347.	-0.093841281742162	0.	0.9442657453581563	0.
3348.	-0.2605488600726141	0.	-0.01803066696921672	0.
3349.	-0.40190181076954806	0.	-0.7733589768119533	0.
3350.	-0.4321573307116328	0.	0.044430929014679044	0.
3351.	-0.3329628274915495	0.	0.8139347698902843	0.
3352.	-0.16448835570196702	0.	-0.012637948247471983	0.
3353.	-0.02892826922393275	0.	-0.9775240314847451	0.
3354.	-0.00851149747401353	0.	-0.28980366965715426	0.
3355.	-0.11562258023052749	0.	0.8472324617348015	0.
3356.	-0.28528937198366866	0.	0.4372241424192345	0.
3357.	-0.414594273563054	0.	-0.6539284552087156	0.
3358.	-0.4251026667736708	0.	-0.35622312228653696	0.
3359.	-0.31044030130260014	0.	0.7375074458609853	0.
3360.	-0.14015982942547167	0.	0.4919865337565472	0.
3361.	-0.017551100441274392	0.	-0.7538090794186335	0.
3362.	-0.016986924102819045	0.	-0.7614639516147653	0.
3363.	-0.13880952220684328	0.	0.4829038762013255	0.
3364.	-0.3091229414427739	0.	0.7430050766176728	0.
3365.	-0.4246173470863852	0.	-0.3473521836614868	0.
3366.	-0.41523538245845976	0.	-0.6588124092573867	0.
3367.	-0.28666802140838854	0.	0.4276707036103036	0.
3368.	-0.11690249994306415	0.	0.851419115180178	0.
3369.	-0.00891630535175153	0.	-0.2786655596815645	0.
3370.	-0.028212414239843234	0.	-0.9792711858261641	0.
3371.	-0.16308606588468932	0.	-0.02369435061815235	0.
3372.	-0.3317247130268842	0.	0.8137570752495817	0.
3373.	-0.431834415219458	0.	0.054581624638857296	0.
3374.	-0.40268997045499344	0.	-0.772731557863275	0.
3375.	-0.26197000784727326	0.	-0.028720819180490575	0.
3376.	-0.09503336843471168	0.	0.9421513040128089	0.
3377.	-0.003141577614391544	0.	0.29220281614220606	0.
3378.	-0.04203496262982728	0.	-0.8751428775020771	0.
3379.	-0.1881213180285351	0.	-0.5069390504099192	0.
3380.	-0.35278662091434254	0.	0.6386668146113863	0.
3381.	-0.43614710814997915	0.	0.4361935166217084	0.
3382.	-0.387637426767168	0.	-0.6586324131567927	0.
3383.	-0.23668289855622776	0.	-0.4932108235652821	0.
3384.	-0.0748505147168029	0.	0.7258484591863613	0.
3385.	-0.0003056277078727354	0.	0.769293154223661	0.
3386.	-0.05826616569191602	0.	-0.4887688194995199	0.
3387.	-0.21357404408498512	0.	-0.8156614064484513	0.
3388.	-0.3720215878807269	0.	0.27997550711036767	0.
3389.	-0.43749664317308884	0.	0.6896211327699067	0.
3390.	-0.37028292001064284	0.	-0.3424053354866866	0.
3391.	-0.21115136094416156	0.	-0.817152740764834	0.
3392.	-0.056629034364498565	0.	0.26580994182356343	0.
3393.	-0.000447110087950571	0.	0.9935222765828222	0.
3394.	-0.07668478949270646	0.	0.04800270549578306	0.
3395.	-0.23909731926067235	0.	-0.8604703846009917	0.
3396.	-0.38916743820017263	0.	-0.14985283795610727	0.
3397.	-0.43586462590672975	0.	0.7434261646162408	0.
3398.	-0.35086299493336925	0.	0.08853332490112233	0.
3399.	-0.18572339401704785	0.	-0.8897423237699639	0.
3400.	-0.04061728911636059	0.	-0.2908909472430504	0.
3401.	-0.0035640963287460192	0.	0.8904369559733474	0.
3402.	-0.09703978519482409	0.	0.55736146465177	0.
3403.	-0.26434325716914775	0.	-0.6385175600385173	0.
3404.	-0.40399047114689274	0.	-0.523453926804337	0.
3405.	-0.4312733010119945	0.	0.5814453849050065	0.
3406.	-0.329642348268459	0.	0.5074510066742722	0.
3407.	-0.16074558509594317	0.	-0.6769479145053416	0.
3408.	-0.027033521660538906	0.	-0.7608660504676751	0.
3409.	-0.009614101401123122	0.	0.49545276902805524	0.
3410.	-0.11905371090113519	0.	0.875633811733129	0.
3411.	-0.288967751574412	0.	-0.22938399234163623	0.
3412.	-0.4162886463730049	0.	-0.7352553514220029	0.
3413.	-0.4237852489926643	0.	0.24755117324711925	0.
3414.	-0.3069102208784544	0.	0.7843546162305717	0.
3415.	-0.13655838577429605	0.	-0.2372385293275818	0.
3416.	-0.01606288095555404	0.	-0.9859629269493324	0.
3417.	-0.0185146627526101	0.	-0.05865254167994207	0.
3418.	-0.1424265132266309	0.	0.9064636816303367	0.
3419.	-0.31263516661662244	0.	0.23438081703731545	0.
3420.	-0.4258943377524949	0.	-0.7294634651828029	0.
3421.	-0.41350253321465746	0.	-0.16503625715340417	0.
3422.	-0.2829764553532736	0.	0.826213071005217	0.
3423.	-0.11349147151028771	0.	0.2930913421430188	0.
3424.	-0.00785489861630903	0.	-0.8877640465784471	0.
3425.	-0.030144464285125072	0.	-0.5874361246758324	0.
3426.	-0.16683961707887887	0.	0.6495402236875867	0.
3427.	-0.3350229115830271	0.	0.6107988218500151	0.
3428.	-0.432676618151273	0.	-0.5128413933182957	0.
3429.	-0.4005653087649521	0.	-0.5378997650600069	0.
3430.	-0.2581672728065299	0.	0.6089530748312237	0.
3431.	-0.09185924809167623	0.	0.7420261136193909	0.
3432.	-0.002521450776009536	0.	-0.49572147318525045	0.
3433.	-0.04434498991527272	0.	-0.9175072270950316	0.
3434.	-0.19196026788421483	0.	0.19651273943638675	0.
3435.	-0.3558258378713023	0.	0.791521864251805	0.
3436.	-0.43654304398450655	0.	-0.15037310533851972	0.
3437.	-0.3851499121148325	0.	-0.7597240308254529	0.
3438.	-0.23282082642561316	0.	0.1899151214828849	0.
3439.	-0.07195656623913195	0.	0.9584199619409123	0.
3440.	-0.0001352331953404784	0.	0.06149555545476844	0.
3441.	-0.060922684170503394	0.	-0.9443815323429435	0.
3442.	-0.2174460670913664	0.	-0.30275411351739995	0.
3443.	-0.3747603982172977	0.	0.7315364714265049	0.
3444.	-0.4374409152405472	0.	0.2538341559215224	0.
3445.	-0.3674664576255178	0.	-0.7587571011180624	0.
3446.	-0.2072825923954268	0.	-0.30533674284228984	0.
3447.	-0.054054702740543	0.	0.8641122533514929	0.
3448.	-0.000728770407375734	0.	0.5989828033109587	0.
3449.	-0.07965159038538455	0.	-0.6657417700531649	0.
3450.	-0.24294963911597472	0.	-0.6907468671071811	0.
3451.	-0.3915685114869891	0.	0.4580929308641568	0.
3452.	-0.43535799378812684	0.	0.5849820980510733	0.
3453.	-0.3477559736548712	0.	-0.5263302475077091	0.
3454.	-0.1819006609933696	0.	-0.7198493882518062	0.
3455.	-0.03839766290380271	0.	0.4830866604161018	0.
3456.	-0.004293972403448393	0.	0.9382332368412124	0.
3457.	-0.10027643052384422	0.	-0.17943434404554054	0.
3458.	-0.26812336612764787	0.	-0.8522100173218081	0.
3459.	-0.4060210803642703	0.	0.058372084956242964	0.
3460.	-0.43032267018560144	0.	0.7483003198742553	0.
3461.	-0.3262871173012201	0.	-0.12359180089506344	0.
3462.	-0.15702099206965314	0.	-0.9153236815584214	0.
3463.	-0.025198854726269038	0.	-0.0635643921743739	0.
3464.	-0.010782244901429247	0.	0.9676656101951537	0.
3465.	-0.12251608466456029	0.	0.3519483041177057	0.
3466.	-0.2926241261362331	0.	-0.747485893576245	0.
3467.	-0.41792111398802495	0.	-0.3485424991819458	0.
3468.	-0.42240357671076745	0.	0.6947621251591446	0.
3469.	-0.30335251256624296	0.	0.3324554008397914	0.
3470.	-0.13298269955422035	0.	-0.8192767465796189	0.
3471.	-0.014638180107249654	0.	-0.5963990720462989	0.
3472.	-0.02010515169327909	0.	0.6800002358933024	0.
3473.	-0.14606742270763512	0.	0.7566570092917652	0.
3474.	-0.31611796980226314	0.	-0.42006692294755404	0.
3475.	-0.4271064129658647	0.	-0.6462741483371135	0.
3476.	-0.41170865189529	0.	0.43550807724590535	0.
3477.	-0.2792647618383506	0.	0.7015568616794429	0.
3478.	-0.11011342927927928	0.	-0.4528118585937606	0.
3479.	-0.006859582758403565	0.	-0.937581692321033	0.
3480.	-0.03213562004336146	0.	0.17367422294174323	0.
3481.	-0.17060943608898438	0.	0.9100263772047118	0.
3482.	-0.338284672219498	0.	0.021829061725381044	0.
3483.	-0.43345178018071173	0.	-0.7526939177361133	0.
3484.	-0.39838366930205343	0.	0.0408711211998975	0.
3485.	-0.2543521850740691	0.	0.863034801404314	0.
3486.	-0.08872489311441889	0.	0.07198086443902577	0.
3487.	-0.001969086224870492	0.	-0.9715524820291576	0.
3488.	-0.04670967271447357	0.	-0.38176058872718116	0.
3489.	-0.19580761317850026	0.	0.7726338803286682	0.
3490.	-0.35882209763152173	0.	0.4417330067734842	0.
3491.	-0.4368707272457515	0.	-0.6406984587594255	0.
3492.	-0.38261025060843157	0.	-0.37681635003602176	0.
3493.	-0.22895434474236295	0.	0.7559033900915317	0.
3494.	-0.06910862028451228	0.	0.5859726980859621	0.
3495.	-0.00003334877056315744	0.	-0.685160802205375	0.
3496.	-0.06362866300037043	0.	-0.8037179949098654	0.
3497.	-0.221318498727975	0.	0.39880771074723986	0.
3498.	-0.3774503175938143	0.	0.7168553723897962	0.
3499.	-0.4373166533581912	0.	-0.3439223023283579	0.
3500.	-0.364603390074212	0.	-0.6934060378394427	0.
3501.	-0.20341741753342804	0.	0.40265308789407805	0.
3502.	-0.05153198377368974	0.	0.9181659928884991	0.
3503.	-0.0010787548091731325	0.	-0.17291293322129986	0.
3504.	-0.08266198231316835	0.	-0.957695061621492	0.
3505.	-0.246794375222748	0.	-0.08546627900404272	0.
3506.	-0.3939154264410598	0.	0.7726873641863312	0.
3507.	-0.4347834804709963	0.	0.05316411232775092	0.
3508.	-0.34460852413481025	0.	-0.8088799036228725	0.
3509.	-0.17808947591563057	0.	-0.09285073413303867	0.
3510.	-0.036234555994605525	0.	0.9538004544711244	0.
3511.	-0.005091055288310498	0.	0.39481654391227655	0.
3512.	-0.10355020342035659	0.	-0.8005012775078502	0.
3513.	-0.2718880023265902	0.	-0.5260378042655008	0.
3514.	-0.40799300206427414	0.	0.6011479688615963	0.
3515.	-0.42930573614354733	0.	0.43794849711800377	0.
3516.	-0.32289818606135323	0.	-0.6791010229069233	0.
3517.	-0.15331574384702074	0.	-0.5749080733735004	0.
3518.	-0.023424843372532617	0.	0.6751379354198879	0.
3519.	-0.01201556190007319	0.	0.8296612381444536	0.
3520.	-0.12600861647242895	0.	-0.3915492605181172	0.
3521.	-0.29625734982434593	0.	-0.7900406705589165	0.
3522.	-0.4194911648204528	0.	0.25890848405898287	0.
3523.	-0.4209580829208461	0.	0.6997299421547966	0.
3524.	-0.2997682912896159	0.	-0.33322196574367163	0.
3525.	-0.12943389132195354	0.	-0.885038226372441	0.
3526.	-0.013277444373165248	0.	0.16996884184059083	0.
3527.	-0.021757892494122882	0.	0.9890567901765556	0.
3528.	-0.14973110965091013	0.	0.13033265969288846	0.
3529.	-0.3195702595507865	0.	-0.8052668148634545	0.
3530.	-0.42825319288263164	0.	-0.15169737591225535	0.
3531.	-0.4098543006720066	0.	0.7600417514918498	0.
3532.	-0.2755341040435902	0.	0.13031283925411463	0.
3533.	-0.10676943187097894	0.	-0.9150351797350039	0.
3534.	-0.005930669692275015	0.	-0.39614808658151335	0.
3535.	-0.0341852575208052	0.	0.8237995477478874	0.
3536.	-0.17439434151967126	0.	0.5952449831852571	0.
3537.	-0.3415089727578108	0.	-0.5781208250069427	0.
3538.	-0.4341596583858604	0.	-0.5125913974256497	0.
3539.	-0.3961457357532253	0.	0.5956811799750495	0.
3540.	-0.2505259402328348	0.	0.5702144643317537	0.
3541.	-0.08563128575820564	0.	-0.6458563104267656	0.
3542.	-0.0014846570635676515	0.	-0.8350889283881089	0.
3543.	-0.04912826997687296	0.	0.3931546841759339	0.
3544.	-0.19966214821980688	0.	0.8583814354408922	0.
3545.	-0.36177446121915774	0.	-0.18661065107878227	0.
3546.	-0.4371300552439924	0.	-0.7222694114822852	0.
3547.	-0.38001923813311456	0.	0.24791605357983637	0.
3548.	-0.22508466519339665	0.	0.844915627682947	0.
3549.	-0.06630756935044146	0.	-0.1579119620324423	0.
3550.	-6.360703477843653e-9	0.	-0.9999999077688232	0.
3551.	-0.06638325417361202	0.	-0.1570886707959763	0.
3552.	-0.22519012544238895	0.	0.8450792794824354	0.
3553.	-0.3800905030353854	0.	0.24718808105563989	0.
3554.	-0.43712389646640726	0.	-0.7224728384618033	0.
3555.	-0.36169461459359775	0.	-0.18588692651059163	0.
3556.	-0.19955704763825957	0.	0.8586615624658146	0.
3557.	-0.04906166804104148	0.	0.3924067634259186	0.
3558.	-0.0014969536148968232	0.	-0.8355468137408081	0.
3559.	-0.08571502187309557	0.	-0.6452193974683298	0.
3560.	-0.2506303227077249	0.	0.5707636878755412	0.
3561.	-0.3962074475800821	0.	0.5951700803427575	0.
3562.	-0.4341412659972583	0.	-0.5131405632344361	0.
3563.	-0.3414216327306155	0.	-0.5776248345406744	0.
3564.	-0.1742910331420648	0.	0.5958876870687552	0.
3565.	-0.03412864626850631	0.	0.8233676455368432	0.
3566.	-0.005955095190915277	0.	-0.39691631519936826	0.
3567.	-0.10686007794057134	0.	-0.9147836690690847	0.
3568.	-0.27563598599467265	0.	0.1310713829538439	0.
3569.	-0.40990561828030325	0.	0.7599000176160572	0.
3570.	-0.428222817575735	0.	-0.15242693758689418	0.
3571.	-0.31947661658154886	0.	-0.805155751418958	0.
3572.	-0.14963100158846115	0.	0.13113986949011378	0.
3573.	-0.021712043545673455	0.	0.9890821241324503	0.
3574.	-0.013313665895352988	0.	0.16913723640343056	0.
3575.	-0.12953021182580365	0.	-0.8852462092641534	0.
3576.	-0.2998662840496652	0.	-0.33249123132556	0.
3577.	-0.42099830684375117	0.	0.6999970123188995	0.
3578.	-0.4194492206144946	0.	0.25821922577422807	0.
3579.	-0.2961586802818795	0.	-0.7903553117653784	0.
3580.	-0.12591307321399903	0.	-0.3908318139269264	0.
3581.	-0.011981100184373428	0.	0.8301386494051782	0.
3582.	-0.02347236721405635	0.	0.6745090516578036	0.
3583.	-0.1534164259210666	0.	-0.5755035692702616	0.
3584.	-0.3229909539726778	0.	-0.6786219426743125	0.
3585.	-0.4293343181226177	0.	0.4385406041410751	0.
3586.	-0.40794006066533806	0.	0.6007093504929292	0.
3587.	-0.27178565109231295	0.	-0.5266870427991559	0.
3588.	-0.10346052723588589	0.	-0.8001036749069446	0.
3589.	-0.00506845052350019	0.	0.39559487257650094	0.
3590.	-0.03629273439623368	0.	0.9535735520927315	0.
3591.	-0.17819314724580354	0.	-0.09364132478139056	0.
3592.	-0.3446948027564303	0.	-0.808795088974688	0.
3593.	-0.4348000309292933	0.	0.053900606458406275	0.
3594.	-0.39385220944969923	0.	0.7726358785619163	0.
3595.	-0.24668973736094452	0.	-0.0862523640924042	0.
3596.	-0.08257939550400321	0.	-0.9577486373232694	0.
3597.	-0.0010683151022837234	0.	-0.17208271372458853	0.
3598.	-0.05160002375553489	0.	0.9184099798991858	0.
3599.	-0.2035226650645094	0.	0.4019172727337816	0.
3600.	-0.3646820034140797	0.	-0.6937354730374636	0.
3601.	-0.4373209467096687	0.	-0.3432644503664592	0.
3602.	-0.377377686668144	0.	0.7172112603543596	0.
3603.	-0.22121300047007503	0.	0.39812966223534885	0.
3604.	-0.06355429123717024	0.	-0.8042111054213834	0.
3605.	-0.0000352164159609647	0.	-0.6845451405248236	0.
3606.	-0.06918559445053697	0.	0.5866054874755252	0.
3607.	-0.22905973393161014	0.	0.7554503047483927	0.
3608.	-0.38268012715359917	0.	-0.37745407012729315	0.
3609.	-0.4368627049723528	0.	-0.6403181370058982	0.
3610.	-0.3587410427426087	0.	0.44239206781495094	0.
3611.	-0.1957026924819512	0.	0.7722796804013214	0.
3612.	-0.046644529696866666	0.	-0.382539965180156	0.
3613.	-0.0019832357673829765	0.	-0.9713488172594321	0.
3614.	-0.08880975229422633	0.	0.07279765393820918	0.
3615.	-0.2544562794506813	0.	0.8630001195946666	0.
3616.	-0.3984438566241073	0.	0.04012255363140621	0.
3617.	-0.4334315516262409	0.	-0.7527067036769632	0.
3618.	-0.3381962981585138	0.	0.0225920796071713	0.
3619.	-0.170506523040158	0.	0.9101135466883059	0.
3620.	-0.03208059368238059	0.	0.17285593585170395	0.
3621.	-0.0068858213361630005	0.	-0.9378544734225361	0.
3622.	-0.1102050168274559	0.	-0.4520714022981597	0.
3623.	-0.2793661425786421	0.	0.7019442196591313	0.
3624.	-0.4117583296317647	0.	0.4348766848816137	0.
3625.	-0.42707425384932873	0.	-0.6466776486503631	0.
3626.	-0.31602348112157286	0.	-0.4194349305472879	0.
3627.	-0.14596792002849335	0.	0.7571649766732038	0.
3628.	-0.020060992005672823	0.	0.6794054542925917	0.
3629.	-0.014676150084754813	0.	-0.5970592511667181	0.
3630.	-0.13307976711825145	0.	-0.8188448283698135	0.
3631.	-0.3034497978349412	0.	0.3331384912601777	0.
3632.	-0.4224420677456031	0.	0.6944378868249744	0.
3633.	-0.4178774626432214	0.	-0.34921637913699055	0.
3634.	-0.29252481073273123	0.	-0.7471837741654346	0.
3635.	-0.12242134859269799	0.	0.3527218445287269	0.
3636.	-0.010749553791611549	0.	0.9674867761403729	0.
3637.	-0.025248038566522468	0.	-0.06439896643677578	0.
3638.	-0.15712221660310044	0.	-0.9153314284267187	0.
3639.	-0.3263789810833335	0.	-0.12282738792044917	0.
3640.	-0.4303494498792369	0.	0.7483790735173581	0.
3641.	-0.40596653176653413	0.	0.057631069351649966	0.
3642.	-0.2680205776856642	0.	-0.8523377201903747	0.
3643.	-0.10018775232684785	0.	-0.17863816367234484	0.
3644.	-0.0042731954566937735	0.	0.9385297143503353	0.
3645.	-0.03845739022357124	0.	0.4823450621616092	0.
3646.	-0.18200466278897356	0.	-0.7202875860666524	0.
3647.	-0.3478411638323316	0.	-0.5257195783457825	0.
3648.	-0.4353726971297243	0.	0.5854380437765005	0.
3649.	-0.391503809142277	0.	0.45751069473347294	0.
3650.	-0.24284477865912724	0.	-0.6912717163837602	0.
3651.	-0.07957017876254485	0.	-0.6651771133241257	0.
3652.	-0.0007201908164403692	0.	0.5996607614254799	0.
3653.	-0.05412415944629978	0.	0.8636988471673699	0.
3654.	-0.20738795389172968	0.	-0.3060617638371178	0.
3655.	-0.3675438130432273	0.	-0.7584841293024531	0.
3656.	-0.43744334182084016	0.	0.2545284543201799	0.
3657.	-0.37468642402928154	0.	0.7312935174888974	0.
3658.	-0.2173405638846821	0.	-0.3035177786201759	0.
3659.	-0.0608496487750682	0.	-0.9442319411072191	0.
3660.	-0.00013896790204365184	0.	0.06233782902462392	0.
3661.	-0.07203480562445191	0.	0.958462727429182	0.
3662.	-0.2329261115292847	0.	0.18913342064520058	0.
3663.	-0.3852183784053816	0.	-0.7598671813107091	0.
3664.	-0.4365331607289367	0.	-0.1496505676983419	0.
3665.	-0.3557436001199789	0.	0.7916975080005868	0.
3666.	-0.1918555599537854	0.	0.19574730117146155	0.
3667.	-0.04428132623139577	0.	-0.9178250691341819	0.
3668.	-0.0025374488751496197	0.	-0.49498512081647167	0.
3669.	-0.0919452037414992	0.	0.7425063313705638	0.
3670.	-0.25827104646321325	0.	0.6083578090698978	0.
3671.	-0.4006239527216162	0.	-0.5384105048986698	0.
3672.	-0.43265455976981737	0.	-0.512309399244725	0.
3673.	-0.334933531181726	0.	0.6113448765508076	0.
3674.	-0.16673713161002224	0.	0.6490153885750791	0.
3675.	-0.030091040058750504	0.	-0.5881237028160198	0.
3676.	-0.007882942051061687	0.	-0.8873692983854291	0.
3677.	-0.11358397183460348	0.	0.29385184743226633	0.
3678.	-0.2830773031121886	0.	0.8259848546492758	0.
3679.	-0.41355055551087433	0.	-0.16575597029960817	0.
3680.	-0.42586040490537924	0.	-0.7292842219431753	0.
3681.	-0.31253986183549276	0.	0.23513365016254756	0.
3682.	-0.14232764711376544	0.	0.9063499700057961	0.
3683.	-0.018472206165011995	0.	-0.0594919025570796	0.
3684.	-0.016102587489371056	0.	-0.9860347400834347	0.
3685.	-0.1366561699790768	0.	-0.23644103495184418	0.
3686.	-0.30700676816754957	0.	0.7845575297254279	0.
3687.	-0.423821995076329	0.	0.24684204818140495	0.
3688.	-0.41624330156987915	0.	-0.7354855988753711	0.
3689.	-0.28886782143351974	0.	-0.22865545337563625	0.
3690.	-0.11895981170507053	0.	0.8759736649753855	0.
3691.	-0.00958319114263309	0.	0.4947303208605892	0.
3692.	-0.027084350087182962	0.	-0.7613788788504436	0.
3693.	-0.16084732036632435	0.	-0.6763642801986816	0.
3694.	-0.3297332791327357	0.	0.5080158119953645	0.
3695.	-0.43129827002798293	0.	0.5809611211842708	0.
3696.	-0.4039343324443461	0.	-0.5240268752274041	0.
3697.	-0.2642400637318918	0.	-0.6380414752313496	0.
3698.	-0.09695213277699506	0.	0.5580528803591852	0.
3699.	-0.003545153710931087	0.	0.8900639976439515	0.
3700.	-0.040678546635926016	0.	-0.29167811960360734	0.
3701.	-0.1858276936853926	0.	-0.8895518041411514	0.
3702.	-0.3509470699702509	0.	0.08928172278447279	0.
3703.	-0.43587747752365114	0.	0.7433120548019991	0.
3704.	-0.38910127077840495	0.	-0.15059673010419128	0.
3705.	-0.23899226907070545	0.	-0.8604004601600215	0.
3706.	-0.07660457856876274	0.	0.04882923771522023	0.
3707.	-0.0004403933020933268	0.	0.9936195097612346	0.
3708.	-0.05669988602794129	0.	0.2650012456433668	0.
3709.	-0.21125680338820307	0.	-0.8174083670600762	0.
3710.	-0.3703589932644216	0.	-0.3417041644936025	0.
3711.	-0.43749720222131694	0.	0.6899107809117401	0.
3712.	-0.37194629361221854	0.	0.27928697596484797	0.
3713.	-0.2134685689923163	0.	-0.8160266363416218	0.
3714.	-0.05819448955193206	0.	-0.4880702314667129	0.
3715.	-0.0003112283038602115	0.	0.76982981235364	0.
3716.	-0.07492999480347196	0.	0.7252751158089531	0.
3717.	-0.23678804657859936	0.	-0.49382574504871496	0.
3718.	-0.3877044613463947	0.	-0.6581910270079183	0.
3719.	-0.43613536700965166	0.	0.4367992558677415	0.
3720.	-0.35270322607262844	0.	0.6382465198135077	0.
3721.	-0.1880168556771667	0.	-0.5076314491701663	0.
3722.	-0.041972798229660574	0.	-0.8747975393657074	0.
3723.	-0.003159419256726581	0.	0.29300645276811477	0.
3724.	-0.09512039361850996	0.	0.9419920836380992	0.
3725.	-0.26207342826316465	0.	-0.02949857729139757	0.
3726.	-0.402747052667795	0.	-0.772680751077022	0.
3727.	-0.431810533924061	0.	0.05532064347148802	0.
3728.	-0.3316343542965315	0.	0.8137389474097338	0.
3729.	-0.1629840401131082	0.	-0.02449995040711997	0.
3730.	-0.028160608891123932	0.	-0.979393081211766	0.
3731.	-0.008946144854644678	0.	-0.2778530391773282	0.
3732.	-0.11699588405630251	0.	0.8517189789312295	0.
3733.	-0.28676830458145	0.	0.42697283726087343	0.
3734.	-0.4152817342646868	0.	-0.6591635299454852	0.
3735.	-0.4245816511422906	0.	-0.3467036038655546	0.
3736.	-0.3090268504287914	0.	0.7434010750315303	0.
3737.	-0.13871132364307887	0.	0.4822392208413299	0.
3738.	-0.016946183920698243	0.	-0.7620173910598631	0.
3739.	-0.01759253108856551	0.	-0.753247618602354	0.
3740.	-0.140258299627036	0.	0.49264473024972705	0.
3741.	-0.3105360803561782	0.	0.7371027388510858	0.
3742.	-0.42513765639045825	0.	-0.3568665564116362	0.
3743.	-0.41454724951136945	0.	-0.6535682486214845	0.
3744.	-0.2851888584219847	0.	0.437917693247052	0.
3745.	-0.1155295473365392	0.	0.846922555802686	0.
3746.	-0.008482377753009973	0.	-0.2906133689634477	0.
3747.	-0.02898072630804712	0.	-0.9773914616442911	0.
3748.	-0.16459056982819026	0.	-0.011833229246509841	0.
3749.	-0.33305279694211776	0.	0.8139425236666356	0.
3750.	-0.43218048122494646	0.	0.0436915431712222	0.
3751.	-0.40184409955516487	0.	-0.773399550131445	0.
3752.	-0.2604452939788892	0.	-0.01725144958331029	0.
3753.	-0.09375468257183357	0.	0.9444144835724801	0.
3754.	-0.0028845534421763075	0.	0.28033786980387954	0.
3755.	-0.042955507562378537	0.	-0.8801520932656137	0.
3756.	-0.18966104186253824	0.	-0.49669988274944	0.
3757.	-0.35401154783336175	0.	0.644789182585821	0.
3758.	-0.4363142139216451	0.	0.4272245113275074	0.
3759.	-0.3866453472730032	0.	-0.6650702392563344	0.
3760.	-0.2351334159049597	0.	-0.48409816819610063	0.
3761.	-0.07368352429256142	0.	0.7342350230644148	0.
3762.	-0.00022901024187549357	0.	0.7613214184863978	0.
3763.	-0.05932639631271749	0.	-0.49901240952111425	0.
3764.	-0.21512800112290034	0.	-0.8102088031093481	0.
3765.	-0.37312666184955146	0.	0.29008308049992954	0.
3766.	-0.43748251103172686	0.	0.6852803520972733	0.
3767.	-0.3691581541267308	0.	-0.35270625196229133	0.
3768.	-0.20959822920907173	0.	-0.8133074962693285	0.
3769.	-0.055589645648943475	0.	0.2777053152889212	0.
3770.	-0.0005519436388128733	0.	0.9920050051390035	0.
3771.	-0.0778702546847625	0.	0.035828995788980855	0.
3772.	-0.24064432881599468	0.	-0.8614178757577858	0.
3773.	-0.3901375968813421	0.	-0.13888527472352458	0.
3774.	-0.4356694484760433	0.	0.745027803783201	0.
3775.	-0.34962087340079684	0.	0.0774915899895313	0.
3776.	-0.18418778263693356	0.	-0.8924686762293415	0.
3777.	-0.039719669146078884	0.	-0.2792650602178389	0.
3778.	-0.003848951997104111	0.	0.8958542458250013	0.
3779.	-0.09833432687609343	0.	0.5471324371754696	0.
3780.	-0.2658622332503646	0.	-0.6454637752955528	0.
3781.	-0.40481249111992496	0.	-0.5149631600414242	0.
3782.	-0.4308997385916372	0.	0.588518854588675	0.
3783.	-0.32829980140601667	0.	0.49907366608605963	0.
3784.	-0.1592484247034991	0.	-0.6854898634179466	0.
3785.	-0.02628990514162921	0.	-0.753243247810585	0.
3786.	-0.01007509655806747	0.	0.5060508177618516	0.
3787.	-0.12043968425769706	0.	0.8705519565225832	0.
3788.	-0.29043799029051076	0.	-0.24008535054321625	0.
3789.	-0.4169513233724005	0.	-0.7317873198793353	0.
3790.	-0.4232383932995806	0.	0.25797477893006526	0.
3791.	-0.3054855478188589	0.	0.7812857189833295	0.
3792.	-0.13512008290843225	0.	-0.2489731505609682	0.
3793.	-0.01548340350203274	0.	-0.9848199354534525	0.
3794.	-0.019145513958569393	0.	-0.046285895923176064	0.
3795.	-0.14388502721657553	0.	0.9080554530748491	0.
3796.	-0.3140366283746258	0.	0.22327608939595434	0.
3797.	-0.4263886393824962	0.	-0.7320256111745347	0.
3798.	-0.41278983798098784	0.	-0.15441191031034904	0.
3799.	-0.2814890746206238	0.	0.8294972760034353	0.
3800.	-0.11213163047229441	0.	0.2818548238644213	0.
3801.	-0.007447458600218976	0.	-0.893504084944404	0.
3802.	-0.03093657293667401	0.	-0.5772598142224554	0.
3803.	-0.1683507919187453	0.	0.6572065283043398	0.
3804.	-0.33633649423183937	0.	0.6026995485841705	0.
3805.	-0.43299580700046375	0.	-0.5206219793217551	0.
3806.	-0.3996964881422273	0.	-0.5303157380043155	0.
3807.	-0.256637457642235	0.	0.6176706898263516	0.
3808.	-0.09059640373671182	0.	0.7348819887199306	0.
3809.	-0.002291601671156395	0.	-0.5065275602047834	0.
3810.	-0.04528755944228491	0.	-0.9127471041791855	0.
3811.	-0.19350350601659905	0.	0.20776181072654293	0.
3812.	-0.3570336370665943	0.	0.7888558965351744	0.
3813.	-0.43668276945795476	0.	-0.1609999198946075	0.
3814.	-0.3841368082690241	0.	-0.7575353832759876	0.
3815.	-0.2312694284595571	0.	0.20142176304089138	0.
3816.	-0.07080793134121886	0.	0.9577053173670966	0.
3817.	-0.00008610788065416264	0.	0.049082213980147164	0.
3818.	-0.06200286719711238	0.	-0.946501473189816	0.
3819.	-0.21900033392895346	0.	-0.2914847285064726	0.
3820.	-0.3758459514586246	0.	0.7350380437170589	0.
3821.	-0.4373992728562647	0.	0.2435788319343536	0.
3822.	-0.3663228793264389	0.	-0.7627034272775208	0.
3823.	-0.20573075743340827	0.	-0.29461936740307004	0.
3824.	-0.053035933379182665	0.	0.8701295238376969	0.
3825.	-0.0008610384715681263	0.	0.588944893298611	0.
3826.	-0.08085466384092474	0.	-0.6739966948855296	0.
3827.	-0.2444937497498528	0.	-0.6829555822300327	0.
3828.	-0.39251702250753	0.	0.46661750078261177	0.
3829.	-0.4351355511389255	0.	0.5782019368776061	0.
3830.	-0.346497508060957	0.	-0.5352795265310364	0.
3831.	-0.18036954079781156	0.	-0.7133228044233966	0.
3832.	-0.03752264507099637	0.	0.49397360461165574	0.
3833.	-0.004605831009823452	0.	0.9337859507826369	0.
3834.	-0.10158599632245885	0.	-0.19114017317819232	0.
3835.	-0.26963627407806035	0.	-0.850248073341782	0.
3836.	-0.4068196208053998	0.	0.0692766701407157	0.
3837.	-0.42992245920028926	0.	0.7470601254938398	0.
3838.	-0.32493091750335357	0.	-0.13484885814339964	0.
3839.	-0.15553145605806004	0.	-0.9151258816279669	0.
3840.	-0.024479515057290346	0.	-0.051260716408806625	0.
3841.	-0.011269443366562236	0.	0.9702164643223091	0.
3842.	-0.12391429321179953	0.	0.34052879414507037	0.
3843.	-0.29408521022281775	0.	-0.7518598536948622	0.
3844.	-0.418558799613051	0.	-0.3385825449092416	0.
3845.	-0.42183105233117324	0.	0.6994666158396254	0.
3846.	-0.30191706378732164	0.	0.32235192581753425	0.
3847.	-0.13155505034350534	0.	-0.825569718182839	0.
3848.	-0.01408432331898167	0.	-0.5866201751154434	0.
3849.	-0.02076104942264073	0.	0.688701136326474	0.
3850.	-0.1475352161933508	0.	0.7491104591896762	0.
3851.	-0.3175073152117198	0.	-0.4293281183789738	0.
3852.	-0.4275745520169079	0.	-0.640263129123936	0.
3853.	-0.4109716177214157	0.	0.44476767802077927	0.
3854.	-0.2777696294791123	0.	0.6957778566460204	0.
3855.	-0.10876712596155685	0.	-0.4636860133477425	0.
3856.	-0.006478758008636454	0.	-0.9334822362011619	0.
3857.	-0.03295127704547507	0.	0.18570942747589894	0.
3858.	-0.1721268082493838	0.	0.9086596003730923	0.
3859.	-0.33958334194742756	0.	0.010594995528271922	0.
3860.	-0.43374399184579965	0.	-0.7524252050366784	0.
3861.	-0.39749217122883307	0.	0.051900187116610985	0.
3862.	-0.2528177480312936	0.	0.8634634123847219	0.
3863.	-0.08747828602261065	0.	0.05993532417836539	0.
3864.	-0.0017664842176684514	0.	-0.9744698629238857	0.
3865.	-0.0476739714504647	0.	-0.37025091417785166	0.
3866.	-0.1973538819847473	0.	0.7777758683051301	0.
3867.	-0.36001239059925694	0.	0.4319860472868006	0.
3868.	-0.4369830286325273	0.	-0.6462320607721359	0.
3869.	-0.3815764398998162	0.	-0.36737720380410743	0.
3870.	-0.22740151764235406	0.	0.7625117346828175	0.
3871.	-0.06797870087440612	0.	0.5765946937892781	0.
3872.	-0.000011731002547449298	0.	-0.6941718311742047	0.
3873.	-0.06472845992230683	0.	-0.796386894618963	0.
3874.	-0.2228725882851703	0.	0.4087508099435443	0.
3875.	-0.3785160099136602	0.	0.7115422813544734	0.
3876.	-0.4372475137802082	0.	-0.3535768557453616	0.
3877.	-0.36344135773815156	0.	-0.6884789379227065	0.
3878.	-0.2018673656623262	0.	0.41346339642144886	0.
3879.	-0.050534153031986356	0.	0.9144900548618583	0.
3880.	-0.00123841593537527	0.	-0.18512757835414098	0.
3881.	-0.08388228701130501	0.	-0.9568216408290449	0.
3882.	-0.24833510303726591	0.	-0.07388736272281954	0.
3883.	-0.3948419925544639	0.	0.7733650387475548	0.
3884.	-0.4345338423127339	0.	0.04230724453307955	0.
3885.	-0.34333410886177385	0.	-0.8100486722290414	0.
3886.	-0.17656332673062342	0.	-0.08118706332856207	0.
3887.	-0.03538241451525069	0.	0.9570615476491774	0.
3888.	-0.005429819100894406	0.	0.38331852786453635	0.
3889.	-0.10487438294213505	0.	-0.8062835968931392	0.
3890.	-0.2733943680279618	0.	-0.5164305130152697	0.
3891.	-0.40876781272438945	0.	0.6075431717017901	0.
3892.	-0.42887900201266443	0.	0.42917703095040916	0.
3893.	-0.32152875833712397	0.	-0.686096306195289	0.
3894.	-0.15183429901116188	0.	-0.5660770186182227	0.
3895.	-0.022730005982967594	0.	0.6843467386871204	0.
3896.	-0.012528810993976791	0.	0.8225585991286783	0.
3897.	-0.12741862203623514	0.	-0.4020760146530202	0.
3898.	-0.29770882140388094	0.	-0.7853318619200441	0.
3899.	-0.4201036592320083	0.	0.2690308257387502	0.
3900.	-0.4203600692731797	0.	0.695720087616288	0.
3901.	-0.2983225166373915	0.	-0.343962419639249	0.
3902.	-0.12801734316860947	0.	-0.8818925122189684	0.
3903.	-0.012749381820001182	0.	0.1822076465067847	0.
3904.	-0.022438631199763817	0.	0.9885984307265299	0.
3905.	-0.15120772265150983	0.	0.11843788644853198	0.
3906.	-0.3209470532140028	0.	-0.8068216848785783	0.
3907.	-0.42869502264792425	0.	-0.14093689821400285	0.
3908.	-0.40909315853101047	0.	0.7620507542699599	0.
3909.	-0.27403168860665467	0.	0.11911689733816287	0.
3910.	-0.10543708818087391	0.	-0.9186608157985645	0.
3911.	-0.005576579553699557	0.	-0.3847954043029197	0.
3912.	-0.03502420726007882	0.	0.8300883833217536	0.
3913.	-0.1759174354822921	0.	0.5857293423686101	0.
3914.	-0.34279232258402914	0.	-0.5853638464793179	0.
3915.	-0.43442480129199934	0.	-0.5044481031168997	0.
3916.	-0.3952318396109771	0.	0.6031524492910428	0.
3917.	-0.2489873621771242	0.	0.5620626549499712	0.
3918.	-0.0844013065933289	0.	-0.6551869238629339	0.
3919.	-0.001309365645395466	0.	-0.8282717204617603	0.
3920.	-0.05011399572804426	0.	0.40413355989943656	0.
3921.	-0.20121096312634176	0.	0.8541780169178882	0.
3922.	-0.3629468749417437	0.	-0.19724568347996624	0.
3923.	-0.43721489735131225	0.	-0.7191954987969711	0.
3924.	-0.37896504454085134	0.	0.2586211990187851	0.
3925.	-0.22353089558865435	0.	0.8424231617703883	0.
3926.	-0.0651967195260279	0.	-0.1700322438337146	0.
3927.	-5.902914536438941e-6	0.	-0.9999144086822614	0.
3928.	-0.06750232033440107	0.	-0.144952711834836	0.
3929.	-0.22674355069356866	0.	0.8474084432863712	0.
3930.	-0.38113600046439977	0.	0.23644537276998162	0.
3931.	-0.4370272813626157	0.	-0.7253923791569504	0.
3932.	-0.3605144923814026	0.	-0.1751992402020883	0.
3933.	-0.19800926461648705	0.	0.8627113508495803	0.
3934.	-0.04808508862190766	0.	0.38134998759235456	0.
3935.	-0.0016839577693967822	0.	-0.8422200765139981	0.
3936.	-0.08695217539068628	0.	-0.6357849644107317	0.
3937.	-0.2521671848653717	0.	0.5787934013635947	0.
3938.	-0.3971117784162653	0.	0.5875831177540025	0.
3939.	-0.43386451056192277	0.	-0.5211770307558674	0.
3940.	-0.3401316671562607	0.	-0.5702547259184859	0.
3941.	-0.1727703332375697	0.	0.6053076926605889	0.
3942.	-0.03329964818902598	0.	0.8169315287425958	0.
3943.	-0.006320658047967248	0.	-0.408197604785628	0.
3944.	-0.10819845621010159	0.	-0.9109991975342673	0.
3945.	-0.2771353373775217	0.	0.14222403352922716	0.
3946.	-0.410656456346979	0.	0.7577332131558002	0.
3947.	-0.42776969403055326	0.	-0.16316112893399687	0.
3948.	-0.31809439008603557	0.	-0.8034383815018984	0.
3949.	-0.14815811218709296	0.	0.14302752418794465	0.
3950.	-0.021041926185411626	0.	0.9893701511038214	0.
3951.	-0.013852804773908822	0.	0.15687483354142895	0.
3952.	-0.13095157253502548	0.	-0.8882282290707131	0.
3953.	-0.30130768825511556	0.	-0.3217024489452107	0.
3954.	-0.4215854180970525	0.	0.7038557135930789	0.
3955.	-0.4188259051069722	0.	0.2480343246343716	0.
3956.	-0.29470303283696564	0.	-0.7949165791818296	0.
3957.	-0.12450807003877151	0.	-0.38022076708773656	0.
3958.	-0.011478997350990283	0.	0.8371017493716595	0.
3959.	-0.02417773356377323	0.	0.665189353458925	0.
3960.	-0.15490139569193678	0.	-0.5842173458845272	0.
3961.	-0.3243547644279649	0.	-0.6715023648351959	0.
3962.	-0.42974970013998237	0.	0.4472140656625292	0.
3963.	-0.40715504908784966	0.	0.5941817638261722	0.
3964.	-0.27027642340835256	0.	-0.5362079120663842	0.
3965.	-0.10214256070737815	0.	-0.7941715895420494	0.
3966.	-0.004741205961982103	0.	0.40702839495226695	0.
3967.	-0.03715471396107814	0.	0.9501495454444457	0.
3968.	-0.1797214857001333	0.	-0.10527044462037723	0.
3969.	-0.3459624305019896	0.	-0.8074650421267097	0.
3970.	-0.43503802198635766	0.	0.06474265605801127	0.
3971.	-0.3929162016359653	0.	0.7717966351563301	0.
3972.	-0.2451475004574583	0.	-0.09783347376012816	0.
3973.	-0.0813664297195789	0.	-0.9584536624229173	0.
3974.	-0.0009203892076131703	0.	-0.1598369802018759	0.
3975.	-0.05260686761206371	0.	0.9219225408158725	0.
3976.	-0.20507354069870942	0.	0.3910486397815731	0.
3977.	-0.36583617047760736	0.	-0.6985143735278123	0.
3978.	-0.43737830294980357	0.	-0.33353707875520466	0.
3979.	-0.37630344055726983	0.	0.7223834790268705	0.
3980.	-0.21965877528525424	0.	0.38809573708481127	0.
3981.	-0.06246285911985652	0.	-0.8114082678776099	0.
3982.	-0.0000686254429226596	0.	-0.6754172107940783	0.
3983.	-0.07032357915304507	0.	0.5958710779667328	0.
3984.	-0.23061200806101803	0.	0.7487096560257769	0.
3985.	-0.38370510205169484	0.	-0.3868037404589104	0.
3986.	-0.4367386446201863	0.	-0.634646528274742	0.
3987.	-0.35754320048419136	0.	0.45206265564225934	0.
3988.	-0.1941576633578156	0.	0.7669860161961528	0.
3989.	-0.04568950764342952	0.	-0.39399268856036945	0.
3990.	-0.002197524344351484	0.	-0.968265720910155	0.
3991.	-0.09006336692781841	0.	0.08481680042345513	0.
3992.	-0.25598879432562915	0.	0.8624069575106362	0.
3993.	-0.3993256687816974	0.	0.02909698182616538	0.
3994.	-0.4331277656449355	0.	-0.7528146879066195	0.
3995.	-0.33689118653797623	0.	0.03383840697029833	0.
3996.	-0.1689917489759859	0.	0.9113149638130006	0.
3997.	-0.0312749987967299	0.	0.1607823218886016	0.
3998.	-0.007278068676309313	0.	-0.9417918508059392	0.
3999.	-0.1115571744193501	0.	-0.4411298606481533	0.
4000.	-0.2808580097731605	0.	0.7075777772279079	0.
4001.	-0.41248495980621513	0.	0.42553392995605205	0.
4002.	-0.42659488289045455	0.	-0.6525547247935903	0.
4003.	-0.31462888902164066	0.	-0.41007604389602675	0.
4004.	-0.14450404764076402	0.	0.76458439507332	0.
4005.	-0.01941580467738921	0.	0.670582566976591	0.
4006.	-0.015241009793210553	0.	-0.6067309169555957	0.
4007.	-0.1345120375421267	0.	-0.8124124318861173	0.
4008.	-0.30488068295575993	0.	0.343160571341264	0.
4009.	-0.42300361184942403	0.	0.6895895365596785	0.
4010.	-0.41722904061223365	0.	-0.3591105709902423	0.
4011.	-0.29105974666986684	0.	-0.7426565113605246	0.
4012.	-0.1210283306986067	0.	0.3640927738041062	0.
4013.	-0.010273568029409597	0.	0.9647687131925016	0.
4014.	-0.025977811512148896	0.	-0.07668396917711408	0.
4015.	-0.15861507778053047	0.	-0.915361908011008	0.
4016.	-0.32772938093448434	0.	-0.11156295070259953	0.
4017.	-0.43073825397496945	0.	0.7494591647255281	0.
4018.	-0.4051578967602424	0.	0.04670351513912843	0.
4019.	-0.2665050107201645	0.	-0.8541381818510505	0.
4020.	-0.0988845759883828	0.	-0.16688650092051358	0.
4021.	-0.003972899024040438	0.	0.9428174027221481	0.
4022.	-0.03934212948290412	0.	0.4713826503691449	0.
4023.	-0.1835377667786901	0.	-0.7266714411991224	0.
4024.	-0.3490926722449397	0.	-0.516677056477848	0.
4025.	-0.43558346175400187	0.	0.5920911624190672	0.
4026.	-0.3905459829865845	0.	0.4488811420022961	0.
4027.	-0.24129936621699705	0.	-0.698943770823395	0.
4028.	-0.07837460648291644	0.	-0.6567958015022393	0.
4029.	-0.0005996768016594822	0.	0.6095972200683589	0.
4030.	-0.0551518058798654	0.	0.8575361456058261	0.
4031.	-0.20894040423740315	0.	-0.31670533745851637	0.
4032.	-0.3686793717523218	0.	-0.75438806185833	0.
4033.	-0.4374731942177861	0.	0.26472885754399916	0.
4034.	-0.37359246205153135	0.	0.727637041255929	0.
4035.	-0.2157863701876019	0.	-0.31474786607382427	0.
4036.	-0.05977797640011946	0.	-0.9419445195765934	0.
4037.	-0.0001998789307292026	0.	0.07474000945520633	0.
4038.	-0.07319135224523476	0.	0.9590080904590206	0.
4039.	-0.2344767480805921	0.	0.17760920947561948	0.
4040.	-0.3862225095620041	0.	-0.7618961255294286	0.
4041.	-0.4363816940065654	0.	-0.13898965732245402	0.
4042.	-0.3545284131992095	0.	0.7942064069223804	0.
4043.	-0.19031376891384072	0.	0.1844446318730916	0.
4044.	-0.04334816082917611	0.	-0.9224293576076676	0.
4045.	-0.0027789547216642008	0.	-0.4840963971877151	0.
4046.	-0.09321488662974192	0.	0.7495106599780419	0.
4047.	-0.2597987337911998	0.	0.5995374376688266	0.
4048.	-0.4014829698558355	0.	-0.5458741436999012	0.
4049.	-0.43232383844340394	0.	-0.5044161333214634	0.
4050.	-0.3336136825132308	0.	0.6193337000048039	0.
4051.	-0.16522875809077045	0.	0.6412187040438544	0.
4052.	-0.029309100826331147	0.	-0.5982051788267342	0.
4053.	-0.008301750950934966	0.	-0.8814790602002864	0.
4054.	-0.11494948500739274	0.	0.30502174560951845	0.
4055.	-0.2845612185924333	0.	0.8225452756527765	0.
4056.	-0.4142527500784849	0.	-0.17633614092651484	0.
4057.	-0.42535493675969877	0.	-0.7265654103951711	0.
4058.	-0.31113334117008806	0.	0.24620924364137248	0.
4059.	-0.1408732504901291	0.	0.9045914749300883	0.
4060.	-0.017852151060037902	0.	-0.07185495988717482	0.
4061.	-0.016692991007441243	0.	-0.9870075599955347	0.
4062.	-0.13809890127054147	0.	-0.22467947090669282	0.
4063.	-0.30842668578918864	0.	0.7874670029462536	0.
4064.	-0.4243577960527234	0.	0.23637309860152242	0.
4065.	-0.41556997621842223	0.	-0.73880120394488	0.
4066.	-0.2873937998775601	0.	-0.21789223128486235	0.
4067.	-0.11757921564053943	0.	0.8809047120005353	0.
4068.	-0.009133471617275641	0.	0.48404320462696426	0.
4069.	-0.027838300929190984	0.	-0.7688653165861095	0.
4070.	-0.16234760511296634	0.	-0.6677109219606261	0.
4071.	-0.33106984518792887	0.	0.5162790567736703	0.
4072.	-0.4316603743574211	0.	0.5737670053434031	0.
4073.	-0.4031023274209929	0.	-0.5324165598923323	0.
4074.	-0.26271863243837545	0.	-0.6309610157877484	0.
4075.	-0.09566415501992889	0.	0.5681946886198239	0.
4076.	-0.0032718995157929587	0.	0.8844929807091753	0.
4077.	-0.04158576832850458	0.	-0.3032443340941576	0.
4078.	-0.1873650827620867	0.	-0.8866650083203765	0.
4079.	-0.35218206684767417	0.	0.10028964200366103	0.
4080.	-0.4360609496670411	0.	0.7415517451506182	0.
4081.	-0.38812192644680515	0.	-0.16154605363803648	0.
4082.	-0.23744416539590538	0.	-0.8592877632857626	0.
4083.	-0.07542677446638041	0.	0.06100725785597069	0.
4084.	-0.00034732893529131927	0.	0.9949669727382149	0.
4085.	-0.05774801299387283	0.	0.25307038686362315	0.
4086.	-0.21281034193348042	0.	-0.8210945500673934	0.
4087.	-0.371475587754162	0.	-0.33134686830448434	0.
4088.	-0.43749954142103586	0.	0.6941037422393435	0.
4089.	-0.37083295859482407	0.	0.2691087146765865	0.
4090.	-0.21191489383977807	0.	-0.8213345839727462	0.
4091.	-0.0571429127633227	0.	-0.477731634647743	0.
4092.	-0.00039962224735806684	0.	0.7776693916523744	0.
4093.	-0.07610474089983021	0.	0.7167695539597498	0.
4094.	-0.23833655960909156	0.	-0.5028302361709927	0.
4095.	-0.3886874340851024	0.	-0.6516245540391145	0.
4096.	-0.43595654138373274	0.	0.44567680600099807	0.
4097.	-0.35147107530695704	0.	0.6319859389810683	0.
4098.	-0.18647878589282557	0.	-0.5177920651187073	0.
4099.	-0.041061781918339896	0.	-0.8696321976598852	0.
4100.	-0.0034280666882601785	0.	0.30481868697897074	0.
4101.	-0.0964057468664636	0.	0.9395642597043126	0.
4102.	-0.26359580929490345	0.	-0.04094390251012823	0.
4103.	-0.40358300557756094	0.	-0.7718518734744215	0.
4104.	-0.43145298089472994	0.	0.06620386287843388	0.
4105.	-0.33030018219695995	0.	0.8133902696981018	0.
4106.	-0.16148253983637278	0.	-0.03637382414412181	0.
4107.	-0.027402570356202895	0.	-0.9811046863111107	0.
4108.	-0.009391384066509356	0.	-0.265861931740219	0.
4109.	-0.11837432488215202	0.	0.8560571934523951	0.
4110.	-0.28824380331239324	0.	0.4166589677601632	0.
4111.	-0.41595927317210735	0.	-0.6642642611357612	0.
4112.	-0.42405024421543985	0.	-0.33710922200946847	0.
4113.	-0.30760884197882493	0.	0.749165800072478	0.
4114.	-0.13726685856797918	0.	0.4723976342452718	0.
4115.	-0.016351455352704103	0.	-0.7701067792966327	0.
4116.	-0.018208293395921338	0.	-0.7449138791608938	0.
4117.	-0.14171103965730353	0.	0.5022895637639154	0.
4118.	-0.3119445855004723	0.	0.7310727281696009	0.
4119.	-0.42564754632842416	0.	-0.3663041885032412	0.
4120.	-0.41384923184915257	0.	-0.6481907384731813	0.
4121.	-0.2837063413066296	0.	0.4481001010616595	0.
4122.	-0.11416180575640161	0.	0.8422784313341218	0.
4123.	-0.008059065398703436	0.	-0.30251853551605135	0.
4124.	-0.029758618770664137	0.	-0.9753546857672196	0.
4125.	-0.16609780798112955	0.	0.000013813748464777675	0.
4126.	-0.3343751103446893	0.	0.8139751816100511	0.
4127.	-0.4325157723119062	0.	0.03279714362226227	0.
4128.	-0.4009889852516379	0.	-0.7739166909811759	0.
4129.	-0.25891847514793653	0.	-0.0057616714369366495	0.
4130.	-0.09248230702720066	0.	0.9465229945633228	0.
4131.	-0.0026384271163629736	0.	0.2684256287405391	0.
4132.	-0.04388492738205549	0.	-0.8850142823649843	0.
4133.	-0.19120223423697258	0.	-0.4863890699210779	0.
4134.	-0.3552296461488052	0.	0.6507810410422785	0.
4135.	-0.4364703360844694	0.	0.41817160838470424	0.
4136.	-0.3856447916753686	0.	-0.671386305111966	0.
4137.	-0.2335831061448445	0.	-0.4748858277296548	0.
4138.	-0.0725238574684913	0.	0.7425086090250972	0.
4139.	-0.0001634246869171574	0.	0.7532273138942374	0.
4140.	-0.060394675343760515	0.	-0.5091652624255172	0.
4141.	-0.21668214101545985	0.	-0.8046218330799663	0.
4142.	-0.37422394219964666	0.	0.3001225713334397	0.
4143.	-0.4374573363016286	0.	0.6808019878140558	0.
4144.	-0.3680257949705241	0.	-0.36295238260395324	0.
4145.	-0.20804555949610795	0.	-0.8093138975413328	0.
4146.	-0.05455849399299317	0.	0.28956534279108415	0.
4147.	-0.0006677927960218044	0.	0.9903289904411802	0.
4148.	-0.07906283211282733	0.	0.02366147972491158	0.
4149.	-0.24219023304881318	0.	-0.8622105989703175	0.
4150.	-0.39109910315525037	0.	-0.12790273657295254	0.
4151.	-0.4354633199877988	0.	0.746480532840833	0.
4152.	-0.34837214492578994	0.	0.06642026022160467	0.
4153.	-0.18265391611074688	0.	-0.8950441828361806	0.
4154.	-0.03883108742058189	0.	-0.2675853188048394	0.
4155.	-0.004144656825209314	0.	0.9011266508750444	0.
4156.	-0.09963494767551614	0.	0.5368236029558824	0.
4157.	-0.26737883089759784	0.	-0.6522830826228974	0.
4158.	-0.405625117831897	0.	-0.5063794053104741	0.
4159.	-0.43051546591065515	0.	0.5954779568337986	0.
4160.	-0.3269517239838281	0.	0.490590989823532	0.
4161.	-0.15775426821380223	0.	-0.6939258699698057	0.
4162.	-0.02555600486347509	0.	-0.7454940455970941	0.
4163.	-0.010546626551376764	0.	0.5165636231921187	0.
4164.	-0.12183062075587996	0.	0.8653298750080374	0.
4165.	-0.2919046098786906	0.	-0.25072682358703974	0.
4166.	-0.4176039942884476	0.	-0.7281772662286516	0.
4167.	-0.42268121412445503	0.	0.26835389885493455	0.
4168.	-0.30405649596307915	0.	0.7780680034932628	0.
4169.	-0.13368600205251152	0.	-0.2606804156377298	0.
4170.	-0.014914187849387889	0.	-0.983517749935936	0.
4171.	-0.019786442085324374	0.	-0.033918057317977826	0.
4172.	-0.1453473207217445	0.	0.9094909132638473	0.
4173.	-0.31543327964102114	0.	0.2121461793235352	0.
4174.	-0.4268724584914663	0.	-0.7344405915783124	0.
4175.	-0.4120673467538543	0.	-0.14374822555719266	0.
4176.	-0.2799985265415492	0.	0.8326352688583641	0.
4177.	-0.11077717200350096	0.	0.27055789238653905	0.
4178.	-0.007050686074413781	0.	-0.8991024428200145	0.
4179.	-0.031738163243258705	0.	-0.5669965143061666	0.
4180.	-0.16986451113513898	0.	0.6647494360044945	0.
4181.	-0.33764414059246173	0.	0.59449843884571	0.
4182.	-0.43330417976915103	0.	-0.5282955592150649	0.
4183.	-0.3988185325352426	0.	-0.5226203805571863	0.
4184.	-0.25510572975104195	0.	0.6262903980417839	0.
4185.	-0.0893400291448011	0.	0.7276081527992118	0.
4186.	-0.0020726803463771044	0.	-0.5172543686086166	0.
4187.	-0.04623888612354585	0.	-0.9078419493122912	0.
4188.	-0.19504801870388744	0.	0.21895867849018483	0.
4189.	-0.3582344550892561	0.	0.7860434361766844	0.
4190.	-0.43681149271651154	0.	-0.1715927496339791	0.
4191.	-0.38311535496183863	0.	-0.7551975261024766	0.
4192.	-0.22971739845634653	0.	0.21290982430660488	0.
4193.	-0.06966676521496534	0.	0.9568321989621834	0.
4194.	-0.000048021692680921824	0.	0.03666058729876401	0.
4195.	-0.0630909635159753	0.	-0.9484642770072024	0.
4196.	-0.22055458812945355	0.	-0.28018063378113006	0.
4197.	-0.3769235737992227	0.	0.7383939691145314	0.
4198.	-0.43734659208515014	0.	0.2332740639964115	0.
4199.	-0.36517185089335824	0.	-0.7665087003069554	0.
4200.	-0.20417957973991904	0.	-0.28383479046454585	0.
4201.	-0.052025529999230075	0.	0.87600948516807	0.
4202.	-0.0010043065373213644	0.	0.5788137378576447	0.
4203.	-0.08206469886697929	0.	-0.6821318628389501	0.
4204.	-0.2460365607256011	0.	-0.6750541612868922	0.
4205.	-0.39345676099741267	0.	0.47504217631463336	0.
4206.	-0.4349021843858779	0.	0.5713041076985398	0.
4207.	-0.345232593205792	0.	-0.5441397424645882	0.
4208.	-0.17884035821823924	0.	-0.7066636567896157	0.
4209.	-0.03665677640091146	0.	0.5047879360043201	0.
4210.	-0.004928500563593646	0.	0.9291900078778943	0.
4211.	-0.10290147708053504	0.	-0.20280101960585997	0.
4212.	-0.2711466130638176	0.	-0.8481353827460469	0.
4213.	-0.40760866665692685	0.	0.0801576602890546	0.
4214.	-0.42951158729194266	0.	0.7456702136708586	0.
4215.	-0.32356935722160063	0.	-0.14609688188938047	0.
4216.	-0.15404511159865858	0.	-0.9147713275285867	0.
4217.	-0.023769983025464514	0.	-0.03894170807585222	0.
4218.	-0.011767116371853556	0.	0.9726103237651501	0.
4219.	-0.1253172894870709	0.	0.3290658654647407	0.
4220.	-0.2955424910536597	0.	-0.7560895396149171	0.
4221.	-0.4191863980021726	0.	-0.32856294744042464	0.
4222.	-0.4212482755178957	0.	0.70403544395042	0.
4223.	-0.3004774163658056	0.	0.31217406705553963	0.
4224.	-0.13013180312279227	0.	-0.8317309137322544	0.
4225.	-0.01354079896400183	0.	-0.5767425514206763	0.
4226.	-0.02142694251367147	0.	0.6972863104766426	0.
4227.	-0.14900660491723222	0.	0.7414462954335188	0.
4228.	-0.3188916749127238	0.	-0.4384961558257481	0.
4229.	-0.42803214867626366	0.	-0.6341278716684141	0.
4230.	-0.4102248793464283	0.	0.45394759942200724	0.
4231.	-0.2762715175471214	0.	0.6898636271325056	0.
4232.	-0.1074263750679065	0.	-0.47449508357934234	0.
4233.	-0.006108649654102738	0.	-0.9292316955832592	0.
4234.	-0.033776313990812656	0.	0.19770656192013206	0.
4235.	-0.17364653415620407	0.	0.9071383280640624	0.
4236.	-0.3408759114706936	0.	-0.0006254765122981343	0.
4237.	-0.43402534965821415	0.	-0.7520060545012337	0.
4238.	-0.39659164945665487	0.	0.06293041191909082	0.
4239.	-0.25128159109766013	0.	0.8637377414163612	0.
4240.	-0.08623830610941646	0.	0.047867197069014475	0.
4241.	-0.0015748365014100069	0.	-0.9772315389451036	0.
4242.	-0.048646906865150136	0.	-0.35868995883565696	0.
4243.	-0.19890123096251155	0.	0.7827749843389304	0.
4244.	-0.3611955520131126	0.	0.42216946119972476	0.
4245.	-0.43708431264626607	0.	-0.6516353634521763	0.
4246.	-0.38053440899047286	0.	-0.3578560280096255	0.
4247.	-0.22584825377559348	0.	0.7689948816369652	0.
4248.	-0.06685639306968655	0.	0.5671130305937115	0.
4249.	-1.1561154528993978e-6	0.	-0.7030718160792402	0.
4250.	-0.065836032535172	0.	-0.788931726025814	0.
4251.	-0.22442646971465344	0.	0.41860709483759184	0.
4252.	-0.37957363653715775	0.	0.706098354612839	0.
4253.	-0.4371673434773468	0.	-0.3631613464319473	0.
4254.	-0.36227202074073844	0.	-0.6834139151287834	0.
4255.	-0.20031816610110142	0.	0.42421707522178737	0.
4256.	-0.04954481457283108	0.	0.9106617074166863	0.
4257.	-0.001409058012021902	0.	-0.19731098077526504	0.
4258.	-0.0851094004306162	0.	-0.9557907666970331	0.
4259.	-0.24987433726444652	0.	-0.06231263423150002	0.
4260.	-0.3957596687627716	0.	0.7738913544659521	0.
4261.	-0.4342733104273749	0.	0.03143860075249927	0.
4262.	-0.34205340402901235	0.	-0.8110660987413614	0.
4263.	-0.17503930731647788	0.	-0.06949313230254896	0.
4264.	-0.03453953024633336	0.	0.9601694534563147	0.
4265.	-0.0057793522647300866	0.	0.3717621349542573	0.
4266.	-0.10620431141024847	0.	-0.8119247195400776	0.
4267.	-0.27489797503910673	0.	-0.5067441331026558	0.
4268.	-0.4095330304407378	0.	0.6138132245790013	0.
4269.	-0.4284416596365852	0.	0.4203154653732843	0.
4270.	-0.3201541418850998	0.	-0.6929738031627184	0.
4271.	-0.1503562323763683	0.	-0.5571376609942574	0.
4272.	-0.022045064553419924	0.	0.6934500498721179	0.
4273.	-0.013052471048931702	0.	0.8153265614520326	0.
4274.	-0.12883323841354963	0.	-0.4125219956843875	0.
4275.	-0.2991563067906056	0.	-0.7804858648606318	0.
4276.	-0.4207059884167485	0.	0.2790926510299821	0.
4277.	-0.41975187745457837	0.	0.691569417966392	0.
4278.	-0.29687272481035853	0.	-0.35465557820367677	0.
4279.	-0.1266053756027007	0.	-0.8785939767920871	0.
4280.	-0.012231719092241855	0.	0.19442220586829137	0.
4281.	-0.023129280575409503	0.	0.9879806918625076	0.
4282.	-0.1526877454864765	0.	0.1065385957351774	0.
4283.	-0.3223186875162881	0.	-0.8082241929985381	0.
4284.	-0.42912625345480027	0.	-0.1301538900485325	0.
4285.	-0.4083224070227002	0.	0.7639115424485879	0.
4286.	-0.2725264823049876	0.	0.10788246688904118	0.
4287.	-0.10411046503002432	0.	-0.9221369777177313	0.
4288.	-0.005233251355587887	0.	-0.373377841182212	0.
4289.	-0.03587243229283865	0.	0.8362382430722701	0.
4290.	-0.17744269182315395	0.	0.5761259318198089	0.
4291.	-0.34406941020235204	0.	-0.5924865654987017	0.
4292.	-0.43467905597606293	0.	-0.49620636199308954	0.
4293.	-0.39430903388015986	0.	0.6105138978165259	0.
4294.	-0.2474472576062003	0.	0.5537979332143403	0.
4295.	-0.08317810994794558	0.	-0.6644186059458793	0.
4296.	-0.0011450515974468778	0.	-0.8213208971183572	0.
4297.	-0.05110823497322717	0.	0.41503758196165963	0.
4298.	-0.2027606634816298	0.	0.8498316016873895	0.
4299.	-0.36411200896546314	0.	-0.2078294183617303	0.
4300.	-0.43728871038004014	0.	-0.7159776280863905	0.
4301.	-0.37790276258222344	0.	0.26928910824516905	0.
4302.	-0.22197688462351295	0.	0.839778121057511	0.
4303.	-0.064093621753397	0.	-0.18213569238682056	0.
4304.	-0.00002284264094632208	0.	-0.9996687957284109	0.
4305.	-0.06862902214968619	0.	-0.13280422707704978	0.
4306.	-0.22829657239481357	0.	0.8495843673483822	0.
4307.	-0.38217329992788407	0.	0.22566955667091582	0.
4308.	-0.43691964665158767	0.	-0.7281667872525773	0.
4309.	-0.3593272132695317	0.	-0.16446424749344424	0.
4310.	-0.19646252867896036	0.	0.8666164335585915	0.
4311.	-0.04711712512461469	0.	0.3702221825909888	0.
4312.	-0.0018819203805949813	0.	-0.8487573891210136	0.
4313.	-0.08819598264633602	0.	-0.626255039758456	0.
4314.	-0.2537023599753781	0.	0.5867073796595577	0.
4315.	-0.3980071047586352	0.	0.5798893181201803	0.
4316.	-0.43357689519116727	0.	-0.5291118917108818	0.
4317.	-0.33883557369746276	0.	-0.5627669252564123	0.
4318.	-0.17125195459074605	0.	0.6146363719418987	0.
4319.	-0.03248001246726412	0.	0.810358574975276	0.
4320.	-0.006696945281430819	0.	-0.4194100785073592	0.
4321.	-0.10954241561321493	0.	-0.9070667495659541	0.
4322.	-0.2786317412098785	0.	0.1533341019613611	0.
4323.	-0.4113976061246254	0.	0.7554191097658811	0.
4324.	-0.42730601824285175	0.	-0.17386862439141892	0.
4325.	-0.3167071482445759	0.	-0.8015690614790268	0.
4326.	-0.14668878657842382	0.	0.15490636481842343	0.
4327.	-0.020381790006081243	0.	0.9894985764548815	0.
4328.	-0.01440228777420921	0.	0.14459248348757933	0.
4329.	-0.13237736569781564	0.	-0.8910565207905539	0.
4330.	-0.3027449245819091	0.	-0.31087045693009463	0.
4331.	-0.4221622893163903	0.	0.7075721670745523	0.
4332.	-0.41819248887895055	0.	0.23779278576244084	0.
4333.	-0.29324355094511095	0.	-0.7993387355683772	0.
4334.	-0.1231078246140574	0.	-0.36953263941241066	0.
4335.	-0.010987358478841747	0.	0.8439329335653283	0.
4336.	-0.02489292278728017	0.	0.6557674745783304	0.
4337.	-0.15638958882336335	0.	-0.5928197997605471	0.
4338.	-0.32571324348431013	0.	-0.664267807657472	0.
4339.	-0.4301544299541492	0.	0.4557940945835642	0.
4340.	-0.4063605259854398	0.	0.5875314136061155	0.
4341.	-0.2687645944415605	0.	-0.5456460276665701	0.
4342.	-0.10083048103958378	0.	-0.7881002351989479	0.
4343.	-0.00442476551359515	0.	0.4183995169600398	0.
4344.	-0.0380258612613084	0.	0.9465736386249988	0.
4345.	-0.18125179448612772	0.	-0.11686512198383665	0.
4346.	-0.34722363599827893	0.	-0.805984313096292	0.
4347.	-0.4352650938617701	0.	0.07556873188306712	0.
4348.	-0.3919714011396498	0.	0.770806182384367	0.
4349.	-0.24360393089028254	0.	-0.10941450246367104	0.
4350.	-0.08016039967112937	0.	-0.9590007869803387	0.
4351.	-0.0007834603185888356	0.	-0.14756427033316893	0.
4352.	-0.05362209911231604	0.	0.9252815556237324	0.
4353.	-0.20662510678222	0.	0.3801274121522939	0.
4354.	-0.36698291197953636	0.	-0.7031536655555679	0.
4355.	-0.43742462186090814	0.	-0.3237434040718037	0.
4356.	-0.37522124045092203	0.	0.7274227229535882	0.
4357.	-0.21810450422227468	0.	0.3779785377362974	0.
4358.	-0.061379317071742046	0.	-0.8184786735291343	0.
4359.	-0.00011307447561503814	0.	-0.6661814054384518	0.
4360.	-0.07146905708117321	0.	0.6050298108983837	0.
4361.	-0.23216368334390028	0.	0.7418464395516065	0.
4362.	-0.38472174928381486	0.	-0.39606788017314554	0.
4363.	-0.436603579231873	0.	-0.6288467753482089	0.
4364.	-0.35633835132877467	0.	0.46165984914163666	0.
4365.	-0.19261387576615052	0.	0.7615511811740308	0.
4366.	-0.04474322245017398	0.	-0.4053900400942261	0.
4367.	-0.0024227454520308195	0.	-0.9650279946112086	0.
4368.	-0.09132347823358922	0.	0.09680910680270324	0.
4369.	-0.2575194292204046	0.	0.8616599237699728	0.
4370.	-0.4001983646772351	0.	0.01807679410286278	0.
4371.	-0.43281315692162825	0.	-0.7527721156382428	0.
4372.	-0.335580110623947	0.	0.04509410094085187	0.
4373.	-0.16747948692997447	0.	0.9123612082304309	0.
4374.	-0.030478868480173615	0.	0.14867484917943344	0.
4375.	-0.007680992058450159	0.	-0.945576788425381	0.
4376.	-0.11291474358314989	0.	-0.43012720786979775	0.
4377.	-0.2823467414786238	0.	0.7130741813501522	0.
4378.	-0.41320180937889367	0.	0.41611513226744057	0.
4379.	-0.42610501899988396	0.	-0.658305205411897	0.
4380.	-0.31322945652861517	0.	-0.40062737029888895	0.
4381.	-0.14304392351859413	0.	0.7718833478956018	0.
4382.	-0.01878068062451027	0.	0.6616469617404018	0.
4383.	-0.01581614353791952	0.	-0.61630049830391	0.
4384.	-0.13594856067280514	0.	-0.8058507108984727	0.
4385.	-0.3063072198169631	0.	0.35310460815086964	0.
4386.	-0.42355484432316726	0.	0.6846074445394509	0.
4387.	-0.4165705984770647	0.	-0.3689412532265651	0.
4388.	-0.28959103208885606	0.	-0.73798643438319	0.
4389.	-0.11964024622910416	0.	0.3754161443684962	0.
4390.	-0.009808107083952994	0.	0.9618945135779634	0.
4391.	-0.026717316453361895	0.	-0.0889493358913516	0.
4392.	-0.16011097483527842	0.	-0.9152358019484699	0.
4393.	-0.3290742790223429	0.	-0.1002937259678387	0.
4394.	-0.43111635596238207	0.	0.7503891500403057	0.
4395.	-0.404339851054497	0.	0.03575654248681448	0.
4396.	-0.26498703287055186	0.	-0.855786983366747	0.
4397.	-0.09758745098939842	0.	-0.15509398904247296	0.
4398.	-0.003683445492914078	0.	0.9469548698268735	0.
4399.	-0.040235926048988596	0.	0.46035152315279615	0.
4400.	-0.18507264843834334	0.	-0.7329205733911385	0.
4401.	-0.35033760037821604	0.	-0.507548982260412	0.
4402.	-0.43578327966301106	0.	0.5986240380684108	0.
4403.	-0.38957948380685464	0.	0.44015488380717405	0.
4404.	-0.23975281538312918	0.	-0.7065026789139011	0.
4405.	-0.07718612097757	0.	-0.6482975625805576	0.
4406.	-0.0004901759844876119	0.	0.6194369364467515	0.
4407.	-0.056187711478114355	0.	0.8512384047920463	0.
4408.	-0.2104933498150092	0.	-0.3272779050607252	0.
4409.	-0.36980736136099446	0.	-0.750152628365312	0.
4410.	-0.43749200449717407	0.	0.27487585526464564	0.
4411.	-0.3724906829383091	0.	0.7238361250637304	0.
4412.	-0.21423232610777296	0.	-0.32593907030359837	0.
4413.	-0.058714329637802376	0.	-0.9395005947857037	0.
4414.	-0.00027182334069475456	0.	0.08712957386182822	0.
4415.	-0.07435524731295272	0.	0.9593949145420786	0.
4416.	-0.23602659067572027	0.	0.16607067541082754	0.
4417.	-0.3872181859633921	0.	-0.7637752047111047	0.
4418.	-0.43621924026857634	0.	-0.1282988809967117	0.
4419.	-0.3533063715806599	0.	0.7965676571769092	0.
4420.	-0.1887734134625621	0.	0.17309379413357667	0.
4421.	-0.04242385048990217	0.	-0.9268868473208365	0.
4422.	-0.003031363745119982	0.	-0.4731321987708924	0.
4423.	-0.0944909070892741	0.	0.7563829040774401	0.
4424.	-0.2613243487983016	0.	0.5906225414027096	0.
4425.	-0.40233276181748573	0.	-0.5532236633949124	0.
4426.	-0.4319823349600979	0.	-0.4964188592450165	0.
4427.	-0.3322880350147246	0.	0.6272175211744071	0.
4428.	-0.1637230865621541	0.	0.6333012552079615	0.
4429.	-0.02853672541087668	0.	-0.608196047898732	0.
4430.	-0.00873118421083141	0.	-0.8754492237211937	0.
4431.	-0.1163202384920406	0.	0.31612729843380694	0.
4432.	-0.28604181162862075	0.	0.8189609410088884	0.
4433.	-0.4149450748001059	0.	-0.1868729214734322	0.
4434.	-0.4248390382803463	0.	-0.7237003787057342	0.
4435.	-0.30972215658493685	0.	0.25725545962579077	0.
4436.	-0.13942278543225298	0.	0.9026770687951727	0.
4437.	-0.017242238169652202	0.	-0.08421248975122587	0.
4438.	-0.017293595262102456	0.	-0.9878208942154738	0.
4439.	-0.1395457041872381	0.	-0.212894806733717	0.
4440.	-0.30984207613269005	0.	0.7902267426190455	0.
4441.	-0.4248832170340581	0.	0.22586371954193604	0.
4442.	-0.4148867145208284	0.	-0.7419733836832417	0.
4443.	-0.2859163128780187	0.	-0.20707304301418705	0.
4444.	-0.11620372712769816	0.	0.8856935673641289	0.
4445.	-0.008694334464273742	0.	0.4732745354597422	0.
4446.	-0.028601889842740424	0.	-0.7762227839928703	0.
4447.	-0.163850737303319	0.	-0.6589548700111605	0.
4448.	-0.33240074083886506	0.	0.5244339715247537	0.
4449.	-0.43201173002681925	0.	0.5664613241720412	0.
4450.	-0.4022610154747663	0.	-0.5407099368906453	0.
4451.	-0.2611949814130805	0.	-0.6237560666789677	0.
4452.	-0.09438239118354748	0.	0.5782529681280931	0.
4453.	-0.003009523610508019	0.	0.8787789644236195	0.
4454.	-0.042501934059335	0.	-0.3147526548264543	0.
4455.	-0.18890405628958162	0.	-0.8836285969378914	0.
4456.	-0.3534103274798107	0.	0.11126383033539736	0.
4457.	-0.4362334509864939	0.	0.7396432052386259	0.
4458.	-0.38713403146892295	0.	-0.17247619434982225	0.
4459.	-0.23589511795646356	0.	-0.8580204548980275	0.
4460.	-0.0742562059559449	0.	0.07318715595441813	0.
4461.	-0.0002652905041010366	0.	0.9961551791929077	0.
4462.	-0.0588042680543186	0.	0.24110842039045477	0.
4463.	-0.2143641803395666	0.	-0.8246312141797827	0.
4464.	-0.3725844719787229	0.	-0.32093877576051877	0.
4465.	-0.43749083717325604	0.	0.698157467627069	0.
4466.	-0.3697119457556785	0.	0.2588661599125521	0.
4467.	-0.21036156375477086	0.	-0.8265060022293087	0.
4468.	-0.05609949461751483	0.	-0.46730585650873296	0.
4469.	-0.0004990394890709293	0.	0.7853838508744844	0.
4470.	-0.07728668836277389	0.	0.7081541226907048	0.
4471.	-0.23988408382291043	0.	-0.5117318545598332	0.
4472.	-0.38966182762825036	0.	-0.6449389254107333	0.
4473.	-0.4357667502072971	0.	0.454466986702065	0.
4474.	-0.3502322241916843	0.	0.6255970381219618	0.
4475.	-0.18494234530256853	0.	-0.5278772223360484	0.
4476.	-0.04015973609692214	0.	-0.8643215063401289	0.
4477.	-0.0037075845286385634	0.	0.31657950219568376	0.
4478.	-0.09769727659502861	0.	0.936982775496219	0.
4479.	-0.26511592630986874	0.	-0.0523646092473498	0.
4480.	-0.4044096272958574	0.	-0.7708725590555017	0.
4481.	-0.43108468967436364	0.	0.0770785497020754	0.
4482.	-0.32896037854929683	0.	0.8128887045018186	0.
4483.	-0.15998393067666455	0.	-0.04825750009659181	0.
4484.	-0.026654191891561915	0.	-0.9826585070602029	0.
4485.	-0.009847192629162782	0.	-0.25383238253750806	0.
4486.	-0.11975783311600718	0.	0.8602464417017597	0.
4487.	-0.28971579368815686	0.	0.4062844341121541	0.
4488.	-0.416626856077882	0.	-0.6692297432785019	0.
4489.	-0.42350847281904186	0.	-0.3274417488976368	0.
4490.	-0.3061863475399458	0.	0.7548004915638832	0.
4491.	-0.1358265071250062	0.	0.46246342743793833	0.
4492.	-0.015766944762277135	0.	-0.7780758447488765	0.
4493.	-0.018834179938947537	0.	-0.7364641747374306	0.
4494.	-0.14316766895591648	0.	0.5118367588767844	0.
4495.	-0.31334838576724333	0.	0.7249162208281189	0.
4496.	-0.42614699115924215	0.	-0.3756633366502274	0.
4497.	-0.4131413647102168	0.	-0.6426808348260159	0.
4498.	-0.282220544906588	0.	0.4582160491314853	0.
4499.	-0.11279934425330673	0.	0.8374874594435204	0.
4500.	-0.007646389657819552	0.	-0.3143790386927916	0.
4501.	-0.03054605235942419	0.	-0.9731612543169241	0.
4502.	-0.16760770424974147	0.	0.011844715066595644	0.
4503.	-0.33569158647866926	0.	0.8138551380941278	0.
4504.	-0.43284027155320215	0.	0.0219004652465305	0.
4505.	-0.40012467071528546	0.	-0.7742828217685479	0.
4506.	-0.25738962843318963	0.	0.0057464726127617605	0.
4507.	-0.09121630603636113	0.	0.9484763906799081	0.
4508.	-0.0024032110624509495	0.	0.2564681003245063	0.
4509.	-0.04482317516675208	0.	-0.889728673207818	0.
4510.	-0.19274481734383192	0.	-0.47600847482549347	0.
4511.	-0.3564408543646676	0.	0.6566413675550332	0.
4512.	-0.43661546675920204	0.	0.4090365101849722	0.
4513.	-0.38463581048819745	0.	-0.6775793844227816	0.
4514.	-0.23203204754507634	0.	-0.4655753717710238	0.
4515.	-0.07137157278960077	0.	0.7506677434233628	0.
4516.	-0.00010887435343254204	0.	0.7450122035890625	0.
4517.	-0.06147094885576371	0.	-0.5192256833398776	0.
4518.	-0.2182363853038931	0.	-0.79890157833531	0.
4519.	-0.3753133735325806	0.	0.3100921666021324	0.
4520.	-0.43742112025373764	0.	0.6761868774482072	0.
4521.	-0.36688589970940194	0.	-0.37314181241570676	0.
4522.	-0.206493430191394	0.	-0.8051725484785988	0.
4523.	-0.053535631452833105	0.	0.30138798335219485	0.
4524.	-0.0007946517135906592	0.	0.9884945229121586	0.
4525.	-0.08026246156827588	0.	0.011502242091986241	0.
4526.	-0.2437349539145417	0.	-0.8628485208374522	0.
4527.	-0.3920519084814582	0.	-0.11690726209011748	0.
4528.	-0.43524625084903723	0.	0.7477840645215552	0.
4529.	-0.34711687254814605	0.	0.05532134492233709	0.
4530.	-0.1811218718766197	0.	-0.8974682891949726	0.
4531.	-0.03795158880259547	0.	-0.2558536914937024	0.
4532.	-0.004451195884536324	0.	0.906253297871257	0.
4533.	-0.10094158193087575	0.	0.5264367827836968	0.
4534.	-0.26889297354327457	0.	-0.6589743477464627	0.
4535.	-0.4064283102576384	0.	-0.49770429354470924	0.
4536.	-0.4301205023681762	0.	0.602321368170711	0.
4537.	-0.3255981840564445	0.	0.48200445572937645	0.
4538.	-0.15626319106095382	0.	-0.702254390915018	0.
4539.	-0.02483185787457476	0.	-0.737619721123338	0.
4540.	-0.011028667574586953	0.	0.5269894234678851	0.
4541.	-0.12322645017404804	0.	0.8599685550324723	0.
4542.	-0.29336753629607926	0.	-0.26130653345164956	0.
4543.	-0.4182466261719517	0.	-0.724425908507071	0.
4544.	-0.4221137395950882	0.	0.2786865832924169	0.
4545.	-0.3026231374557624	0.	0.7747019535514634	0.
4546.	-0.1322562156033015	0.	-0.2723582726506593	0.
4547.	-0.014355262732338357	0.	-0.9820565538706648	0.
4548.	-0.02043741477762423	0.	-0.021551122150018812	0.
4549.	-0.14681331992232494	0.	0.9107699109193803	0.
4550.	-0.3168250499053087	0.	0.20099312169921907	0.
4551.	-0.4273457706555263	0.	-0.7367079902373268	0.
4552.	-0.4113350960078161	0.	-0.13304717408161312	0.
4553.	-0.2785048863632777	0.	0.8356263849032761	0.
4554.	-0.1094281644840111	0.	0.25920246650369083	0.
4555.	-0.006664601070116044	0.	-0.9045581507541358	0.
4556.	-0.0325491947404469	0.	-0.5566479972203009	0.
4557.	-0.17138069830699995	0.	0.6721677075656456	0.
4558.	-0.33894578464815206	0.	0.5861970511531189	0.
4559.	-0.433601720891138	0.	-0.5358607130790979	0.
4560.	-0.39793148627189723	0.	-0.5148150727697413	0.
4561.	-0.25357216646105113	0.	0.6348105898331533	0.
4562.	-0.08809018774305527	0.	0.720205789025124	0.
4563.	-0.0018646978565427935	0.	-0.5279000796918845	0.
4564.	-0.04719892193238759	0.	-0.9027926554682438	0.
4565.	-0.1965937279731796	0.	0.23010140634188067	0.
4566.	-0.35942823131619606	0.	0.7830850825353975	0.
4567.	-0.4369292072615381	0.	-0.18214961210786318	0.
4568.	-0.3820856037627617	0.	-0.752710817781909	0.
4569.	-0.2281648147714238	0.	0.22437725029402394	0.
4570.	-0.06853312547343889	0.	0.9558006806776768	0.
4571.	-0.000020976549857165683	0.	0.024232772160478734	0.
4572.	-0.06418691819341255	0.	-0.9502696794222533	0.
4573.	-0.22210875122436943	0.	-0.26884385623571266	0.
4574.	-0.3779932108339924	0.	0.7416037044573798	0.
4575.	-0.43728287558702805	0.	0.22292178188946288	0.
4576.	-0.3640134304351663	0.	-0.7701721430152108	0.
4577.	-0.20262913762623272	0.	-0.2729848712054612	0.
4578.	-0.0510235436125705	0.	0.881751075904245	0.
4579.	-0.0011585673727487616	0.	0.568591052895054	0.
4580.	-0.08328163437359037	0.	-0.6901459379569455	0.
4581.	-0.24757799415259676	0.	-0.6670440894798013	0.
4582.	-0.39438767951383763	0.	0.48336544339777	0.
4583.	-0.43465790530977455	0.	0.5642898887937318	0.
4584.	-0.34396129294669375	0.	-0.5529092212845319	0.
4585.	-0.17731319045526905	0.	-0.6998730260258229	0.
4586.	-0.035800100605712495	0.	0.5155277885722133	0.
4587.	-0.005261964777692529	0.	0.9244462041913488	0.
4588.	-0.1042228063871396	0.	-0.2144148970913716	0.
4589.	-0.272654306836528	0.	-0.8458724283812935	0.
4590.	-0.40838817808329647	0.	0.0910130425532486	0.
4591.	-0.4290900752026262	0.	0.7441308140471953	0.
4592.	-0.32220250519232707	0.	-0.1573338202068652	0.
4593.	-0.15256203373021077	0.	-0.9142599800974935	0.
4594.	-0.023070294452032014	0.	-0.026609453023823823	0.
4595.	-0.012275238792014427	0.	0.9748468154010714	0.
4596.	-0.12672500266017594	0.	0.31756153113308866	0.
4597.	-0.2969958950583469	0.	-0.760174285140218	0.
4598.	-0.41980387747310466	0.	-0.31848559292521644	0.
4599.	-0.42065527569209105	0.	0.7084677181351122	0.
4600.	-0.2990336429823415	0.	0.30192361570343085	0.
4601.	-0.1287130297395002	0.	-0.8377591825824886	0.
4602.	-0.013007634480708616	0.	-0.5667678514067841	0.
4603.	-0.022102797349257214	0.	0.7057543345168849	0.
4604.	-0.15048151459847212	0.	0.7336659284250122	0.
4605.	-0.3202709790175564	0.	-0.44756943130954707	0.
4606.	-0.4284791798444153	0.	-0.627869550485439	0.
4607.	-0.40946847446813645	0.	0.46304610439569327	0.
4608.	-0.27477050167249367	0.	0.6838151435634506	0.
4609.	-0.10609124428507165	0.	-0.4852371643111228	0.
4610.	-0.005749276379676316	0.	-0.92483076619011	0.
4611.	-0.034610689230945346	0.	0.20966360020006844	0.
4612.	-0.17516853708580538	0.	0.9054629294730943	0.
4613.	-0.34216231553782717	0.	-0.011830314424837562	0.
4614.	-0.4342958394161789	0.	-0.7514365654744071	0.
4615.	-0.3956821494494643	0.	0.07395975122867976	0.
4616.	-0.24974379182435455	0.	0.8638576321308624	0.
4617.	-0.08500501597519172	0.	0.035778546985301966	0.
4618.	-0.0013941527528800735	0.	-0.979837031589814	0.
4619.	-0.04962842983921947	0.	-0.347079714383663	0.
4620.	-0.20044958199325305	0.	0.7876304448932498	0.
4621.	-0.3623715221438517	0.	0.41228508924913615	0.
4622.	-0.43717457417469807	0.	-0.6569073609043887	0.
4623.	-0.3794842104839989	0.	-0.3482545392143193	0.
4624.	-0.22429463155704016	0.	0.7753515925295255	0.
4625.	-0.06574175352870382	0.	0.5575292837821819	0.
4626.	-1.6246397387398304e-6	0.	-0.711859254075745	0.
4627.	-0.06695132492667377	0.	-0.781353822131593	0.
4628.	-0.22598006457261702	0.	0.42837487779263295	0.
4629.	-0.38062314406733694	0.	0.7005246625726733	0.
4630.	-0.4370761464969394	0.	-0.3726739755948477	0.
4631.	-0.36109543811321687	0.	-0.6782118231485534	0.
4632.	-0.19876989706006612	0.	0.43491218723802894	0.
4633.	-0.04856401834386054	0.	0.9066815412024661	0.
4634.	-0.0015906724266524508	0.	-0.20946108552241902	0.
4635.	-0.08634326062074854	0.	-0.9546026976468065	0.
4636.	-0.2514120001969816	0.	-0.050744155873523294	0.
4637.	-0.3966684087353236	0.	0.774266281097165	0.
4638.	-0.43400189796878275	0.	0.020560214640629848	0.
4639.	-0.34076647429242385	0.	-0.8119319056572487	0.
4640.	-0.1735174946119833	0.	-0.057770972915581205	0.
4641.	-0.03370594573909982	0.	0.9631235900763986	0.
4642.	-0.00613963713107038	0.	0.36014932640958125	0.
4643.	-0.10753992168584289	0.	-0.8174237514461541	0.
4644.	-0.27639874745093873	0.	-0.49698045785166833	0.
4645.	-0.41028861658401045	0.	0.6199570084469068	0.
4646.	-0.42799373109486005	0.	0.4113654377870784	0.
4647.	-0.3187744061010618	0.	-0.6997321880927476	0.
4648.	-0.148881618563456	0.	-0.548091490967109	0.
4649.	-0.021370053662118194	0.	0.7024462952321829	0.
4650.	-0.013586515629788853	0.	0.8079663767201919	0.
4651.	-0.1302523941883286	0.	-0.42288544046546284	0.
4652.	-0.3005997329109744	0.	-0.7755036464379922	0.
4653.	-0.42129812196595096	0.	0.28909210131017915	0.
4654.	-0.4191335381681974	0.	0.6872786654651984	0.
4655.	-0.29541898900333513	0.	-0.36529947751961134	0.
4656.	-0.12519805990631425	0.	-0.8751431000440923	0.
4657.	-0.011724482325149888	0.	0.20661044733948547	0.
4658.	-0.023829805753930882	0.	0.9872037234897667	0.
4659.	-0.15417110343768675	0.	0.09463686579783878	0.
4660.	-0.3236850932112678	0.	-0.8094741820983294	0.
4661.	-0.42954686353555827	0.	-0.11935037193918369	0.
4662.	-0.40754208505704076	0.	0.7656237142986514	0.
4663.	-0.2710185611272341	0.	0.09661153922751992	0.
4664.	-0.10278962939282862	0.	-0.9254629810364191	0.
4665.	-0.004900702433070864	0.	-0.361897317787321	0.
4666.	-0.03672988979776154	0.	0.8422481299242139	0.
4667.	-0.17897003354134033	0.	0.566436494554116	0.
4668.	-0.34534017114196036	0.	-0.5994877533051653	0.
4669.	-0.4349224096036033	0.	-0.48786772956009294	0.
4670.	-0.3933773651517865	0.	0.6177641125733183	0.
4671.	-0.24590570427008918	0.	0.5454216958630637	0.
4672.	-0.08196175757225382	0.	-0.6735497189997505	0.
4673.	-0.000991723212677098	0.	-0.8142376231063451	0.
4674.	-0.052110937520175815	0.	0.425864921266947	0.
4675.	-0.20431117104917396	0.	0.8453430546889804	0.
4676.	-0.3652698044694785	0.	-0.21835994041909945	0.
4677.	-0.4373514906041772	0.	-0.7126164075744861	0.
4678.	-0.37683244588396286	0.	0.27991779424272223	0.
4679.	-0.2204227107509017	0.	0.836980868856658	0.
4680.	-0.06299833172188107	0.	-0.1942202282577914	0.
4681.	-0.00005082468728237607	0.	-0.9992631114712371	0.
4682.	-0.06976330273923925	0.	-0.12064530237579593	0.
4683.	-0.22984911214275106	0.	0.8516067719686362	0.
4684.	-0.3832023490570112	0.	0.2148626378929815	0.
4685.	-0.4368009977688805	0.	-0.7307955351680898	0.
4686.	-0.35813283719339195	0.	-0.15368389246352118	0.
4687.	-0.19491691791271415	0.	0.8703760229743069	0.
4688.	-0.04615782641765548	0.	0.3590252176143058	0.
4689.	-0.0020908314553730323	0.	-0.8551576586070051	0.
4690.	-0.08944638084839207	0.	-0.6166313120600377	0.
4691.	-0.25523577053414537	0.	0.5945042898242646	0.
4692.	-0.3988933814045131	0.	0.5720901537254034	0.
4693.	-0.43327843440456465	0.	-0.536943646138153	0.
4694.	-0.3375334177857305	0.	-0.555162728056461	0.
4695.	-0.16973597385436695	0.	0.6238720287427149	0.
4696.	-0.03166978048162328	0.	0.8036498554219728	0.
4697.	-0.0070839378952998605	0.	-0.43055185177514893	0.
4698.	-0.1108918882991058	0.	-0.9029870889826328	0.
4699.	-0.2801251219455763	0.	0.16439962106531492	0.
4700.	-0.41212903019423386	0.	0.7529581911630974	0.
4701.	-0.4268318136210378	0.	-0.18454741656113477	0.
4702.	-0.3153149610918933	0.	-0.7995480324298386	0.
4703.	-0.14522309893978042	0.	0.16677431481574778	0.
4704.	-0.01973166833478785	0.	0.9894673352177522	0.
4705.	-0.014962087152913084	0.	0.1322922699143013	0.
4706.	-0.13380751933649143	0.	-0.8937306874803149	0.
4707.	-0.3041779204728149	0.	-0.2999972422015816	0.
4708.	-0.4227288913808992	0.	0.7111457196264815	0.
4709.	-0.4175490039079391	0.	0.22749650118183504	0.
4710.	-0.2917803082877575	0.	-0.8036208888411386	0.
4711.	-0.12171240763212986	0.	-0.3587692381532518	0.
4712.	-0.01050620838723626	0.	0.8506310195561562	0.
4713.	-0.025617898776358228	0.	0.6462450433983155	0.
4714.	-0.1578809301856337	0.	-0.6013095011485029	0.
4715.	-0.32706632256197904	0.	-0.6569196597482261	0.
4716.	-0.4305484871351438	0.	0.4642791051296892	0.
4717.	-0.4055565314714987	0.	0.5807594884325112	0.
4718.	-0.26725024051593294	0.	-0.5549996388658048	0.
4719.	-0.0995243544751041	0.	-0.7818905820220692	0.
4720.	-0.004119145156132056	0.	0.42970630910649105	0.
4721.	-0.03890613231894023	0.	0.9428464945305343	0.
4722.	-0.18278399634803794	0.	-0.12842334450985066	0.
4723.	-0.34847835557588547	0.	-0.8043532625030926	0.
4724.	-0.4354812350954343	0.	0.08637680835463235	0.
4725.	-0.39101785565747194	0.	0.7696646345440412	0.
4726.	-0.24205910658627056	0.	-0.12099338469335058	0.
4727.	-0.07896136623822958	0.	-0.9593898369769154	0.
4728.	-0.0006575353488104674	0.	-0.13526665474673144	0.
4729.	-0.054645667001092774	0.	0.9284865157898399	0.
4730.	-0.20817728498325788	0.	0.3691555546504525	0.
4731.	-0.3681221700239912	0.	-0.7076525728527433	0.
4732.	-0.43745990110610905	0.	-0.3138852630859948	0.
4733.	-0.37413114097966	0.	0.7323279941022354	0.
4734.	-0.21655026574639374	0.	0.3677797998237533	0.
4735.	-0.06030371979337493	0.	-0.8254210556158799	0.
4736.	-0.00016856127148545674	0.	-0.656839285469256	0.
4737.	-0.07262197040578772	0.	0.6140801684509651	0.
4738.	-0.23371468144383178	0.	0.7348619599878601	0.
4739.	-0.38573001752399777	0.	-0.40524482032768494	0.
4740.	-0.4364575156285996	0.	-0.6229199563270734	0.
4741.	-0.35512655610231525	0.	0.4711818456917439	0.
4742.	-0.191071407640753	0.	0.7559760367916311	0.
4743.	-0.043805721892886326	0.	-0.41673005542616187	0.
4744.	-0.0026588877208509887	0.	-0.961636199317596	0.
4745.	-0.0925900225970685	0.	0.10877252406884638	0.
4746.	-0.2590481068630974	0.	0.8607592587421101	0.
4747.	-0.40106190025481475	0.	0.007064031816627903	0.
4748.	-0.4324877413383328	0.	-0.752578971477441	0.
4749.	-0.33426313660936985	0.	0.05635711346341271	0.
4750.	-0.1659698132468525	0.	0.9132519942638615	0.
4751.	-0.029692242929022283	0.	0.13653556399308003	0.
4752.	-0.00809457114181529	0.	-0.9492086714602207	0.
4753.	-0.11427765577866947	0.	-0.4190653812578629	0.
4754.	-0.28383226253841437	0.	0.7184325371413544	0.
4755.	-0.41390884216097185	0.	0.40662207133409134	0.
4756.	-0.4256046869057901	0.	-0.6639279855478122	0.
4757.	-0.3118252542928262	0.	-0.39109056555031174	0.
4758.	-0.14158762137465336	0.	0.7790604877426351	0.
4759.	-0.018155651912070414	0.	0.6526001238465046	0.
4760.	-0.016401522285518444	0.	-0.6257663987877704	0.
4761.	-0.1373892639876892	0.	-0.7991608853847876	0.
4762.	-0.3077293364007525	0.	0.3629688540753846	0.
4763.	-0.4240957373392418	0.	0.6794925768266981	0.
4764.	-0.4159021694792679	0.	-0.378706573180878	0.
4765.	-0.2881187411386273	0.	-0.7331742888886559	0.
4766.	-0.1182571652605388	0.	0.3866899659198558	0.
4767.	-0.009353194452244251	0.	0.958864633875772	0.
4768.	-0.027466516058912593	0.	-0.10119299098178453	0.
4769.	-0.16160983224835063	0.	-0.9149532340192659	0.
4770.	-0.3304136074501561	0.	-0.08902176762631259	0.
4771.	-0.4314837367525801	0.	0.7511688834749257	0.
4772.	-0.40351243594965236	0.	0.024792177287510764	0.
4773.	-0.26346672076997063	0.	-0.8572837242195407	0.
4774.	-0.09629644281231248	0.	-0.14326263897258995	0.
4775.	-0.0034048494768646326	0.	0.9509413989386762	0.
4776.	-0.04113873479814885	0.	0.44925358323127024	0.
4777.	-0.1866092302805545	0.	-0.7390339754352448	0.
4778.	-0.35157588538629164	0.	-0.49833707654317433	0.
4779.	-0.43597214076731877	0.	0.6050354590082825	0.
4780.	-0.3886043603962999	0.	0.4313334897590103	0.
4781.	-0.23820520423258662	0.	-0.7139470149413341	0.
4782.	-0.07600478224462032	0.	-0.6396837969875948	0.
4783.	-0.00039169389221355155	0.	0.6291782450212369	0.
4784.	-0.0572318239421753	0.	0.8448067582787775	0.
4785.	-0.21204671222457266	0.	-0.3377776468552197	0.
4786.	-0.370927724923378	0.	-0.7457786830246578	0.
4787.	-0.4374997717086899	0.	0.2849675464559233	0.
4788.	-0.3713811423120604	0.	0.7198913928597958	0.
4789.	-0.21267851010030267	0.	-0.3370893824356591	0.
4790.	-0.05765876218966444	0.	-0.9369005152237124	0.
4791.	-0.00035479750123945664	0.	0.09950443112039656	0.
4792.	-0.07552643206953386	0.	0.9596232106601694	0.
4793.	-0.23757556107111513	0.	0.15451988036235673	0.
4794.	-0.38820535734246475	0.	-0.7655041435497152	0.
4795.	-0.43604580771883733	0.	-0.11758023917713545	0.
4796.	-0.35207753695911886	0.	0.7987807402659847	0.
4797.	-0.18723457136220234	0.	0.16169675348793966	0.
4798.	-0.04150844188019537	0.	-0.9311967227474164	0.
4799.	-0.0032946632037903975	0.	-0.4620943851527589	0.
4800.	-0.09577320069926418	0.	0.763121951681554	0.
4801.	-0.2628478144621067	0.	0.5816147809066703	0.
4802.	-0.40317328570707334	0.	-0.5604577473546404	0.
4803.	-0.431630066562524	0.	-0.4883190561060822	0.
4804.	-0.33095665561298293	0.	0.6349948372595147	0.
4805.	-0.16222019303658158	0.	0.6252643485702545	0.
4806.	-0.027773952807149616	0.	-0.6180945842487815	0.
4807.	-0.009171220155434506	0.	-0.8692808329726331	0.
4808.	-0.11769616308523811	0.	0.32716662229534155	0.
4809.	-0.2875190074761511	0.	0.8152325944677736	0.
4810.	-0.415627494722103	0.	-0.19736436470349192	0.
4811.	-0.42431273550986076	0.	-0.7206896249517332	0.
4812.	-0.3083063793197017	0.	0.26827027639053463	0.
4813.	-0.13797632516481761	0.	0.900606987320115	0.
4814.	-0.016642498287219143	0.	-0.09656239685139606	0.
4815.	-0.017904369930242657	0.	-0.9884746441725559	0.
4816.	-0.14099650568717875	0.	-0.2010891060791503	0.
4817.	-0.31125286774446453	0.	0.7928363474269524	0.
4818.	-0.4253982314952669	0.	0.215315883681404	0.
4819.	-0.4141935509707609	0.	-0.7450014992200682	0.
4820.	-0.28443543502494706	0.	-0.19619980017434838	0.
4821.	-0.11483341560528201	0.	0.8903393184306383	0.
4822.	-0.008265801855195348	0.	0.46242612009354783	0.
4823.	-0.029375078276165312	0.	-0.7834500724256259	0.
4824.	-0.16535664105046843	0.	-0.6500977225350544	0.
4825.	-0.33372589889413984	0.	0.5324791385594102	0.
4826.	-0.4323523192948663	0.	0.5590454638150197	0.
4827.	-0.401410439075583	0.	-0.5489054270277961	0.
4828.	-0.25966918757693225	0.	-0.6164278320950907	0.
4829.	-0.09310690597597499	0.	0.5882259405164553	0.
4830.	-0.002758039244252858	0.	0.8729228987516124	0.
4831.	-0.04342699757581117	0.	-0.3262011442286561	0.
4832.	-0.1904445365726805	0.	-0.8804432052811486	0.
4833.	-0.35463178986183336	0.	0.12220229757506576	0.
4834.	-0.43639497277678474	0.	0.7375868052053504	0.
4835.	-0.38613763571730675	0.	-0.18338512181483158	0.
4836.	-0.2343452049550181	0.	-0.8565986528698949	0.
4837.	-0.07309293213279405	0.	0.08536684353039266	0.
4838.	-0.0001942821533241889	0.	0.9971839232221331	0.
4839.	-0.05986859788618837	0.	0.2291174036472033	0.
4840.	-0.21591824016009786	0.	-0.8280178370618367	0.
4841.	-0.3736855899542527	0.	-0.31048182965618065	0.
4842.	-0.43747108991616346	0.	0.7020711968117367	0.
4843.	-0.3685833116866581	0.	0.24856116268558967	0.
4844.	-0.20880865715368463	0.	-0.8315398817834624	0.
4845.	-0.05506428779293887	0.	-0.45679464063212494	0.
4846.	-0.000609475007238125	0.	0.7929718927464093	0.
4847.	-0.0784757775230503	0.	0.6994303542617644	0.
4848.	-0.24143054109377796	0.	-0.5205290873801544	0.
4849.	-0.3906275927815063	0.	-0.6381354334436841	0.
4850.	-0.43556600306142623	0.	0.46316814318052113	0.
4851.	-0.3489867352711558	0.	0.619080912038797	0.
4852.	-0.18340761147210266	0.	-0.5378850960270847	0.
4853.	-0.03926670630472265	0.	-0.8588663155212481	0.
4854.	-0.003997958662736167	0.	0.3282869176177477	0.
4855.	-0.09899491760408216	0.	0.9342481597172547	0.
4856.	-0.2666337025690535	0.	-0.06375866917705059	0.
4857.	-0.40522687609253677	0.	-0.7697430500949975	0.
4858.	-0.4307056788545967	0.	0.08794266779058801	0.
4859.	-0.3276150109929299	0.	0.8122342470285474	0.
4860.	-0.15848828828783218	0.	-0.060148906540497635	0.
4861.	-0.025915511275100035	0.	-0.9840542311140087	0.
4862.	-0.010313547535236167	0.	-0.2417664332403456	0.
4863.	-0.12114633891578	0.	0.8642860863977269	0.
4864.	-0.29118420139621626	0.	0.39585114677773026	0.
4865.	-0.4172844492816243	0.	-0.674059095542301	0.
4866.	-0.4229563643070312	0.	-0.3177029701871405	0.
4867.	-0.30475943892669555	0.	0.7603040430486662	0.
4868.	-0.1343903420263547	0.	0.45243827067017994	0.
4869.	-0.015192681658616425	0.	-0.7859232087551381	0.
4870.	-0.019470159122790598	0.	-0.7278999667331404	0.
4871.	-0.14462811398674644	0.	0.5212847153972537	0.
4872.	-0.31474741028874664	0.	0.7186344154140341	0.
4873.	-0.42663596566988804	0.	-0.3849422720129905	0.
4874.	-0.41242368383270384	0.	-0.6370395178655148	0.
4875.	-0.2807315442312362	0.	0.46826367082358966	0.
4876.	-0.11144223161046918	0.	0.832550383763667	0.
4877.	-0.007244371364867053	0.	-0.3261928654279667	0.
4878.	-0.031342987319193535	0.	-0.9708115905844908	0.
4879.	-0.16912018240884935	0.	0.023657414892050928	0.
4880.	-0.33700215888198926	0.	0.8135825095489451	0.
4881.	-0.43315396256682126	0.	0.011003547560700322	0.
4882.	-0.3992511995799549	0.	-0.7744978111849163	0.
4883.	-0.2558588310187448	0.	0.01727093598409396	0.
4884.	-0.08995674351397842	0.	0.9502742526501695	0.
4885.	-0.0021789171554411624	0.	0.24446729987034735	0.
4886.	-0.04577020355051964	0.	-0.8942945200734609	0.
4887.	-0.19428871330861572	0.	-0.46555997210087274	0.
4888.	-0.35764511133492083	0.	0.6623691636646297	0.
4889.	-0.43674959861650126	0.	0.3998209340211012	0.
4890.	-0.3836184546473771	0.	-0.6836482728682891	0.
4891.	-0.23048031840930325	0.	-0.4561683878671672	0.
4892.	-0.07022672842752439	0.	0.7587109722617156	0.
4893.	-0.0000653619950222728	0.	0.7366774717011351	0.
4894.	-0.06255516251369175	0.	-0.5291919938805373	0.
4895.	-0.21979065551975696	0.	-0.7930491441357153	0.
4896.	-0.37639490085284627	0.	0.3199900663480122	0.
4897.	-0.4373738647164942	0.	0.6714358834123773	0.
4898.	-0.3657385258899934	0.	-0.3832726361648514	0.
4899.	-0.20494191965390746	0.	-0.8008840793615928	0.
4900.	-0.05252110966732648	0.	0.313171202095186	0.
4901.	-0.0009325139831210735	0.	0.9865019204307738	0.
4902.	-0.0814690824906899	0.	-0.0006466342849281367	0.
4903.	-0.24527841342830445	0.	-0.8633316354940372	0.
4904.	-0.3929959647574181	0.	-0.10590089178416884	0.
4905.	-0.4350182520179968	0.	0.7489381386824114	0.
4906.	-0.3458551196413666	0.	0.04419685891796524	0.
4907.	-0.17959172727579975	0.	-0.899740467498576	0.
4908.	-0.03708121769189221	0.	-0.24407215615908323	0.
4909.	-0.004768553698603878	0.	0.9112333388753854	0.
4910.	-0.1022541636798481	0.	0.5159738106236686	0.
4911.	-0.2704045847506504	0.	-0.6655364596009502	0.
4912.	-0.4072220278497745	0.	-0.4889394719489374	0.
4913.	-0.429714867903231	0.	0.6090477860461515	0.
4914.	-0.32423924995988895	0.	0.4733155607290993	0.
4915.	-0.1547752685180989	0.	-0.7104739014736539	0.
4916.	-0.02411750073713176	0.	-0.72962157360507	0.
4917.	-0.011521195293776404	0.	0.5373264720020208	0.
4918.	-0.12462710204592346	0.	0.8544690085987492	0.
4919.	-0.2948266956896538	0.	-0.27182261374127237	0.
4920.	-0.4188791865787702	0.	-0.72053399029393	0.
4921.	-0.4215359983618148	0.	0.28897089072281057	0.
4922.	-0.30118554466107245	0.	0.771188079669969	0.
4923.	-0.13083079574762746	0.	-0.2840046742566343	0.
4924.	-0.013806656372160452	0.	-0.9804365583582413	0.
4925.	-0.02109839916861339	0.	-0.009187186263191543	0.
4926.	-0.1482829508046825	0.	0.911892322343248	0.
4927.	-0.31821186890525943	0.	0.18981895494820095	0.
4928.	-0.4278085519771224	0.	-0.7388274178467912	0.
4929.	-0.4105931227124427	0.	-0.12231073415612823	0.
4930.	-0.2770082294939411	0.	0.8384699855077128	0.
4931.	-0.10808467601343064	0.	0.24779047578311525	0.
4932.	-0.0062892230798128335	0.	-0.9098702639654559	0.
4933.	-0.03336962647938381	0.	-0.546216049794561	0.
4934.	-0.17289927689423767	0.	0.6794601261420596	0.
4935.	-0.34024136068735816	0.	0.5777969616210694	0.
4936.	-0.43388841534368494	0.	-0.5433160408126988	0.
4937.	-0.3970353941287662	0.	-0.5069012148681548	0.
4938.	-0.2520368451929907	0.	0.6432296727608927	0.
4939.	-0.08684694262933859	0.	0.7126761033543357	0.
4940.	-0.0016676646987377822	0.	-0.538462888728965	0.
4941.	-0.048167618400876966	0.	-0.8976001405375771	0.
4942.	-0.19814055578843479	0.	0.24118806809901838	0.
4943.	-0.3606149054821799	0.	0.7799814611159316	0.
4944.	-0.437035907152842	0.	-0.19266853146195986	0.
4945.	-0.3810476066556084	0.	-0.7500756437821043	0.
4946.	-0.22661175578392734	0.	0.23582198902162588	0.
4947.	-0.0674070693479318	0.	0.9546108641411548	0.
4948.	-4.9738217371420035e-6	0.	0.011800866416172826	0.
4949.	-0.06529067590194348	0.	-0.9519174435732117	0.
4950.	-0.2236627447568608	0.	-0.2574764279029303	0.
4951.	-0.3790548085654362	0.	0.7446667331208944	0.
4952.	-0.4372081265788212	0.	0.21252392404718345	0.
4953.	-0.3628476764333526	0.	-0.7736930036075347	0.
4954.	-0.20107950936539246	0.	-0.2620714809795688	0.
4955.	-0.050030024802384165	0.	0.8873532585086255	0.
4956.	-0.001323813191506762	0.	0.5582785701283652	0.
4957.	-0.08450540892382805	0.	-0.6980376057645317	0.
4958.	-0.24911797221549198	0.	-0.658926870867001	0.
4959.	-0.39530973106030587	0.	0.4915858066295952	0.
4960.	-0.43440272624465653	0.	0.5571605796809301	0.
4961.	-0.34268367146587614	0.	-0.5615863048490499	0.
4962.	-0.1757881146046994	0.	-0.6929520163761349	0.
4963.	-0.03495266093170815	0.	0.5261913089192394	0.
4964.	-0.005606206817798998	0.	0.9195553613789382	0.
4965.	-0.10554991753409126	0.	-0.2259798281573571	0.
4966.	-0.27415927927946854	0.	-0.8434597197577772	0.
4967.	-0.40915811573285166	0.	0.10184080906526749	0.
4968.	-0.42865794421104186	0.	0.7424421834625482	0.
4969.	-0.32083043042146014	0.	-0.16855762256128343	0.
4970.	-0.15108229732486486	0.	-0.9135918277874225	0.
4971.	-0.022380484658225896	0.	-0.014266039685549936	0.
4972.	-0.012793784975059432	0.	0.9769255934461628	0.
4973.	-0.12813736166418335	0.	0.3060178108998474	0.
4974.	-0.2984453488632863	0.	-0.7641134502127958	0.
4975.	-0.4204112068495785	0.	-0.3083523777417566	0.
4976.	-0.42005208279118006	0.	0.7127625717232141	0.
4977.	-0.29758581652362404	0.	0.29160237645291853	0.
4978.	-0.12729880182552847	0.	-0.8436533971041424	0.
4979.	-0.012484856784355167	0.	-0.5566977425447507	0.
4980.	-0.02278857980892804	0.	0.7141038051645732	0.
4981.	-0.15195987077614842	0.	0.7257707885904496	0.
4982.	-0.3216451578928913	0.	-0.45654635832335677	0.
4983.	-0.42891562295083785	0.	-0.6214893623389502	0.
4984.	-0.40870244127524974	0.	0.47206147037447743	0.
4985.	-0.2732666576358097	0.	0.677633400645317	0.
4986.	-0.10476180101677486	0.	-0.49591036179906495	0.
4987.	-0.005400656327807729	0.	-0.9202801698718864	0.
4988.	-0.035454360641176186	0.	0.22157852354495294	0.
4989.	-0.17669274020091025	0.	0.903633800884038	0.
4990.	-0.34344248920182907	0.	-0.02301748161591541	0.
4991.	-0.4345554474619354	0.	-0.7507168646418778	0.
4992.	-0.39476371712050645	0.	0.08498616042724261	0.
4993.	-0.24820442784699864	0.	0.8638229556181917	0.
4994.	-0.08377847788117826	0.	0.02367144191217436	0.
4995.	-0.0012244420916183232	0.	-0.9822858894098674	0.
4996.	-0.05061849081988018	0.	-0.3354221806864681	0.
4997.	-0.20199885691121505	0.	0.7923414921110633	0.
4998.	-0.3635402416220002	0.	0.4023347839301233	0.
4999.	-0.4372538086601564	0.	-0.6620470711391652	0.
5000.	-0.3784258974019276	0.	-0.33857446887917897	0.
5001.	-0.22274072942086148	0.	0.781580650995181	0.
5002.	-0.06463483852349478	0.	0.5478450468053284	0.
5003.	-0.000013136553921100358	0.	-0.7205326618111143	0.
5004.	-0.06807428078691607	0.	-0.7736545370588974	0.
5005.	-0.22753329442396517	0.	0.4380524874385111	0.
5006.	-0.38166447952315596	0.	0.6948222988422568	0.
5007.	-0.4369739274435608	0.	-0.3821129574861739	0.
5008.	-0.35991166925635465	0.	-0.6728735406033217	0.
5009.	-0.19722263670394863	0.	0.445546805151395	0.
5010.	-0.04759181385890973	0.	0.9025501734322299	0.
5011.	-0.0017832500064121626	0.	-0.22157584349718726	0.
5012.	-0.08758380529064974	0.	-0.9532577195124977	0.
5013.	-0.2529480142061653	0.	-0.03918398822132524	0.
5014.	-0.3975681665977824	0.	0.7744898158071161	0.
5015.	-0.4337196186370017	0.	0.00967412174534793	0.
5016.	-0.3394733846229857	0.	-0.8126458426757905	0.
5017.	-0.1719979654469383	0.	-0.04602262264317425	0.
5018.	-0.032881703079110675	0.	0.9659234023412488	0.
5019.	-0.006510655514633368	0.	0.34848207309402746	0.
5020.	-0.1088811463388947	0.	-0.8227798237538557	0.
5021.	-0.2778966094981425	0.	-0.487141293794793	0.
5022.	-0.4110345330056301	0.	0.6259734273346014	0.
5023.	-0.42753523899959917	0.	0.40232860182950403	0.
5024.	-0.31738962064107445	0.	-0.7063701562521618	0.
5025.	-0.14741053201704857	0.	-0.5389400182602214	0.
5026.	-0.020705007387931074	0.	0.7113339194264255	0.
5027.	-0.014130917772675389	0.	0.800479318643845	0.
5028.	-0.13167601771564638	0.	-0.4331646008472369	0.
5029.	-0.3020390268929693	0.	-0.7703861978057994	0.
5030.	-0.4218800299860822	0.	0.29902732952830374	0.
5031.	-0.41850508262990777	0.	0.6828485879038717	0.
5032.	-0.2939613826028813	0.	-0.3758921618805938	0.
5033.	-0.12379546712787612	0.	-0.8715403888253186	0.
5034.	-0.011227697125896885	0.	0.21877030268042919	0.
5035.	-0.02454017136902453	0.	0.9862677031543627	0.
5036.	-0.15565772161887143	0.	0.08273477465605727	0.
5037.	-0.32504620131653067	0.	-0.8105715224681034	0.
5038.	-0.4299568316525789	0.	-0.10852836795568088	0.
5039.	-0.40675223202714167	0.	0.7671868949714927	0.
5040.	-0.26950800119965546	0.	0.08530611281534314	0.
5041.	-0.1014746479492275	0.	-0.9286381674294254	0.
5042.	-0.0045789495706421435	0.	-0.3503557657359563	0.
5043.	-0.037596536486399906	0.	0.8481170713180608	0.
5044.	-0.18049938352707026	0.	0.556662788232985	0.
5045.	-0.34660454124582557	0.	-0.6063662033461419	0.
5046.	-0.43515484988649156	0.	-0.4794337788459414	0.
5047.	-0.3924368804556201	0.	0.624901700434833	0.
5048.	-0.24436277999301062	0.	0.5369353599419373	0.
5049.	-0.080752310874466	0.	-0.6825786425245333	0.
5050.	-0.0008493882323796775	0.	-0.8070230861664213	0.
5051.	-0.05312205274644323	0.	0.43661376245877787	0.
5052.	-0.20586240755299126	0.	0.8407132657499554	0.
5053.	-0.3664202030038611	0.	-0.22883534441383477	0.
5054.	-0.4374032348540871	0.	-0.7091124715600232	0.
5055.	-0.37575414848248523	0.	0.2905052766256035	0.
5056.	-0.2188684524314698	0.	0.8340317956093984	0.
5057.	-0.061910904725283655	0.	-0.2062837748493876	0.
5058.	-0.00008984763781612858	0.	-0.9986974262120758	0.
5059.	-0.07090510483791423	0.	-0.10847802493411013	0.
5060.	-0.2314010915580774	0.	0.8534754048040265	0.
5061.	-0.38422309590101067	0.	0.20402662672980432	0.
5062.	-0.4366713407026504	0.	-0.7332781218126628	0.
5063.	-0.356931424454178	0.	-0.14286012787136937	0.
5064.	-0.1933725103455548	0.	0.8739893569810335	0.
5065.	-0.04520724092972361	0.	0.3477609742604527	0.
5066.	-0.002310680448274205	0.	-0.8614198158172717	0.
5067.	-0.09070330687386394	0.	-0.606915485847599	0.
5068.	-0.25676733913060323	0.	0.6021828201984585	0.
5069.	-0.39977056361406155	0.	0.564187115641988	0.
5070.	-0.4329691432686047	0.	-0.5446708127252796	0.
5071.	-0.3362252651580151	0.	-0.5474434511138697	0.
5072.	-0.16822246756742187	0.	0.6330129827777805	0.
5073.	-0.03086899313741387	0.	0.7968064650576216	0.
5074.	-0.007481616351760492	0.	-0.4416210524030648	0.
5075.	-0.11224680614113303	0.	-0.8987610052000864	0.
5076.	-0.2816154041931446	0.	0.17541863223248333	0.
5077.	-0.41285069163229565	0.	0.7503509676064486	0.
5078.	-0.4263471041055278	0.	-0.19519550304107144	0.
5079.	-0.31391789890994715	0.	-0.7973755627207859	0.
5080.	-0.14376112326600293	0.	0.17862929890875617	0.
5081.	-0.01909159399486572	0.	0.9892763901508651	0.
5082.	-0.015532174651795017	0.	0.11997627936350114	0.
5083.	-0.13524196124673177	0.	-0.8962503593981976	0.
5084.	-0.3056066035800362	0.	-0.28908479845901547	0.
5085.	-0.4232851956850407	0.	0.7145757441398048	0.
5086.	-0.4168954826805857	0.	0.21714737310861826	0.
5087.	-0.29031337873678503	0.	-0.8077621716931668	0.
5088.	-0.12032188953792194	0.	-0.34793238430419293	0.
5089.	-0.010035571367969176	0.	0.8571948478848187	0.
5090.	-0.02635262493115187	0.	0.6366237055377684	0.
5091.	-0.15937534448981935	0.	-0.6096850406057941	0.
5092.	-0.3284139333499328	0.	-0.649459329706491	0.
5093.	-0.4309318517869991	0.	0.47266752893801056	0.
5094.	-0.4047431061327332	0.	0.5738671991484214	0.
5095.	-0.26573343808404215	0.	-0.5642670094537631	0.
5096.	-0.09822424694932777	0.	-0.7755436246413736	0.
5097.	-0.003824360317019937	0.	0.44094685292517877	0.
5098.	-0.03979548269447046	0.	0.9389688022522158	0.
5099.	-0.18431801393479658	0.	-0.13994310690331357	0.
5100.	-0.3497265258885269	0.	-0.8025722779257668	0.
5101.	-0.4356864347730775	0.	0.09716486327455032	0.
5102.	-0.3900556133274048	0.	0.768372133307464	0.
5103.	-0.24051310553617386	0.	-0.13256805464630939	0.
5104.	-0.07776938995852709	0.	-0.9596206659811763	0.
5105.	-0.0005426206551177315	0.	-0.12294620843153163	0.
5106.	-0.05567751960575125	0.	0.9315369397296204	0.
5107.	-0.20972999694319072	0.	0.3581350404191853	0.
5108.	-0.3692538870982514	0.	-0.7120103446687407	0.
5109.	-0.43748413890518145	0.	-0.3039645042872379	0.
5110.	-0.3730331971787244	0.	0.7370983184117429	0.
5111.	-0.21499613832180578	0.	0.35750127401531107	0.
5112.	-0.059236121588399804	0.	-0.832234169427011	0.
5113.	-0.00023508303028899058	0.	-0.6473924303221982	0.
5114.	-0.07378226092179399	0.	0.6230206520696483	0.
5115.	-0.23526492405980937	0.	0.7277575431186327	0.
5116.	-0.38672985587225084	0.	-0.4143329081158132	0.
5117.	-0.43630046118285104	0.	-0.6168671724649158	0.
5118.	-0.35390787598256634	0.	0.4806268557524011	0.
5119.	-0.1895303368535817	0.	0.7502614696040806	0.
5120.	-0.042877053299430756	0.	-0.42801077980558655	0.
5121.	-0.0029059392280160745	0.	-0.9580909226511858	0.
5122.	-0.093862936076483	0.	0.12070500879206715	0.
5123.	-0.26057475007769093	0.	0.8597052300965343	0.
5124.	-0.4019162319156304	0.	-0.003939265402964021	0.
5125.	-0.43215153532645223	0.	-0.7522352674105333	0.
5126.	-0.3329403309768194	0.	0.06762539460813166	0.
5127.	-0.16446280414249037	0.	0.9139870635803082	0.
5128.	-0.028915161852404503	0.	0.12436651847060418	0.
5129.	-0.008518785045862162	0.	-0.9526869116791704	0.
5130.	-0.11564584220292692	0.	-0.4079463279427807	0.
5131.	-0.28531449795647956	0.	0.7236519746615742	0.
5132.	-0.41460602245853817	0.	0.39705653987861245	0.
5133.	-0.42509391186860385	0.	-0.6694219833269569	0.
5134.	-0.3104163532058841	0.	-0.38146730175567223	0.
5135.	-0.14013521473080764	0.	0.7861144882539747	0.
5136.	-0.01754075009195938	0.	0.6434435580553077	0.
5137.	-0.01699711648277588	0.	-0.6351270401680991	0.
5138.	-0.1388340747547602	0.	-0.7923441974880663	0.
5139.	-0.3091469609131011	0.	0.3727515763277321	0.
5140.	-0.4246262635903253	0.	0.6742459234786203	0.
5141.	-0.41522378736463755	0.	-0.3884046897979542	0.
5142.	-0.28664294814573554	0.	-0.7282208461723096	0.
5143.	-0.1168791576154318	0.	0.397912256278749	0.
5144.	-0.008908853102212733	0.	0.9556795577162627	0.
5145.	-0.028225372503072943	0.	-0.11341286293436731	0.
5146.	-0.1631115743505186	0.	-0.914514355552627	0.
5147.	-0.3317472986039772	0.	-0.07774912949961366	0.
5148.	-0.4318403777983115	0.	0.7517982463698545	0.
5149.	-0.402675693216204	0.	0.013812448948206546	0.
5150.	-0.26194415117070896	0.	-0.8586280308822464	0.
5151.	-0.09501161663505492	0.	-0.13139446895830093	0.
5152.	-0.003137125040887534	0.	0.9547762994639042	0.
5153.	-0.04205051015306597	0.	0.43809074461682634	0.
5154.	-0.18814743473080037	0.	-0.7450106644289405	0.
5155.	-0.3528074647542705	0.	-0.4890430748062884	0.
5156.	-0.43615003553359827	0.	0.611324235666653	0.
5157.	-0.3876206619832268	0.	0.42241854701284354	0.
5158.	-0.236656610897458	0.	-0.7212753731051769	0.
5159.	-0.07483064992528982	0.	-0.6309559256741383	0.
5160.	-0.00030423549767505387	0.	0.6388194972889013	0.
5161.	-0.0582840905614323	0.	0.8382423627191814	0.
5162.	-0.2136004130467534	0.	-0.3482027565534189	0.
5163.	-0.3720404058779255	0.	-0.7412671048258753	0.
5164.	-0.43749649545921165	0.	0.2950020401669878	0.
5165.	-0.37026389618941413	0.	0.715803494703808	0.
5166.	-0.21112500060842954	0.	-0.34819680020303156	0.
5167.	-0.05661132734121095	0.	-0.9341446566852285	0.
5168.	-0.0004487972196154377	0.	0.11186249267466679	0.
5169.	-0.07670484738728012	0.	0.9596930174751293	0.
5170.	-0.2391235810695715	0.	0.14295888774227278	0.
5171.	-0.3891839738626214	0.	-0.7670826939501576	0.
5172.	-0.43586140511059723	0.	-0.10683573746901653	0.
5173.	-0.3508419713719312	0.	0.800845164251972	0.
5174.	-0.18569732030074343	0.	0.15025548426412422	0.
5175.	-0.04060198121104708	0.	-0.9353581939054773	0.
5176.	-0.003568839805313237	0.	-0.45098482858764166	0.
5177.	-0.09706170272471795	0.	0.7697267143990727	0.
5178.	-0.2643690538725557	0.	0.5725158328406669	0.
5179.	-0.40400449909027697	0.	-0.5675751001094561	0.
5180.	-0.4312670510334324	0.	-0.4801182217533739	0.
5181.	-0.3296196115213653	0.	0.6426641641736422	0.
5182.	-0.16072015338527793	0.	0.6171093121181251	0.
5183.	-0.027020821521932054	0.	-0.6278990778792348	0.
5184.	-0.00962183656658111	0.	-0.8629749559236911	0.
5185.	-0.11907718932500155	0.	0.3381378457464762	0.
5186.	-0.28899273155900745	0.	0.8113610052858286	0.
5187.	-0.41629997539520036	0.	-0.20780853189801174	0.
5188.	-0.42377605501901844	0.	-0.717533673748983	0.
5189.	-0.3068860808508093	0.	0.2792516772293443	0.
5190.	-0.13653394270924762	0.	0.8983814936791814	0.
5191.	-0.016052961689416556	0.	-0.10890258697497014	0.
5192.	-0.01852528417841185	0.	-0.9889687390141885	0.
5193.	-0.14245123253032138	0.	-0.18926443568517096	0.
5194.	-0.3126589893997728	0.	0.7952954430844383	0.
5195.	-0.42590281343546765	0.	0.20473157045585097	0.
5196.	-0.41349052056130636	0.	-0.7478849377301131	0.
5197.	-0.2829512410783945	0.	-0.1852744246376562	0.
5198.	-0.11346835025379115	0.	0.8948410774077726	0.
5199.	-0.00784789542247094	0.	0.45149977924360807	0.
5200.	-0.03015782719709975	0.	-0.7905459960514907	0.
5201.	-0.16686524033399683	0.	-0.6411410950348729	0.
5202.	-0.33504525245635225	0.	0.54041316031427	0.
5203.	-0.43268212497149655	0.	0.5515208303469515	0.
5204.	-0.40055064116702926	0.	-0.5570014685607902	0.
5205.	-0.2581413279584266	0.	-0.6089775385936177	0.
5206.	-0.09183776379126041	0.	0.5981118418760574	0.
5207.	-0.002517459110710274	0.	0.8669257583356718	0.
5208.	-0.044360912175611555	0.	-0.3375878754987338	0.
5209.	-0.1919864458408353	0.	-0.8771094947730114	0.
5210.	-0.35584639232803056	0.	0.1331030604850596	0.
5211.	-0.43654550688214766	0.	0.7353829420739071	0.
5212.	-0.3851327894934421	0.	-0.19427080901223742	0.
5213.	-0.23279450463801046	0.	-0.8550225025762563	0.
5214.	-0.07193701172766048	0.	0.09754423165414569	0.
5215.	-0.00013430746536081863	0.	0.9980530265553161	0.
5216.	-0.060940948756308067	0.	0.2170993986744249	0.
5217.	-0.21747244294131224	0.	-0.8312539231488502	0.
5218.	-0.3747788860952857	0.	-0.2999779811545251	0.
5219.	-0.43744030064701217	0.	0.7058441949961378	0.
5220.	-0.3674471133645497	0.	0.23819558573283564	0.
5221.	-0.20725625243684112	0.	-0.8364352373672953	0.
5222.	-0.0540373445495427	0.	-0.44619974585445293	0.
5223.	-0.0007309232301020985	0.	0.8004322419192513	0.
5224.	-0.0796719483469907	0.	0.6905997994866085	0.
5225.	-0.24297585335138908	0.	-0.529220440854962	0.
5226.	-0.39158468079293285	0.	-0.6312153915030011	0.
5227.	-0.4353543100795462	0.	0.4717786367620201	0.
5228.	-0.3477346714195975	0.	0.612438678742453	0.
5229.	-0.18187466188209772	0.	-0.5478138744726879	0.
5230.	-0.03838273762764324	0.	-0.8532675006209304	0.
5231.	-0.004299174435824116	0.	0.33993896182032657	0.
5232.	-0.10029860438035529	0.	0.9313609677440362	0.
5233.	-0.2681490614452181	0.	-0.07512405936297589	0.
5234.	-0.40603471070730124	0.	-0.7684636160386511	0.
5235.	-0.43031596757211044	0.	0.09879418275148977	0.
5236.	-0.32626414744574306	0.	0.8114269199595064	0.
5237.	-0.1569956881790488	0.	-0.07204596974544317	0.
5238.	-0.02518656580004244	0.	-0.9852915735506005	0.
5239.	-0.010790425238237922	0.	-0.22966613164607702	0.
5240.	-0.12253977218100884	0.	0.8681755166967393	0.
5241.	-0.2926489523037167	0.	0.38536102611018663	0.
5242.	-0.4179320195847344	0.	-0.6787514619315347	0.
5243.	-0.4223939465498181	0.	-0.3078946847067175	0.
5244.	-0.30332818817246143	0.	0.7656753712374065	0.
5245.	-0.13295843577929436	0.	0.4423238506725094	0.
5246.	-0.014628695030127759	0.	-0.7936475136290473	0.
5247.	-0.020116198835995858	0.	-0.7192227362423325	0.
5248.	-0.1460923010195609	0.	0.5306318510527366	0.
5249.	-0.3161415884342125	0.	0.712228532614885	0.
5250.	-0.4271144451715585	0.	-0.39413928051196373	0.
5251.	-0.4116962254479474	0.	-0.6312677917657779	0.
5252.	-0.27923941445243167	0.	0.47824111113765855	0.
5253.	-0.11009053634054927	0.	0.8274679737583561	0.
5254.	-0.006853030815304112	0.	-0.3379580105870694	0.
5255.	-0.032149383417640245	0.	-0.9683061449484954	0.
5256.	-0.1706351661022425	0.	0.035449857264514356	0.
5257.	-0.3383067613910349	0.	0.81315743980414	0.
5258.	-0.43345682951527875	0.	0.00010842998773935575	0.
5259.	-0.3983686159411609	0.	-0.7745615552683489	0.
5260.	-0.2543261601845328	0.	0.028809668530195814	0.
5261.	-0.08870368304481993	0.	0.9519161883121388	0.
5262.	-0.0019655567181963707	0.	0.23242525027906383	0.
5263.	-0.046725964721833074	0.	-0.8987111032480717	0.
5264.	-0.19583384418812302	0.	-0.4550454478013678	0.
5265.	-0.3588423562632428	0.	0.6679634550455785	0.
5266.	-0.43687272488626083	0.	0.3905266117668426	0.
5267.	-0.3825927755155215	0.	-0.6895917883207683	0.
5268.	-0.2289279970732077	0.	-0.44666648124356223	0.
5269.	-0.06908938218135516	0.	0.766636861439814	0.
5270.	-0.000032889808694647193	0.	0.7282245231042794	0.
5271.	-0.06364726158004308	0.	-0.5390625324457237	0.
5272.	-0.2213448732006697	0.	-0.7870656588291782	0.
5273.	-0.3774684695581947	0.	0.3298144839739296	0.
5274.	-0.4373155720758315	0.	0.6665498928503486	0.
5275.	-0.364583731437945	0.	-0.3933429587294845	0.
5276.	-0.20339110620682982	0.	-0.796449146738649	0.
5277.	-0.05151497985624473	0.	0.32491297059722896	0.
5278.	-0.0010813726479814573	0.	0.9843515282751978	0.
5279.	-0.08268263396324144	0.	-0.012783068894210728	0.
5280.	-0.24682053366983042	0.	-0.8636599646216264	0.
5281.	-0.39393122432210487	0.	-0.0948856677118492	0.
5282.	-0.4347793350043191	0.	0.7499425223570226	0.
5283.	-0.34458694990417793	0.	0.03304882218827579	0.
5284.	-0.17806355955935416	0.	-0.9018602166200316	0.
5285.	-0.0362200180270425	0.	-0.23224269969788414	0.
5286.	-0.005096714246085238	0.	0.9160659514271453	0.
5287.	-0.10357262665429223	0.	0.5054365332820813	0.
5288.	-0.27191358820486017	0.	-0.6719683305053461	0.
5289.	-0.4080062305351682	0.	-0.4800866036983796	0.
5290.	-0.42929858299567203	0.	0.6156559290661376	0.
5291.	-0.32287499029725253	0.	0.4645258205615904	0.
5292.	-0.15329057570643095	0.	-0.7185828956156358	0.
5293.	-0.023412969512039472	0.	-0.7215009239679794	0.
5294.	-0.01202418484337929	0.	0.5475730377768597	0.
5295.	-0.12603250565942808	0.	0.8488322716885093	0.
5296.	-0.29628201439457413	0.	-0.2822732100304551	0.
5297.	-0.4195016435761593	0.	-0.7165022805772584	0.
5298.	-0.4209480195898461	0.	0.2992048881514961	0.
5299.	-0.29974379015441166	0.	0.7675269189950612	0.
5300.	-0.12940981444165928	0.	-0.2956175780482808	0.
5301.	-0.01326839646071612	0.	-0.9786580020809821	0.
5302.	-0.021769361891042227	0.	0.0031716552897966387	0.
5303.	-0.1497561391766372	0.	0.9128580514299024	0.
5304.	-0.3195936666283218	0.	0.17862572067201987	0.
5305.	-0.4282607790955949	0.	-0.7407985120387681	0.
5306.	-0.4098414643235506	0.	-0.11154089079464344	0.
5307.	-0.2755086314899272	0.	0.8411654581913552	0.
5308.	-0.10674677442244279	0.	0.23632386025424526	0.
5309.	-0.005924571051729555	0.	-0.9150378624995307	0.
5310.	-0.034199417042724584	0.	-0.5357024730688491	0.
5311.	-0.17442017022711162	0.	0.6866254974844037	0.
5312.	-0.3415308033029219	0.	0.5692997636715054	0.
5313.	-0.434164248653059	0.	-0.5506601623668971	0.
5314.	-0.39613030134825555	0.	-0.49888022701202006	0.
5315.	-0.25049984345787635	0.	0.65154607189157	0.
5316.	-0.08561035656696953	0.	0.7050203243163158	0.
5317.	-0.001481590822245138	0.	-0.5489410052948136	0.
5318.	-0.0491449266263807	0.	-0.8922653471822044	0.
5319.	-0.19968842406006884	0.	0.25221674812373784	0.
5320.	-0.3617944176774771	0.	0.7767332234460388	0.
5321.	-0.4371315870015271	0.	-0.20314753879571104	0.
5322.	-0.3800014160455244	0.	-0.7472924164957612	0.
5323.	-0.2250582998997549	0.	0.24724199186658052	0.
5324.	-0.06628865368423367	0.	0.9532628786352348	0.
5325.	-1.4311108686992924e-8	0.	-0.0006330313777144062	0.
5326.	-0.06640218091717545	0.	-0.9534073601559097	0.
5327.	-0.22521649027078217	0.	-0.2460803855936033	0.
5328.	-0.3801083133963744	0.	0.7475825650927324	0.
5329.	-0.43712234883484585	0.	0.20208243724138064	0.
5330.	-0.36167464774106606	0.	-0.7770705558177606	0.
5331.	-0.19953077318904236	0.	-0.2510965029759812	0.
5332.	-0.049045023724890474	0.	0.8928150195269844	0.
5333.	-0.0015000356491720324	0.	0.5478780367858808	0.
5334.	-0.08573596073852716	0.	-0.7058055735195315	0.
5335.	-0.2506564171684401	0.	-0.6507040280847091	0.
5336.	-0.39622286908784415	0.	0.4997017895346415	0.
5337.	-0.4341366600714369	0.	0.5499175008794914	0.
5338.	-0.3413997932635453	0.	-0.5701693511911834	0.
5339.	-0.1742652076629515	0.	-0.6859017554621073	0.
5340.	-0.03411450016526279	0.	0.5367766566164961	0.
5341.	-0.005961209300204107	0.	0.9145183265275781	0.
5342.	-0.10688274352619315	0.	-0.23749384443544772	0.
5343.	-0.27566145441573237	0.	-0.8408977929417895	0.
5344.	-0.4099184407346451	0.	0.11263895730080531	0.
5345.	-0.4282152161349794	0.	0.7406046059051953	0.
5346.	-0.31945320217750856	0.	-0.17976624018386422	0.
5347.	-0.14960597708434276	0.	-0.9127668866673689	0.
5348.	-0.021700588469417692	0.	-0.0019135587392829778	0.
5349.	-0.013322728743231108	0.	0.9788463395162765	0.
5350.	-0.12955429519522843	0.	0.29443673084985733	0.
5351.	-0.2998907792918204	0.	-0.7679064210302221	0.
5352.	-0.4210083554735226	0.	-0.29816520815262393	0.
5353.	-0.41943872726813863	0.	0.7169191628820961	0.
5354.	-0.296134010081815	0.	0.28121216722242015	0.
5355.	-0.1258891907731749	0.	-0.849412452899589	0.
5356.	-0.011972492270745205	0.	-0.5465339090354459	0.
5357.	-0.02348425527237674	0.	0.7223333399111925	0.
5358.	-0.15344159881537217	0.	0.7177623261388357	0.
5359.	-0.3230141421635986	0.	-0.46542536811771257	0.
5360.	-0.4293414559635532	0.	-0.6149885260307257	0.
5361.	-0.40792681843856915	0.	0.4809919895812068	0.
5362.	-0.27176006135442493	0.	0.6713194171965884	0.
5363.	-0.10343811237953328	0.	-0.5065127938521687	0.
5364.	-0.0050628070990269	0.	-0.9155806544785368	0.
5365.	-0.03630728563066499	0.	0.23344932085356498	0.
5366.	-0.1782190665543458	0.	0.9016513655914331	0.
5367.	-0.3447163678346571	0.	-0.03418494522611876	0.
5368.	-0.43480416069088057	0.	-0.7498471059976706	0.
5369.	-0.3938363988365593	0.	0.09600759502016742	0.
5370.	-0.24666357687953672	0.	0.8636336104441167	0.
5371.	-0.08255875375023214	0.	0.011547953570917506	0.
5372.	-0.0010657130881475893	0.	-0.9845776880863881	0.
5373.	-0.0516170398278164	0.	-0.3237193654571831	0.
5374.	-0.2035489775008634	0.	0.7969073939442487	0.
5375.	-0.36470165144523	0.	0.39232040915851285	0.
5376.	-0.4373220121028541	0.	-0.6670535362574394	0.
5377.	-0.3773595231697717	0.	-0.32881756306603754	0.
5378.	-0.2211866258151988	0.	0.7876808629360796	0.
5379.	-0.06353570393674399	0.	0.5380619310095583	0.
5380.	-0.000035691276578431186	0.	-0.7290905757050032	0.
5381.	-0.06920484342761854	0.	-0.7658352458002365	0.
5382.	-0.2290860808562884	0.	0.4476382689525831	0.
5383.	-0.3826975903319197	0.	0.6889923800348582	0.
5384.	-0.43686069147606865	0.	-0.3914765197131505	0.
5385.	-0.3587207739317436	0.	-0.6673999709024159	0.
5386.	-0.19567646314365772	0.	0.45611901174370384	0.
5387.	-0.0466282501984395	0.	0.8982682477783248	0.
5388.	-0.0019867810318170975	0.	-0.23365321179405404	0.
5389.	-0.0888309718120805	0.	-0.9517561454994888	0.
5390.	-0.2544823017481714	0.	-0.027634189694583894	0.
5391.	-0.3984588969236169	0.	0.7745619831718	0.
5392.	-0.4334264866843516	0.	-0.0012176408687276097	0.
5393.	-0.33817420030097056	0.	-0.8132076867536521	0.
5394.	-0.17048079653101172	0.	-0.03425012423097233	0.
5395.	-0.03206684387665523	0.	0.9685683618305324	0.
5396.	-0.006892388681912109	0.	0.33676235517110026	0.
5397.	-0.11022791766075904	0.	-0.8279920928933009	0.
5398.	-0.27939148556191784	0.	-0.47722846038366584	0.
5399.	-0.4117707420514159	0.	0.6318614085487108	0.
5400.	-0.42706620649798327	0.	0.3932066270795875	0.
5401.	-0.31599985541568193	0.	-0.7128864241364812	0.
5402.	-0.14594304700334704	0.	-0.5296847715948596	0.
5403.	-0.02004995930407616	0.	0.7201113857606788	0.
5404.	-0.014685649997345063	0.	0.7928666828111235	0.
5405.	-0.13310403712333152	0.	-0.443357744004927	0.
5406.	-0.3034741160743849	0.	-0.7651345340167276	0.
5407.	-0.42245168310000347	0.	0.3088965005303374	0.
5408.	-0.41786654256926475	0.	0.6782799684726242	0.
5409.	-0.2924999791988837	0.	-0.38643168413878176	0.
5410.	-0.12239766807556227	0.	-0.8677863767959166	0.
5411.	-0.010741388574376065	0.	0.23089970838040458	0.
5412.	-0.025260341560123273	0.	0.985172836003972	0.
5413.	-0.15714752497810164	0.	0.07083439977370629	0.
5414.	-0.32640194311842835	0.	-0.8115161118403897	0.
5415.	-0.43035613711224413	0.	-0.0976899053403506	0.
5416.	-0.40595288781134214	0.	0.768600736567643	0.
5417.	-0.2679948787839492	0.	0.07396819290816917	0.
5418.	-0.10016558708708702	0.	-0.9316619048191442	0.
5419.	-0.0042680090160666095	0.	-0.33875512735026514	0.
5420.	-0.038472328606592276	0.	0.8538441193802639	0.
5421.	-0.1820306645740629	0.	0.5468065848401636	0.
5422.	-0.3478624566854486	0.	-0.6131207314838784	0.
5423.	-0.43537636509166117	0.	-0.4709061001457129	0.
5424.	-0.3914876272759279	0.	0.6319252883808321	0.
5425.	-0.24281856266844407	0.	0.5283403625470784	0.
5426.	-0.07954983091458617	0.	-0.6915037734910262	0.
5427.	-0.0007180538435670458	0.	-0.79967849682179	0.
5428.	-0.05414152960692468	0.	0.4472823042152199	0.
5429.	-0.20741429467928507	0.	0.8359431494262938	0.
5430.	-0.36756314649025135	0.	-0.23925373552933446	0.
5431.	-0.4374439405174268	0.	-0.7054664802959709	0.
5432.	-0.3746679248137087	0.	0.30104958199974774	0.
5433.	-0.21731418813325779	0.	0.8309313188350989	0.
5434.	-0.06083139566417467	0.	-0.2183242587648929	0.
5435.	-0.00013990952341624667	0.	-0.9979718379796665	0.
5436.	-0.07205437080461824	0.	-0.09630448292605198	0.
5437.	-0.23295243229084336	0.	0.8551900409024195	0.
5438.	-0.3852354889276757	0.	0.1931635383018243	0.
5439.	-0.4365306819994816	0.	-0.7356140726686974	0.
5440.	-0.3557230357020611	0.	-0.1319949148022924	0.
5441.	-0.19182938394734336	0.	0.8774556990979724	0.
5442.	-0.04426541665116429	0.	0.3364313462033056	0.
5443.	-0.0025414562580133304	0.	-0.8675428155819878	0.
5444.	-0.09196669726291337	0.	-0.5971092813267356	0.
5445.	-0.25829698844148236	0.	0.6097416806259023	0.
5446.	-0.40063860710025473	0.	0.5561817134757578	0.
5447.	-0.4326490373990903	0.	-0.5522919290930802	0.
5448.	-0.334911181857573	0.	-0.5396104322957604	0.
5449.	-0.1667115121318796	0.	0.6420575699528603	0.
5450.	-0.030077690859293738	0.	0.7898295224476899	0.
5451.	-0.007889960574658794	0.	-0.45261582094007335	0.
5452.	-0.1136071007389032	0.	-0.8943893130858934	0.
5453.	-0.2831025127145732	0.	0.1863891857725623	0.
5454.	-0.41356255400408376	0.	0.7475979758188409	0.
5455.	-0.42585191416516893	0.	-0.20581088681038728	0.
5456.	-0.31251603223046176	0.	-0.7950519479661933	0.
5457.	-0.14230293336217475	0.	0.19046924348184943	0.
5458.	-0.0184615992972473	0.	0.9889257317439039	0.
5459.	-0.016112521489637877	0.	0.10764660087998046	0.
5460.	-0.1366806190149678	0.	-0.8986151940599361	0.
5461.	-0.30703090178289905	0.	-0.27813512582085487	0.
5462.	-0.42383117414324833	0.	0.7178616396562578	0.
5463.	-0.41623195819001313	0.	0.20674731362940665	0.
5464.	-0.28884283634806146	0.	-0.8117617417519977	0.
5465.	-0.11893634053250943	0.	-0.3370239122713552	0.
5466.	-0.00957547118020538	0.	0.863623282281839	0.
5467.	-0.02709706416067964	0.	0.6269051235560246	0.
5468.	-0.1608727562895023	0.	-0.6179450292309346	0.
5469.	-0.32975600781618974	0.	-0.6418882458743613	0.
5470.	-0.4313045045571674	0.	0.4809578153327822	0.
5471.	-0.4039202910377185	0.	0.5668557786275517	0.
5472.	-0.26421426371889956	0.	-0.573446418056934	0.
5473.	-0.09693022409825264	0.	-0.7690603819973374	0.
5474.	-0.0035404258778531927	0.	0.45211924132594383	0.
5475.	-0.04069386748854954	0.	0.9349412769526311	0.
5476.	-0.1858537697994188	0.	-0.1514224113175756	0.
5477.	-0.3509680839257999	0.	-0.8006417738306373	0.
5478.	-0.43588068253643586	0.	0.10793087815711216	0.
5479.	-0.3890847227310092	0.	0.7669288476898019	0.
5480.	-0.23896600578586563	0.	-0.14413644660028357	0.
5481.	-0.07658453100402582	0.	-0.9596931551757345	0.
5482.	-0.00043872204026257355	0.	-0.11060501038750478	0.
5483.	-0.056717604834823285	0.	0.9344323728888132	0.
5484.	-0.2112831642731792	0.	0.34706785058927325	0.
5485.	-0.37037800606750315	0.	-0.7162262559031407	0.
5486.	-0.4374973340323176	0.	-0.29398298753879815	0.
5487.	-0.3719274644755085	0.	0.7417327459622758	0.
5488.	-0.21344220041038353	0.	0.34714472570474564	0.
5489.	-0.058176576351846615	0.	-0.8389167925350005	0.
5490.	-0.00031263639219691886	0.	-0.6378424375492612	0.
5491.	-0.07494987005304898	0.	0.6318497827477052	0.
5492.	-0.236814332929586	0.	0.7205345356060833	0.
5493.	-0.3877212138504993	0.	-0.42333050714354326	0.
5494.	-0.4361324238229296	0.	-0.6106895479663889	0.
5495.	-0.35268237249219025	0.	0.48999310319024314	0.
5496.	-0.18799074120526227	0.	0.7444083911134974	0.
5497.	-0.04195726355445385	0.	-0.4392302684419912	0.
5498.	-0.0031638875033061092	0.	-0.9543927788210749	0.
5499.	-0.09514215440827556	0.	0.1326045234789856	0.
5500.	-0.26209928179385794	0.	0.8584981327425499	0.
5501.	-0.402761316533739	0.	-0.01493106002087724	0.
5502.	-0.4318045558555369	0.	-0.7517410428020623	0.
5503.	-0.3316117605092956	0.	0.07889689289858415	0.
5504.	-0.1629585356964341	0.	0.9145661852319007	0.
5505.	-0.02814766448020639	0.	0.11216977024132883	0.
5506.	-0.008953612356750934	0.	-0.9560109475549884	0.
5507.	-0.11701923378396487	0.	-0.39677200454068257	0.
5508.	-0.2867933729034551	0.	0.7287316490698368	0.
5509.	-0.41529331507364087	0.	0.38742034349366467	0.
5510.	-0.42457271967477017	0.	-0.6747861401581918	0.
5511.	-0.3090028243923572	0.	-0.3717592670129669	0.
5512.	-0.13868677691059397	0.	0.7930440443401245	0.
5513.	-0.016936006209913423	0.	0.6341787883686654	0.
5514.	-0.01760289606144133	0.	-0.6443808626600263	0.
5515.	-0.14028292003149576	0.	-0.7854019112845898	0.
5516.	-0.31056002178470454	0.	0.38245105725317696	0.
5517.	-0.42514639629350953	0.	0.6688684983784019	0.
5518.	-0.4145354863803837	0.	-0.3980337739342178	0.
5519.	-0.28516372761582165	0.	-0.723126903035969	0.
5520.	-0.11550629286314856	0.	0.4090810417615781	0.
5521.	-0.008475105465232488	0.	0.9523397956926474	0.
5522.	-0.028993847477107315	0.	-0.12560688468778092	0.
5523.	-0.16461612532927627	0.	-0.9139193453800135	0.
5524.	-0.333075285150474	0.	-0.06647786493935931	0.
5525.	-0.432186261095897	0.	0.7522771474120313	0.
5526.	-0.4018296650961696	0.	0.002819390019492496	0.
5527.	-0.26041940093924376	0.	-0.8598195568935734	0.
5528.	-0.0937330373211227	0.	-0.11949150424012125	0.
5529.	-0.0028802857002110105	0.	0.9584589070516139	0.
5530.	-0.042971206083161836	0.	0.4268649322573005	0.
5531.	-0.189687184134602	0.	-0.7508496819536329	0.
5532.	-0.35403227630445644	0.	-0.4796687268527622	0.
5533.	-0.43631695497917505	0.	0.61748920082607	0.
5534.	-0.38662843822874987	0.	0.4134116599790061	0.
5535.	-0.2351071135570875	0.	-0.7284863677738123	0.
5536.	-0.07366378329242312	0.	-0.6221153898635127	0.
5537.	-0.00022780521637130735	0.	0.6483590620521196	0.
5538.	-0.059344458212095136	0.	0.8315463976632206	0.
5539.	-0.21515437384287994	0.	-0.35855144167615166	0.
5540.	-0.37314534805139865	0.	-0.7366187973927443	0.
5541.	-0.43748217591625044	0.	0.3049774558470041	0.
5542.	-0.36913900097094543	0.	0.711573106666887	0.
5543.	-0.2095718760602133	0.	-0.3592593282895804	0.
5544.	-0.05557207797289729	0.	-0.9312334222003089	0.
5545.	-0.0005538177520528209	0.	0.12420167293483805	0.
5546.	-0.07789043377555366	0.	0.9596044013234545	0.
5547.	-0.24067057251928722	0.	0.13138976210606226	0.
5548.	-0.39015398611798985	0.	-0.768510635063917	0.
5549.	-0.4356660417555296	0.	-0.09606738626353672	0.
5550.	-0.34959973719399995	0.	0.802760463842257	0.
5551.	-0.18416173788369344	0.	0.13877196924495686	0.
5552.	-0.03970451424399589	0.	-0.9393704965064011	0.
5553.	-0.0038538797075500786	0.	-0.4398054136615945	0.
5554.	-0.09835634811416255	0.	0.7761961276268294	0.
5555.	-0.265887990230537	0.	0.5633273895772926	0.
5556.	-0.404826360002267	0.	-0.5745744475716441	0.
5557.	-0.4308933066990458	0.	-0.47181787251421986	0.
5558.	-0.3282769702378989	0.	0.65022403681932	0.
5559.	-0.15922304333935378	0.	0.6088374950756479	0.
5560.	-0.026277369577393656	0.	-0.6376078348717481	0.
5561.	-0.010083010698091116	0.	-0.8565326842908823	0.
5562.	-0.12046324749078585	0.	0.3490391098067803	0.
5563.	-0.29046290947574216	0.	0.8073469680897396	0.
5564.	-0.41696248286607107	0.	-0.21820349320177906	0.
5565.	-0.4232290239032085	0.	-0.7142330761472794	0.
5566.	-0.3054613328821251	0.	0.2901976508180732	0.
5567.	-0.1350957108866933	0.	0.8960008784557509	0.
5568.	-0.01547365813779461	0.	-0.12123096732677159	0.
5569.	-0.019156306658166478	0.	-0.9893031356103386	0.
5570.	-0.1439098112732221	0.	-0.17742286500690546	0.
5571.	-0.3140603701130598	0.	0.7976036823992301	0.
5572.	-0.4263969373822253	0.	0.19411276570736696	0.
5573.	-0.4127776587863968	0.	-0.750623112550323	0.
5574.	-0.28146380596886617	0.	-0.17429884820264735	0.
5575.	-0.11210859998849657	0.	0.8991979815259998	0.
5576.	-0.007440636265469494	0.	0.4404973473010923	0.
5577.	-0.030950097089699036	0.	-0.7975093920593792	0.
5578.	-0.16837645898877934	0.	-0.6320866200659989	0.
5579.	-0.3363587349189378	0.	0.5482346595973419	0.
5580.	-0.43300113040295907	0.	0.5438888495190541	0.
5581.	-0.39968166515459913	0.	-0.5649965174705949	0.
5582.	-0.2566114796902109	0.	-0.6014064348798085	0.
5583.	-0.09057502869697584	0.	0.6079089230904344	0.
5584.	-0.0022877953567272957	0.	0.8607885423191306	0.
5585.	-0.04530363071159807	0.	-0.3489109329515275	0.
5586.	-0.19352970625267346	0.	-0.8736281528566179	0.
5587.	-0.35705407355848756	0.	0.14396414313464984	0.
5588.	-0.436685045703322	0.	0.733032039683082	0.
5589.	-0.38411954352759375	0.	-0.20513123268250744	0.
5590.	-0.2312430952919486	0.	-0.8532921768787153	0.
5591.	-0.07078850309364332	0.	0.10971723130195164	0.
5592.	-0.00008536946764645939	0.	0.9987623385844935	0.
5593.	-0.06202126652926049	0.	0.20505647178681935	0.
5594.	-0.21902671021958936	0.	-0.8343390037328844	0.
5595.	-0.3758643052037387	0.	-0.2894291894264157	0.
5596.	-0.4373984709200331	0.	0.7094757529880608	0.
5597.	-0.3663034081532996	0.	0.22777130316931285	0.
5598.	-0.2057044279758738	0.	-0.8411911079423244	0.
5599.	-0.053018716732262	0.	-0.43552294597238567	0.
5600.	-0.0008633780225927312	0.	0.8077636452004537	0.
5601.	-0.08087514044983768	0.	0.6816640274631653	0.
5602.	-0.24451994258006263	0.	-0.537804440515104	0.
5603.	-0.3925330433400693	0.	-0.6241801337713615	0.
5604.	-0.43513168195063295	0.	0.48029684519356897	0.
5605.	-0.3464760958506384	0.	0.6056714792552875	0.
5606.	-0.18034357392422948	0.	-0.5576617593644279	0.
5607.	-0.03750787469274797	0.	-0.847525962207282	0.
5608.	-0.00461121663880279	0.	0.3515336730893763	0.
5609.	-0.10160827110926429	0.	0.9283217815185355	0.
5610.	-0.26966192643642395	0.	-0.08645876263089602	0.
5611.	-0.4068330903592914	0.	-0.7670345534561479	0.
5612.	-0.42991557549900106	0.	0.1096310623169457	0.
5613.	-0.3249078561077368	0.	0.8104667734400409	0.
5614.	-0.15550620570175783	0.	-0.0839466143502843	0.
5615.	-0.02446739226785663	0.	-0.9863702769328203	0.
5616.	-0.011277801665033116	0.	-0.21753353131925934	0.
5617.	-0.12393806256642187	0.	0.8719141482961894	0.
5618.	-0.29410997246300574	0.	0.37481600205027454	0.
5619.	-0.41856953429570776	0.	-0.6833060114309477	0.
5620.	-0.4218212479418152	0.	-0.2980187041245769	0.
5621.	-0.3018926675377891	0.	0.7709134162036679	0.
5622.	-0.13153086067126654	0.	0.4321218703665846	0.
5623.	-0.01407501335473399	0.	-0.8012474228741086	0.
5624.	-0.020772266465764105	0.	-0.7104339837983221	0.
5625.	-0.14756015613586781	0.	0.5398766017919576	0.
5626.	-0.31753084981918595	0.	0.7056998150076039	0.
5627.	-0.42758240551232984	0.	-0.4032526631429434	0.
5628.	-0.4109590262793489	0.	-0.625366684521016	0.
5629.	-0.2777442309000403	0.	0.48814652702106076	0.
5630.	-0.10874432668232023	0.	0.822241024591702	0.
5631.	-0.0064723877656106266	0.	-0.3496724773186172	0.
5632.	-0.03296519994310374	0.	-0.9656453948017357	0.
5633.	-0.17215257884467927	0.	0.047219990439252485	0.
5634.	-0.3396053281429619	0.	0.8125801000557528	0.
5635.	-0.4337488571100091	0.	-0.01078284851753708	0.
5636.	-0.3974769643582355	0.	-0.7744739774394358	0.
5637.	-0.2527916933097232	0.	0.04036061690820533	0.
5638.	-0.0874571878935155	0.	0.95340183268313	0.
5639.	-0.0017631405240530196	0.	0.22034398169930478	0.
5640.	-0.04769041043250524	0.	-0.9029777291365245	0.
5641.	-0.1973801319765905	0.	-0.4444667990541562	0.
5642.	-0.36003252870784375	0.	0.6734232916905993	0.
5643.	-0.4369848393518264	0.	0.3811552895801955	0.
5644.	-0.38155882487273785	0.	-0.695408771057657	0.
5645.	-0.22737516190704288	0.	-0.4370712745118033	0.
5646.	-0.06795959146732161	0.	0.7744439970182917	0.
5647.	-0.000011459433023330856	0.	0.7196547831604918	0.
5648.	-0.06474719092077008	0.	-0.5488356544885176	0.
5649.	-0.2228989598793797	0.	-0.7809522736486842	0.
5650.	-0.37853402544923587	0.	0.3395636465778622	0.
5651.	-0.4372462452736047	0.	0.6615298174751202	0.
5652.	-0.3634215746495069	0.	-0.4033508954372845	0.
5653.	-0.20184106814713407	0.	-0.7918684333277777	0.
5654.	-0.05051729280973394	0.	0.33661126724003815	0.
5655.	-0.0012412201913239787	0.	0.9820437190566393	0.
5656.	-0.0839030547205929	0.	-0.024904983908740866	0.
5657.	-0.24836123678667446	0.	-0.863833557429322	0.
5658.	-0.3948576399615806	0.	-0.08386363312377465	0.
5659.	-0.4345295118704279	0.	0.750797009790718	0.
5660.	-0.34331242735845197	0.	0.02187925949838504	0.
5661.	-0.17653744587476794	0.	-0.903827062199289	0.
5662.	-0.03536803328709337	0.	-0.2203673176970475	0.
5663.	-0.005435660960599192	0.	0.9207503386697344	0.
5664.	-0.10489690429599546	0.	0.49482681009460805	0.
5665.	-0.27341990772418967	0.	-0.6782688963664019	0.
5666.	-0.4087808787269318	0.	-0.4711473676487	0.
5667.	-0.42887166866007354	0.	0.6221445372202679	0.
5668.	-0.32150547394238316	0.	0.45563676951907217	0.
5669.	-0.15180918757424997	0.	-0.7265798863221055	0.
5670.	-0.022718299766889327	0.	-0.713259114612991	0.
5671.	-0.012537610831913584	0.	0.5577274056375656	0.
5672.	-0.1274425900637754	0.	0.8430594040661508	0.
5673.	-0.29773341893750294	0.	-0.29265648016684753	0.
5674.	-0.42011396573845666	0.	-0.7123315736215164	0.
5675.	-0.42034983296352907	0.	0.3093866514930201	0.
5676.	-0.29829794671987525	0.	0.7637190352216645	0.
5677.	-0.1279933434258884	0.	-0.30719494690783467	0.
5678.	-0.01274051017296371	0.	-0.9767211512661027	0.
5679.	-0.02245026907108305	0.	0.015523308620844828	0.
5680.	-0.1512328106643763	0.	0.9136670296849893	0.
5681.	-0.3209703733171638	0.	0.1674154632969539	0.
5682.	-0.4287024291785779	0.	-0.7426209374312391	0.
5683.	-0.409080158787685	0.	-0.10073963538676087	0.
5684.	-0.2740061680602224	0.	0.8437122167343424	0.
5685.	-0.10541452725070855	0.	0.22480457004131946	0.
5686.	-0.005570663398559467	0.	-0.9200600513932966	0.
5687.	-0.035038524539464204	0.	-0.5251090819743846	0.
5688.	-0.175943301527883	0.	0.6936626501359829	0.
5689.	-0.3428140473982111	0.	0.5607070677534872	0.
5690.	-0.4344292068946559	0.	-0.5578917180055872	0.
5691.	-0.3952162536222832	0.	-0.4907535490323155	0.
5692.	-0.24896123884965865	0.	0.6597582300691599	0.
5693.	-0.0843804919857973	0.	0.6972397028119157	0.
5694.	-0.0013064856203305886	0.	-0.5593326535748929	0.
5695.	-0.0501307972694178	0.	-0.8867892426519125	0.
5696.	-0.20123725464536812	0.	0.2631855416430258	0.
5697.	-0.36296670835535594	0.	0.7733410469584333	0.
5698.	-0.4372162419767073	0.	-0.21358467250882734	0.
5699.	-0.37894708474755506	0.	-0.7443615751688178	0.
5700.	-0.22350452554558817	0.	0.25863521393521854	0.
5701.	-0.06517793494730509	0.	0.9517568810763544	0.
5702.	-6.098273538757137e-6	0.	-0.01306682231528563	0.
5703.	-0.06752137713003067	0.	-0.9547392474440195	0.
5704.	-0.22676990932844984	0.	-0.23465777054702586	0.
5705.	-0.38115367214481294	0.	0.7503507370744142	0.
5706.	-0.4370255466837941	0.	0.19159927619975317	0.
5707.	-0.36049440357708545	0.	-0.7803040990547142	0.
5708.	-0.1979830072849792	0.	-0.24006183190957014	0.
5709.	-0.04806859010832082	0.	0.8981353697632848	0.
5710.	-0.00168722584948508	0.	0.5373912152945262	0.
5711.	-0.08697322769240617	0.	-0.7134485704271188	0.
5712.	-0.2521932513436585	0.	-0.6423771020773913	0.
5713.	-0.3971270474951276	0.	0.5077119348174697	0.
5714.	-0.4338597202231338	0.	0.5425619936782077	0.
5715.	-0.34010972315553495	0.	-0.5786567348156425	0.
5716.	-0.17274454651045398	0.	-0.6787233940871199	0.
5717.	-0.03328566061980301	0.	0.5472820045252643	0.
5718.	-0.00632695430795685	0.	0.9093359720137281	0.
5719.	-0.1082212170728113	0.	-0.24895498701776594	0.
5720.	-0.2771607564096351	0.	-0.8381872104729092	0.
5721.	-0.4106691147047009	0.	0.12340549044768581	0.
5722.	-0.4277619133243874	0.	0.7386183924598688	0.
5723.	-0.31807088998793853	0.	-0.1909576264249545	0.
5724.	-0.14813314754125706	0.	-0.9117852004259022	0.
5725.	-0.02103064020988915	0.	0.010445897294715178	0.
5726.	-0.013862043391843482	0.	0.980608762683648	0.
5727.	-0.13097573172307445	0.	0.2828203230315889	0.
5728.	-0.301332113375376	0.	-0.7715526101400609	0.
5729.	-0.42159529319743266	0.	-0.28792599997144375	0.
5730.	-0.4188152400850263	0.	0.7209366747774819	0.
5731.	-0.29467829695203207	0.	0.27075481884227287	0.
5732.	-0.12448426774524103	0.	-0.8550352689961664	0.
5733.	-0.011470566801703656	0.	-0.5362780515147184	0.
5734.	-0.024189788616720165	0.	0.7304415772767683	0.
5735.	-0.15492662391274975	0.	0.709642010783075	0.
5736.	-0.3243778627162278	0.	-0.4742049099756185	0.
5737.	-0.42975665738435287	0.	-0.6083682821629821	0.
5738.	-0.40714164511642326	0.	0.4898359693369806	0.
5739.	-0.27025078889141196	0.	0.6648742359695246	0.
5740.	-0.10212024519750387	0.	-0.5170425901737213	0.
5741.	-0.0047357457479792475	0.	-0.9107329937415807	0.
5742.	-0.037169421136654446	0.	0.24527398904627576	0.
5743.	-0.1797474390881344	0.	0.8995160738326422	0.
5744.	-0.34598388712594286	0.	-0.045330676503367584	0.
5745.	-0.4350419665462615	0.	-0.7488274708177252	0.
5746.	-0.3929002414144727	0.	0.10702201100723385	0.
5747.	-0.2451213167106111	0.	0.8632895226812454	0.
5748.	-0.0813459051572204	0.	-0.0005898429309572108	0.
5749.	-0.0009179737536055069	0.	-0.9867120305132447	0.
5750.	-0.05262402644877856	0.	-0.31197328389192097	0.
5751.	-0.2050998655055288	0.	0.8013274442806652	0.
5752.	-0.365855692981735	0.	0.3822438399414586	0.
5753.	-0.4373791810602163	0.	-0.671925822610671	0.
5754.	-0.3762851416256043	0.	-0.3189855821116788	0.
5755.	-0.21963239919746952	0.	0.7936510567424431	0.
5756.	-0.06244440525681432	0.	0.5281815653548814	0.
5757.	-0.00006928767036451511	0.	-0.7375315521893142	0.
5758.	-0.07034295577323904	0.	-0.7578973439794197	0.
5759.	-0.23063834547611559	0.	0.4571305843505105	0.
5760.	-0.3837224243389453	0.	0.6830360455662414	0.
5761.	-0.4367364443130436	0.	-0.400762903567897	0.
5762.	-0.3575228122597026	0.	-0.6617920420818759	0.
5763.	-0.1941314544396184	0.	0.4666269002233602	0.
5764.	-0.04567337600790097	0.	0.8938364342650299	0.
5765.	-0.0022012552286770903	0.	-0.24569115406574996	0.
5766.	-0.09008469722496847	0.	-0.9500983161121015	0.
5767.	-0.2560147853646229	0.	-0.01609681620619044	0.
5768.	-0.3993405547474079	0.	0.7744828351690789	0.
5769.	-0.43312251690962256	0.	-0.012113034977623172	0.
5770.	-0.33686898691455364	0.	-0.8136172421454104	0.
5771.	-0.1689660644585137	0.	-0.022455525330074957	0.
5772.	-0.03126140926687351	0.	0.9710579669675106	0.
5773.	-0.007284817362235685	0.	0.32499216175351	0.
5774.	-0.11158016765806911	0.	-0.8330597407369595	0.
5775.	-0.280883300173654	0.	-0.4672437896493664	0.
5776.	-0.4124972065513676	0.	0.6376199028636967	0.
5777.	-0.42658665726937955	0.	0.38400119875255834	0.
5778.	-0.31460518058441017	0.	-0.719279729699825	0.
5779.	-0.14447923760821305	0.	-0.5203272984271494	0.
5780.	-0.019404942482316667	0.	0.7287771764743881	0.
5781.	-0.01525068429665244	0.	0.7851297864585128	0.
5782.	-0.1345363803217144	0.	-0.45346315272562104	0.
5783.	-0.30490492800579916	0.	-0.7597496938526974	0.
5784.	-0.42301305244929627	0.	0.31869779138730614	0.
5785.	-0.41721795022023933	0.	0.6735736156191696	0.
5786.	-0.29103485256822803	0.	-0.39691610606934863	0.
5787.	-0.12100473331700323	0.	-0.8638816243458125	0.
5788.	-0.010265581221457876	0.	0.2429966059941302	0.
5789.	-0.025990279968201718	0.	0.9839193547522054	0.
5790.	-0.15864043830270957	0.	0.05893781767127018	0.
5791.	-0.3277522501709732	0.	-0.812307875401537	0.
5792.	-0.43074475975298154	0.	-0.08683701414705686	0.
5793.	-0.4051440927619102	0.	0.769864918201256	0.
5794.	-0.26647927026668905	0.	0.06259979120016118	0.
5795.	-0.09886251289198532	0.	-0.934533587491673	0.
5796.	-0.00396789646305723	0.	-0.32709735532428846	0.
5797.	-0.03935722194480648	0.	0.8594283510854427	0.
5798.	-0.18356379937711692	0.	0.5368696703757283	0.
5799.	-0.34911385395463407	0.	-0.6197501762020764	0.
5800.	-0.4355869440362259	0.	-0.46228630071535604	0.
5801.	-0.39052965353370395	0.	0.6388335237421648	0.
5802.	-0.241273130256177	0.	0.5196381605779821	0.
5803.	-0.07835437839686957	0.	-0.7003235266135053	0.
5804.	-0.0005977266764690126	0.	-0.7922050881688063	0.
5805.	-0.05516931663429344	0.	0.4578687595798938	0.
5806.	-0.20896675408375504	0.	0.8310336448344716	0.
5807.	-0.3686985772273971	0.	-0.24961322970103755	0.
5808.	-0.4374736055388399	0.	-0.7016791198737358	0.
5809.	-0.3735738297163867	0.	0.311548744301842	0.
5810.	-0.21575999632131454	0.	0.8276798830506069	0.
5811.	-0.05975985903540176	0.	-0.23033961018397575	0.
5812.	-0.00020100781957890605	0.	-0.9970864725130901	0.
5813.	-0.0732110426171847	0.	-0.08412676514729887	0.
5814.	-0.23450305602069385	0.	0.8567504827372825	0.
5815.	-0.38623947702794387	0.	0.1822753921728681	0.
5816.	-0.436379028759884	0.	-0.7378029398844074	0.
5817.	-0.35450773194252283	0.	-0.12109022232077077	0.
5818.	-0.19028761662116134	0.	0.8807743386253069	0.
5819.	-0.0433324011292783	0.	0.3250382388672538	0.
5820.	-0.0027831472361511123	0.	-0.8735256368984802	0.
5821.	-0.09323648823804773	0.	-0.5872144340708311	0.
5822.	-0.2598246412456613	0.	0.6171796026915333	0.
5823.	-0.40149746804296915	0.	0.548075475080683	0.
5824.	-0.43231813295711313	0.	-0.5598055520360383	0.
5825.	-0.3335912342248989	0.	-0.5316650302935734	0.
5826.	-0.16520318383250313	0.	0.6510041426613054	0.
5827.	-0.029295913597935097	0.	0.7827201695594017	0.
5828.	-0.008308949949031752	0.	-0.4635343109858928	0.
5829.	-0.1149727034168852	0.	-0.8898728528102612	0.
5830.	-0.2845863724360762	0.	0.1973093412754799	0.
5831.	-0.41426458137372546	0.	0.7446997788758217	0.
5832.	-0.42534626880089554	0.	-0.21639157657636748	0.
5833.	-0.3111094318251656	0.	-0.792577510978637	0.
5834.	-0.1408486028473826	0.	0.2022920769446162	0.
5835.	-0.01784171604694536	0.	0.9884153782148644	0.
5836.	-0.016703098365824842	0.	0.09530532564063252	0.
5837.	-0.13812342001031278	0.	-0.9008248763009767	0.
5838.	-0.30845074317329657	0.	-0.26715023047580033	0.
5839.	-0.4243667991935428	0.	0.7210028314576098	0.
5840.	-0.41555846393222834	0.	0.1962982443420656	0.
5841.	-0.2873687553626438	0.	-0.8156187817296592	0.
5842.	-0.11755583056361191	0.	-0.3260456695454703	0.
5843.	-0.00912593105129672	0.	0.8699152098570663	0.
5844.	-0.027851178881670602	0.	0.6170909766697886	0.
5845.	-0.16237308999007455	0.	-0.6260880989222547	0.
5846.	-0.3310924782052482	0.	-0.634207856073131	0.
5847.	-0.43166642663094124	0.	0.48914843161248817	0.
5848.	-0.4030881277224725	0.	0.5597264815609385	0.
5849.	-0.2626927941144286	0.	-0.5825361584372614	0.
5850.	-0.09564235125142312	0.	-0.7624418971732587	0.
5851.	-0.0032673561750348815	0.	0.46322157892317894	0.
5852.	-0.041601241347216086	0.	0.9307646597358928	0.
5853.	-0.18739118641368507	0.	-0.16285926766275374	0.
5854.	-0.35220296700589987	0.	-0.7985621914973999	0.
5855.	-0.4360639685776445	0.	0.11867283863572836	0.
5856.	-0.3881052328799975	0.	0.765334974026765	0.
5857.	-0.2374178854432745	0.	-0.15569649528423948	0.
5858.	-0.07540684919542522	0.	-0.9596072133840222	0.
5859.	-0.0003458447470824355	0.	-0.09824514325009577	0.
5860.	-0.057765870177719	0.	0.9371723878234021	0.
5861.	-0.21283670856117357	0.	0.3359559739158093	0.
5862.	-0.371494470182447	0.	-0.7202996072310561	0.
5863.	-0.43749948582332504	0.	-0.283942583753918	0.
5864.	-0.370813998695587	0.	0.7462303511479595	0.
5865.	-0.21188853045986164	0.	0.3367119346910821	0.
5866.	-0.05712513757485696	0.	-0.845467725002822	0.
5867.	-0.0004012174424424253	0.	-0.6281909225619904	0.
5868.	-0.07612473885400178	0.	0.64056610126087	0.
5869.	-0.2383628298319158	0.	0.713194304752959	0.
5870.	-0.3887040414120897	0.	-0.43223599774122556	0.
5871.	-0.43595341203304333	0.	-0.6043882297901626	0.
5872.	-0.35145010750089634	0.	0.49927882560043135	0.
5873.	-0.1864526984206814	0.	0.7384177376184469	0.
5874.	-0.041046399090264245	0.	-0.45038658684821575	0.
5875.	-0.003432719522119515	0.	-0.9505424084964879	0.
5876.	-0.0964276130143914	0.	0.14446903694011487	0.
5877.	-0.26362162504552694	0.	0.8571382887756848	0.
5878.	-0.40359711144212457	0.	-0.02590931696079707	0.
5879.	-0.4314468204453481	0.	-0.7510963643874776	0.
5880.	-0.3302774922795112	0.	0.09016955571345198	0.
5881.	-0.1614570838498035	0.	0.9149891557139419	0.
5882.	-0.027389789560817057	0.	0.09994738206618985	0.
5883.	-0.00939903112039192	0.	-0.9591802443441433	0.
5884.	-0.1183977611854588	0.	-0.385544376822938	0.
5885.	-0.2882688127187626	0.	0.733670740766552	0.
5886.	-0.415970685308779	0.	0.3777153003211958	0.
5887.	-0.4240411366348019	0.	-0.6800194209195933	0.
5888.	-0.3075847392171533	0.	-0.3619681651360982	0.
5889.	-0.13724238103739697	0.	0.7998478724133441	0.
5890.	-0.01634145079322441	0.	0.6248073577605433	0.
5891.	-0.018218830440688172	0.	-0.6535263252076511	0.
5892.	-0.14173572667532588	0.	-0.7783353125609824	0.
5893.	-0.3119684476789855	0.	0.39206559462097834	0.
5894.	-0.42565610918942004	0.	0.663361339045618	0.
5895.	-0.4138373012767195	0.	-0.40759200871653645	0.
5896.	-0.28368115422549883	0.	-0.7178932816579947	0.
5897.	-0.11413864031204976	0.	0.42019435750759715	0.
5898.	-0.008051973439360927	0.	0.9488458852759158	0.
5899.	-0.029771902184016652	0.	-0.13777299398320275	0.
5900.	-0.1661234092260971	0.	-0.9131684098052952	0.
5901.	-0.3343975000500758	0.	-0.055210026468725054	0.
5902.	-0.4325213691831955	0.	0.7526055226523595	0.
5903.	-0.4009743943017592	0.	-0.00818496414735942	0.
5904.	-0.2588925470503818	0.	-0.8608579829234936	0.
5905.	-0.09246076941935544	0.	-0.10755577666211585	0.
5906.	-0.0026343444212711953	0.	0.9619885837243611	0.
5907.	-0.043900776107439504	0.	0.4155780817141086	0.
5908.	-0.19122840075893036	0.	-0.7565500942276342	0.
5909.	-0.3552502582055085	0.	-0.4702157965038135	0.
5910.	-0.4364728906802112	0.	0.6235292098393695	0.
5911.	-0.38562773922489413	0.	0.40431445004836136	0.
5912.	-0.2335567904370457	0.	-0.735578633731995	0.
5913.	-0.07250424125782493	0.	-0.6131636508064908	0.
5914.	-0.0001624069047244936	0.	0.6577953257073921	0.
5915.	-0.060412873362289954	0.	0.8247200653474037	0.
5916.	-0.21670851616152026	0.	-0.36882192387766405	0.
5917.	-0.37424249566249845	0.	-0.7318346888123751	0.
5918.	-0.4374568138012471	0.	0.31489192368892355	0.
5919.	-0.3680065134477365	0.	0.7072009306990945	0.
5920.	-0.20801921486456987	0.	-0.3702749787006779	0.
5921.	-0.054541066552183756	0.	-0.928167241981327	0.
5922.	-0.0006698537990577624	0.	0.1365198896012648	0.
5923.	-0.07908313138082165	0.	0.9593574561972539	0.
5924.	-0.24221645732078756	0.	0.11981456879146041	0.
5925.	-0.3911153451384696	0.	-0.7697877733383613	0.
5926.	-0.4354597275136552	0.	-0.08527720036856595	0.
5927.	-0.34835089714132517	0.	0.8045262004869781	0.
5928.	-0.18262790163607973	0.	0.12724819931928447	0.
5929.	-0.03881608628876379	0.	-0.9432328920765083	0.
5930.	-0.004149768519654318	0.	-0.4285580369691354	0.
5931.	-0.09965707151195541	0.	0.7825291507362956	0.
5932.	-0.26740454685324977	0.	0.5540511589156297	0.
5933.	-0.4056388269539491	0.	-0.581454537261717	0.
5934.	-0.4305088524286042	0.	-0.46341954293735665	0.
5935.	-0.32692879954724635	0.	0.6576730093434016	0.
5936.	-0.15772893847924863	0.	0.6004502676776006	0.
5937.	-0.025543634505920454	0.	-0.6472191776898518	0.
5938.	-0.010554719264815604	0.	-0.8499551333588113	0.
5939.	-0.12185426760884725	0.	0.3598685682975768	0.
5940.	-0.29192946700693173	0.	0.8031913027257948	0.
5941.	-0.4176149836920555	0.	-0.22854732796448496	0.
5942.	-0.4226716697780848	0.	-0.7107884095395766	0.
5943.	-0.3040322073390068	0.	0.30110619157326585	0.
5944.	-0.13366170230468136	0.	0.89346545960051	0.
5945.	-0.01490461687801442	0.	-0.1335454469366638	0.
5946.	-0.019797405514780635	0.	-0.9894778185663488	0.
5947.	-0.14537216828201688	0.	-0.16556646586380838	0.
5948.	-0.31545693913529704	0.	0.799760745322273	0.
5949.	-0.4268805783892424	0.	0.1834614613291053	0.
5950.	-0.4120550016332735	0.	-0.7532154632831911	0.
5951.	-0.2799732047871115	0.	-0.16327501224488872	0.
5952.	-0.11075423345242263	0.	0.9034091931815017	0.
5953.	-0.007044044944501851	0.	0.4294206720130673	0.
5954.	-0.03175184795479502	0.	-0.8043391208579813	0.
5955.	-0.16989022072487356	0.	-0.6229359469282899	0.
5956.	-0.3376662799689858	0.	0.5559422798234559	0.
5957.	-0.433309319485799	0.	0.5361509664991795	0.
5958.	-0.3988035549076723	0.	-0.5728890477442548	0.
5959.	-0.2550797200069301	0.	-0.5937157915941423	0.
5960.	-0.08931876444731368	0.	0.6176154501347139	0.
5961.	-0.0020690595753302676	0.	0.8545122741770287	0.
5962.	-0.046255105590401774	0.	-0.36016841234353025	0.
5963.	-0.1950742398975839	0.	-0.8699998928650876	0.
5964.	-0.358254772585727	0.	0.15478357725890338	0.
5965.	-0.4368135821944238	0.	0.7305345486013208	0.
5966.	-0.3830979489733699	0.	-0.21596437369345972	0.
5967.	-0.2296910552398035	0.	-0.851407876094578	0.
5968.	-0.06964746421296569	0.	0.12188375372907265	0.
5969.	-0.000047470632266144366	0.	0.9993117363923931	0.
5970.	-0.06310949666426874	0.	0.1929906931770815	0.
5971.	-0.22058096352827686	0.	-0.8372726370408535	0.
5972.	-0.3769417924837236	0.	-0.2788374212930472	0.
5973.	-0.43734560284658264	0.	0.7129651873170421	0.
5974.	-0.365152253790622	0.	0.21729020017338302	0.
5975.	-0.20415326211230567	0.	-0.8458065568861232	0.
5976.	-0.05200845576734958	0.	-0.4247660294166759	0.
5977.	-0.0010068327002781818	0.	0.8149648717839761	0.
5978.	-0.08208529308850848	0.	0.6726246252990424	0.
5979.	-0.24606273082708996	0.	-0.5462796314680773	0.
5980.	-0.39347263254730924	0.	-0.6170310149990252	0.
5981.	-0.4348981299138228	0.	0.4887211629323009	0.
5982.	-0.345211072100254	0.	0.5987804774034708	0.
5983.	-0.17881442489315366	0.	-0.5674269661089236	0.
5984.	-0.03664216166151704	0.	-0.8416426258401128	0.
5985.	-0.004934069518129969	0.	0.36306909978172097	0.
5986.	-0.10292385167318963	0.	0.9251312094443936	0.
5987.	-0.2711722211671693	0.	-0.09776076792966826	0.
5988.	-0.4076219747395491	0.	-0.7654561859857414	0.
5989.	-0.4295045228508407	0.	0.12045127669941708	0.
5990.	-0.323546205449718	0.	0.8093538850802584	0.
5991.	-0.1540199160525076	0.	-0.09584876372000328	0.
5992.	-0.023758026983416315	0.	-0.9872901113492155	0.
5993.	-0.011775652208873166	0.	-0.20537069123225826	0.
5994.	-0.12534113947972852	0.	0.8755014235266754	0.
5995.	-0.29556718811619476	0.	0.36421801374677376	0.
5996.	-0.41919696122782296	0.	-0.6877219381561626	0.
5997.	-0.42123829739569085	0.	-0.2880768526338906	0.
5998.	-0.3004529494914956	0.	0.7760171415702749	0.
5999.	-0.13010768877297657	0.	0.4218340485614186	0.
6000.	-0.013531664580682834	0.	-0.8087216214515098	0.
6001.	-0.02143832889176925	0.	-0.7015352291021052	0.
6002.	-0.14903160523253048	0.	0.5490174220566977	0.
6003.	-0.3189151243087336	0.	0.6990495268402572	0.
6004.	-0.4280398230654696	0.	-0.4122807362626134	0.
6005.	-0.4102121235470214	0.	-0.6193372477557657	0.
6006.	-0.27624606905610094	0.	0.49797808771368113	0.
6007.	-0.10740367059908307	0.	0.8168703569901081	0.
6008.	-0.0061024614338886785	0.	-0.361334277404671	0.
6009.	-0.033790395710874506	0.	-0.9628298444569496	0.
6010.	-0.17367234403310922	0.	0.058965767251192215	0.
6011.	-0.3408977935816858	0.	0.8118506888295981	0.
6012.	-0.4340300306075245	0.	-0.021668249824081887	0.
6013.	-0.3965762898434344	0.	-0.7742350285097643	0.
6014.	-0.25125550785742273	0.	0.05192172493155975	0.
6015.	-0.08621732098566211	0.	0.9547308480336005	0.
6016.	-0.0015716787885866057	0.	0.2082255311601913	0.
6017.	-0.048663491989660385	0.	-0.9070937303965492	0.
6018.	-0.19892749860975492	0.	-0.43382593372718015	0.
6019.	-0.3612155685820124	0.	0.6787477480662873	0.
6020.	-0.43708593635390125	0.	0.371708727574494	0.
6021.	-0.3805166549168142	0.	-0.7010980839776735	0.
6022.	-0.2258218913051906	0.	-0.42738440737703054	0.
6023.	-0.06683741332197021	0.	0.782130985458338	0.
6024.	-1.0719506720047178e-6	0.	0.7109696974831733	0.
6025.	-0.06585489500808157	0.	-0.5585097328378783	0.
6026.	-0.22445283710100095	0.	-0.7747101625021318	0.
6027.	-0.3795915147334833	0.	0.34923579525571335	0.
6028.	-0.4371658878116454	0.	0.6563765934101486	0.
6029.	-0.36225211419906456	0.	-0.4132945723955714	0.
6030.	-0.20029188372438042	0.	-0.7871426478854924	0.
6031.	-0.0495280988989171	0.	0.34826407757212063	0.
6032.	-0.0014120485444144293	0.	0.9795788926577071	0.
6033.	-0.08513028315165938	0.	-0.037010304549241535	0.
6034.	-0.24990044499673972	0.	-0.8638524906468514	0.
6035.	-0.39577516490481834	0.	-0.07283683208436398	0.
6036.	-0.43426879522835904	0.	0.7515014224830994	0.
6037.	-0.34203161634772944	0.	0.010690200036179959	0.
6038.	-0.17501346326900646	0.	-0.9056405567430494	0.
6039.	-0.03452530648351976	0.	-0.20844801406924462	0.
6040.	-0.005785376731131858	0.	0.9252857295092465	0.
6041.	-0.10622692974608054	0.	0.4841465125831945	0.
6042.	-0.27492346726506545	0.	-0.6844371168614315	0.
6043.	-0.4095459333154309	0.	-0.46212345802812116	0.
6044.	-0.428434146449573	0.	0.6285123721067609	0.
6045.	-0.3201307700351065	0.	0.44664996016888425	0.
6046.	-0.15033117891483636	0.	-0.7344634058480551	0.
6047.	-0.022033526573301765	0.	-0.7048975091712278	0.
6048.	-0.013061447334945062	0.	0.5677878766064333	0.
6049.	-0.12885728407085936	0.	0.8371514890996881	0.
6050.	-0.29918083604667167	0.	-0.3029705946295381	0.
6051.	-0.4207161221537752	0.	-0.7080226888131614	0.
6052.	-0.41974146868365064	0.	0.31951426588895554	0.
6053.	-0.29684808735269036	0.	0.7597650184845564	0.
6054.	-0.12658145420897146	0.	-0.3187347493748118	0.
6055.	-0.012223024158780647	0.	-0.9746262996406998	0.
6056.	-0.02314108633312917	0.	0.027865681374109486	0.
6057.	-0.15271289072077585	0.	0.9143192162300675	0.
6058.	-0.322341919466007	0.	0.15619022970808327	0.
6059.	-0.4291334799302129	0.	-0.7442943856945375	0.
6060.	-0.40830924454122597	0.	-0.08990896534957915	0.
6061.	-0.2725009150515768	0.	0.8461097012920831	0.
6062.	-0.10408800175799415	0.	0.21323456503841362	0.
6063.	-0.005227517983314528	0.	-0.9249359608383416	0.
6064.	-0.03588690660825918	0.	-0.5144377050205363	0.
6065.	-0.17746859389981307	0.	0.7005704356445341	0.
6066.	-0.34409102819014137	0.	0.552020501054801	0.
6067.	-0.4346832766920987	0.	-0.5650093685449886	0.
6068.	-0.39429329709622696	0.	-0.4825226401871874	0.
6069.	-0.24742110904306558	0.	0.6678646081994706	0.
6070.	-0.08315741097404089	0.	0.6893355118831678	0.
6071.	-0.0011423579317755006	0.	-0.5696360726706825	0.
6072.	-0.05112518055858331	0.	-0.8811728186188497	0.
6073.	-0.20278696935223406	0.	0.27409255510914793	0.
6074.	-0.3641317183326258	0.	0.7698056348682306	0.
6075.	-0.4372898678067716	0.	-0.223977978664274	0.
6076.	-0.3778846659879709	0.	-0.741283585826695	0.
6077.	-0.22195051116125453	0.	0.26999961443289894	0.
6078.	-0.06407496920974735	0.	0.9500930559988336	0.
6079.	-0.00002322539908339305	0.	-0.025498407504868852	0.
6080.	-0.06864820803346158	0.	-0.95591295133488	0.
6081.	-0.228322923504269	0.	-0.22321062804400776	0.
6082.	-0.3821908320336897	0.	0.7529708125501027	0.
6083.	-0.43691772501379084	0.	0.1810764032858658	0.
6084.	-0.3593070035262018	0.	-0.7833929585139171	0.
6085.	-0.19643628979113925	0.	-0.22896937366605305	0.
6086.	-0.047100773247837124	0.	0.9033133444633293	0.
6087.	-0.0018853743439548667	0.	0.5268198829696813	0.
6088.	-0.08821714732251448	0.	-0.7209653478508493	0.
6089.	-0.2537283971551306	0.	-0.633947651824683	0.
6090.	-0.39802222063757875	0.	0.5156148046398314	0.
6091.	-0.4335719206801819	0.	0.5350954198917122	0.
6092.	-0.3388135262681399	0.	-0.5870468469974854	0.
6093.	-0.17122620791802373	0.	-0.6714181060346796	0.
6094.	-0.03246618413696306	0.	0.5577055391074531	0.
6095.	-0.006703423371435258	0.	0.9040091953551093	0.
6096.	-0.1095652706033689	0.	-0.2603613067841326	0.
6097.	-0.27865710956889217	0.	-0.835328561246315	0.
6098.	-0.41141009974518483	0.	0.1341384177414364	0.
6099.	-0.4272980586632254	0.	0.7364838812604704	0.
6100.	-0.3166835636389496	0.	-0.20212973713025667	0.
6101.	-0.14666388305222697	0.	-0.9106468403717922	0.
6102.	-0.020370673703793363	0.	0.02281023438445588	0.
6103.	-0.014411701696217652	0.	0.982212599521893	0.
6104.	-0.13240159948566219	0.	0.2711706251184623	0.
6105.	-0.302769278345081	0.	-0.7750514565510143	0.
6106.	-0.4221719903897011	0.	-0.2776366782127788	0.
6107.	-0.41818165272150354	0.	0.7248143157143018	0.
6108.	-0.29321875062423985	0.	0.26023217471938087	0.
6109.	-0.12308410367237894	0.	-0.8605207880395954	0.
6110.	-0.01097910572125757	0.	-0.5259318867673912	0.
6111.	-0.024905144225443265	0.	0.7384271770433669	0.
6112.	-0.15641487109816987	0.	0.7014113314898223	0.
6113.	-0.3257362507054242	0.	-0.4828834514789789	0.
6114.	-0.43016120625184917	0.	-0.6016298929398823	0.
6115.	-0.4063469609473121	0.	0.49859173237198423	0.
6116.	-0.2687389164383559	0.	0.6582989234660814	0.
6117.	-0.10080826600464399	0.	-0.527497892695917	0.
6118.	-0.004419488788015763	0.	-0.9057379871235	0.
6119.	-0.03804072363675387	0.	0.25705053340322337	0.
6120.	-0.18127778064498265	0.	0.8972284026920105	0.
6121.	-0.34724498308601504	0.	-0.05645265115549071	0.
6122.	-0.43526885302179086	0.	-0.7476581676267259	0.
6123.	-0.3919552921145438	0.	0.11802736524421276	0.
6124.	-0.24357772520033488	0.	0.8627906459218179	0.
6125.	-0.08013999333375577	0.	-0.012739869481062756	0.
6126.	-0.0007812315464833935	0.	-0.9886885468573258	0.
6127.	-0.053639399846829916	0.	-0.30018595831219697	0.
6128.	-0.20665144263103596	0.	0.8056009630632832	0.
6129.	-0.3670023079688202	0.	0.37210696202991844	0.
6130.	-0.4374253126440027	0.	-0.6766630209825558	0.
6131.	-0.37520280700827635	0.	-0.30908030033374256	0.
6132.	-0.21807812803188664	0.	0.7994900835029464	0.
6133.	-0.061360997577409024	0.	0.5182055961341193	0.
6134.	-0.00011392403620441582	0.	-0.7458541679781375	0.
6135.	-0.07148856036428175	0.	-0.7498422476040958	0.
6136.	-0.2321900099197846	0.	0.46652781278266603	0.
6137.	-0.3847389298043308	0.	0.6769544574480828	0.
6138.	-0.4366011922248736	0.	-0.4099703643327663	0.
6139.	-0.35631784471973404	0.	-0.6560507066290141	0.
6140.	-0.1925876885889966	0.	0.4770685745778811	0.
6141.	-0.044727239495792576	0.	0.8892554291501258	0.
6142.	-0.0024266617664387424	0.	-0.25768764089535345	0.
6143.	-0.09134491823269927	0.	-0.9482845991042882	0.
6144.	-0.2575453876886942	0.	-0.004573920795696379	0.
6145.	-0.4002130955569795	0.	0.7742524511697584	0.
6146.	-0.4328077246575841	0.	-0.023010021555155358	0.
6147.	-0.3355578103564514	0.	-0.8138743404412826	0.
6148.	-0.16745384570146948	0.	-0.010640878130187381	0.
6149.	-0.030465439915669492	0.	0.9733917431076974	0.
6150.	-0.007687921745206772	0.	0.3131734905482728	0.
6151.	-0.11293782806531577	0.	-0.8379819747284156	0.
6152.	-0.28237197802138037	0.	-0.4571891258737749	0.
6153.	-0.41321388983287133	0.	0.6432478847009879	0.
6154.	-0.42609661552292744	0.	0.3747140174111844	0.
6155.	-0.3132056665576691	0.	-0.7255488325845297	0.
6156.	-0.14301917773178552	0.	-0.5108691646781407	0.
6157.	-0.01876998948378078	0.	0.7373297930017773	0.
6158.	-0.015825992144834933	0.	0.7772699682474482	0.
6159.	-0.1359729749960118	0.	-0.46347912572965533	0.
6160.	-0.3063313904548357	0.	-0.7542327396305336	0.
6161.	-0.4235641096913963	0.	0.3284293917228156	0.
6162.	-0.4165593383288826	0.	0.6687303629096775	0.
6163.	-0.289566076677259	0.	-0.40734349869296593	0.
6164.	-0.11961673317404867	0.	-0.8598267184828751	0.
6165.	-0.009800299087257103	0.	0.25505894253677275	0.
6166.	-0.026729949743051776	0.	0.9825075196401252	0.
6167.	-0.16013638622537152	0.	0.04704710356144505	0.
6168.	-0.3290970543058717	0.	-0.8129467657987297	0.
6169.	-0.43112267995716436	0.	-0.07597172687892567	0.
6170.	-0.4043258877106423	0.	0.7709791460621214	0.
6171.	-0.26496125216537303	0.	0.0512029254712807	0.
6172.	-0.0975654911503606	0.	-0.9372526362022513	0.
6173.	-0.003678627066474538	0.	-0.3153844123715504	0.
6174.	-0.040251171827281135	0.	0.8648688684229511	0.
6175.	-0.18509871053596788	0.	0.5268538445298877	0.
6176.	-0.35035866987751957	0.	-0.6262533988149548	0.
6177.	-0.4357865760878961	0.	-0.45357600449621005	0.
6178.	-0.3895630075906178	0.	0.6456250744473611	0.
6179.	-0.23972656077682314	0.	0.510830230480989	0.
6180.	-0.07716601367372519	0.	-0.7090363346445839	0.
6181.	-0.0004884128030845369	0.	-0.784604115664221	0.
6182.	-0.05620536194183928	0.	0.46837135626836396	0.
6183.	-0.21051970738875678	0.	0.8259857154869154	0.
6184.	-0.36982643789447067	0.	-0.2599119539557607	0.
6185.	-0.43749222842171814	0.	-0.6977511021029356	0.
6186.	-0.3724719184234051	0.	0.3220008051671265	0.
6187.	-0.21420595545710247	0.	0.8242779597042509	0.
6188.	-0.05869634893453407	0.	-0.24232776321609314	0.
6189.	-0.0002731394375122872	0.	-0.9960414832388925	0.
6190.	-0.07437506188352178	0.	-0.07194696061840793	0.
6191.	-0.23605288446746808	0.	0.8581565602472683	0.
6192.	-0.3872350095153563	0.	0.17136421200500962	0.
6193.	-0.4362163886399338	0.	-0.7398443023502088	0.
6194.	-0.3532855745303315	0.	-0.11014802711305252	0.
6195.	-0.18874728620207176	0.	0.8839445907627568	0.
6196.	-0.0424082414666723	0.	0.31358356909050256	0.
6197.	-0.003035741182144197	0.	-0.8793672831062274	0.
6198.	-0.09451261569118698	0.	-0.5772326947209313	0.
6199.	-0.26135022041951395	0.	0.6244953399330737	0.
6200.	-0.4023471030809519	0.	0.5398699462925717	0.
6201.	-0.43197644664607676	0.	-0.5672102577943744	0.
6202.	-0.3322654888969793	0.	-0.5236086243892343	0.
6203.	-0.16369755881222844	0.	0.6598510700724042	0.
6204.	-0.028523700820830722	0.	0.7754795715590931	0.
6205.	-0.008738563322172342	0.	-0.47437468953776296	0.
6206.	-0.11634354523364307	0.	-0.8852124897021866	0.
6207.	-0.28606690844530297	0.	0.2081771679345939	0.
6208.	-0.41495673829923924	0.	0.7416569661119974	0.
6209.	-0.42483019353884605	0.	-0.22693558712992165	0.
6210.	-0.30969816870578926	0.	-0.7899526017126188	0.
6211.	-0.1393982051400765	0.	0.21409573009772434	0.
6212.	-0.017231975540260607	0.	0.9877453755165498	0.
6213.	-0.01730387546777623	0.	0.08295454659882968	0.
6214.	-0.13957029139298538	0.	-0.9028791183242507	0.
6215.	-0.3098660560712858	0.	-0.25613212430568993	0.
6216.	-0.4248920437943056	0.	0.7239987711825799	0.
6217.	-0.4148750339094818	0.	0.1858020960231105	0.
6218.	-0.28589121019704433	0.	-0.8193324995795886	0.
6219.	-0.11618042932556061	0.	-0.31499951639719265	0.
6220.	-0.008686973676819865	0.	0.8760695413007757	0.
6221.	-0.028614931022772655	0.	0.6071829604467532	0.
6222.	-0.16387626984727702	0.	-0.634112902605424	0.
6223.	-0.33242327704827823	0.	-0.6264196273510478	0.
6224.	-0.4320175997382405	0.	0.49723786331394765	0.
6225.	-0.40224665820013444	0.	0.5524805842194057	0.
6226.	-0.26116910608402394	0.	-0.5915345398012757	0.
6227.	-0.09436069342561881	0.	-0.7556892371979669	0.
6228.	-0.0030051649938606304	0.	0.47425198236776395	0.
6229.	-0.042517558462721886	0.	0.9264397175149157	0.
6230.	-0.18893018615854462	0.	-0.17425169401857998	0.
6231.	-0.3534311127882418	0.	-0.7963339989311137	0.
6232.	-0.43623628364486483	0.	0.1293887347859026	0.
6233.	-0.38711719322470706	0.	0.7635907359397203	0.
6234.	-0.23586882266277578	0.	-0.16724613623758472	0.
6235.	-0.07423640398516863	0.	-0.959362777085973	0.
6236.	-0.0002639934671502808	0.	-0.08586869295045084	0.
6237.	-0.058822262714187654	0.	0.9397565842702092	0.
6238.	-0.21439055137827256	0.	0.32480140643450384	0.
6239.	-0.37260322307784766	0.	-0.7242297252291541	0.
6240.	-0.4374905941679015	0.	-0.2738451745517746	0.
6241.	-0.3696928560490206	0.	0.7505902328448137	0.
6242.	-0.210335206906479	0.	0.3262046948732882	0.
6243.	-0.056081858338957846	0.	-0.8518857896036571	0.
6244.	-0.0005008217100772316	0.	-0.6184395183274186	0.
6245.	-0.07730680801129314	0.	0.6491681684434065	0.
6246.	-0.2399103365908744	0.	0.7057382382617057	0.
6247.	-0.38967828893846357	0.	-0.44104777723817423	0.
6248.	-0.43576343485007657	0.	-0.5979643874356925	0.
6249.	-0.3502111432189938	0.	0.5084822746250388	0.
6250.	-0.18491628614751113	0.	0.7322904700340804	0.
6251.	-0.0401445058956227	0.	-0.46147781116039654	0.
6252.	-0.0037124217144777205	0.	-0.9465404787019607	0.
6253.	-0.09771924699771123	0.	0.1562965246359459	0.
6254.	-0.26514170297776174	0.	0.8556260474128246	0.
6255.	-0.404423574447699	0.	-0.03687200397542428	0.
6256.	-0.4310783471548538	0.	-0.7503013262661075	0.
6257.	-0.32893759364681774	0.	0.10144132963285823	0.
6258.	-0.15995852440623803	0.	0.9152557989891329	0.
6259.	-0.026641575355911384	0.	0.08770142148062585	0.
6260.	-0.009855018851098019	0.	-0.9621942941992041	0.
6261.	-0.11978135481231718	0.	-0.37426541936740276	0.
6262.	-0.28974074291434115	0.	0.7384684555349813	0.
6263.	-0.4166380989684112	0.	0.36794324072671436	0.
6264.	-0.42349918958682115	0.	-0.6851208141448999	0.
6265.	-0.30616216927009954	0.	-0.3520957153337667	0.
6266.	-0.13580210003028076	0.	0.8065247106172005	0.
6267.	-0.015757113860131428	0.	0.6153308279076283	0.
6268.	-0.018844888522699638	0.	-0.6625619057634071	0.
6269.	-0.14319242134220672	0.	-0.7711457085824088	0.
6270.	-0.3133721674912144	0.	0.4015935019530487	0.
6271.	-0.4261553765460533	0.	0.6577255064554481	0.
6272.	-0.4131292672979419	0.	-0.4170775898413514	0.
6273.	-0.2821953028215508	0.	-0.7125208294403924	0.
6274.	-0.11277626900727797	0.	0.43125024785212557	0.
6275.	-0.007639478384577125	0.	0.945198390718694	0.
6276.	-0.030559497345816145	0.	-0.149909133726718	0.
6277.	-0.1676333499460373	0.	-0.9122617825649599	0.
6278.	-0.3357138765505618	0.	-0.04394766541591419	0.
6279.	-0.4328456851423814	0.	0.75278333551457	0.
6280.	-0.40010992401111445	0.	-0.01919857579768458	0.
6281.	-0.2573636665885213	0.	-0.8617430168359305	0.
6282.	-0.09119487715801339	0.	-0.0955893243406939	0.
6283.	-0.0023993136203399462	0.	0.9653647179784981	0.
6284.	-0.04483917329704999	0.	0.4042321387995026	0.
6285.	-0.19277100679563677	0.	-0.762110992284488	0.
6286.	-0.35646134896746634	0.	-0.4606860612719672	0.
6287.	-0.43661783476181415	0.	0.6294431408295977	0.
6288.	-0.38461861549218074	0.	0.39512855528927027	0.
6289.	-0.2320057198049759	0.	-0.7425508264331815	0.
6290.	-0.07135208235931337	0.	-0.604102189511593	0.
6291.	-0.00010804386574742031	0.	0.6671266925239058	0.
6292.	-0.06148928207487436	0.	0.8177645904825009	0.
6293.	-0.21826276154324675	0.	-0.37901243925369477	0.
6294.	-0.3753317933211634	0.	-0.726915731469797	0.
6295.	-0.43742041039494234	0.	0.32474358498038264	0.
6296.	-0.3668664907939926	0.	0.7026876945245824	0.
6297.	-0.2064670954071861	0.	-0.38124177110205176	0.
6298.	-0.053518345125932884	0.	-0.9249465733374773	0.
6299.	-0.0007968994981185085	0.	0.1488150640751978	0.
6300.	-0.08028287998935182	0.	0.9589523037241716	0.
6301.	-0.2437611574303687	0.	0.10823537354763879	0.
6302.	-0.39206800239182427	0.	-0.7709139425399019	0.
6303.	-0.4352424728033171	0.	-0.0744671986507196	0.
6304.	-0.3470955142582753	0.	0.8061419624538735	0.
6305.	-0.18109588899444534	0.	0.11568617310461289	0.
6306.	-0.03793674219579368	0.	-0.9469446681058071	0.
6307.	-0.004456491304497726	0.	-0.41724460677964315	0.
6308.	-0.10096380724811929	0.	0.7887247672543238	0.
6309.	-0.26891864717860703	0.	0.5446888637523868	0.
6310.	-0.4064418589272015	0.	-0.588214138544701	0.
6311.	-0.4301137076306324	0.	-0.4549247855129775	0.
6312.	-0.32557516751026894	0.	0.6650096554028324	0.
6313.	-0.15623791423168326	0.	0.5919490209181189	0.
6314.	-0.024819653350349524	0.	-0.6567314454938635	0.
6315.	-0.011036938455069645	0.	-0.8432434417660464	0.
6316.	-0.12325017945363538	0.	0.3706243881584667	0.
6317.	-0.29339233011292504	0.	0.7988948541134847	0.
6318.	-0.41825744492911987	0.	-0.2388381250958593	0.
6319.	-0.4221040207798995	0.	-0.7072002775520099	0.
6320.	-0.30259877637196675	0.	0.3119753000183512	0.
6321.	-0.13223198935757108	0.	0.8907755823757163	0.
6322.	-0.014345866639798144	0.	-0.14584393699129314	0.
6323.	-0.020448548382179434	0.	-0.9894928002164309	0.
6324.	-0.14683822972996746	0.	-0.15369731204627346	0.
6325.	-0.31684862596117	0.	0.8017663390159182	0.
6326.	-0.4273537120396909	0.	0.17277965491576353	0.
6327.	-0.41132258558424467	0.	-0.7556614558964889	0.
6328.	-0.27847951278694966	0.	-0.15220486737208563	0.
6329.	-0.10940531902429322	0.	0.907473900091467	0.
6330.	-0.006658141478879456	0.	0.41827161413055153	0.
6331.	-0.03256303931719512	0.	-0.8110340662682463	0.
6332.	-0.17140644911872518	0.	-0.6136907413801097	0.
6333.	-0.33896782159697325	0.	0.5635346852676512	0.
6334.	-0.433606676660745	0.	0.5283086456058452	0.
6335.	-0.3979163547575278	0.	-0.5806775516604382	0.
6336.	-0.2535461262380134	0.	-0.5859069010968225	0.
6337.	-0.08806903446034503	0.	0.6272297043845384	0.
6338.	-0.0018612628112145702	0.	0.8480980015275346	0.
6339.	-0.047215288776983555	0.	-0.371358421216559	0.
6340.	-0.1966199687989335	0.	-0.8662254538917122	0.
6341.	-0.35944842879111233	0.	0.1655594025970858	0.
6342.	-0.43693110986795586	0.	0.727890946056118	0.
6343.	-0.3820680574037858	0.	-0.22676821740792014	0.
6344.	-0.22813846283357334	0.	-0.8493698279649559	0.
6345.	-0.06851395269016286	0.	0.13404171084669322	0.
6346.	-0.000020612871790836175	0.	0.9997011247732909	0.
6347.	-0.06420558422361783	0.	0.18090413659461113	0.
6348.	-0.22213512440093636	0.	-0.8400544083091226	0.
6349.	-0.37801129354019447	0.	-0.26820465087413936	0.
6350.	-0.43728169909682263	0.	0.716311840370668	0.
6351.	-0.36399370839188894	0.	0.20675417264511647	0.
6352.	-0.20260283315629266	0.	-0.8502806721518876	0.
6353.	-0.051006612655833256	0.	-0.4139307989454262	0.
6354.	-0.0011612800202648321	0.	0.8220347134600932	0.
6355.	-0.08330234516826837	0.	0.6634831978111221	0.
6356.	-0.24760414020681154	0.	-0.5546445786371819	0.
6357.	-0.3944034009807903	0.	-0.6097694102673255	0.
6358.	-0.434653665759236	0.	0.49705000143077316	0.
6359.	-0.3439396640337485	0.	0.5917668596146055	0.
6360.	-0.17728729198711374	0.	-0.577107724174949	0.
6361.	-0.035785642246359745	0.	-0.8356184419173585	0.
6362.	-0.0052677167749168585	0.	0.3745433006371421	0.
6363.	-0.10424527965528627	0.	0.9217898862771741	0.
6364.	-0.27267986939196226	0.	-0.10902807067539043	0.
6365.	-0.4084013240252029	0.	-0.763728864273713	0.
6366.	-0.4290828303767274	0.	0.1312527989591455	0.
6367.	-0.32217926421430276	0.	0.808088359944985	0.
6368.	-0.1525368942648863	0.	-0.1077503403245266	0.
6369.	-0.023058505761211563	0.	-0.9880508744624775	0.
6370.	-0.012283951738644383	0.	-0.19317967539768557	0.
6371.	-0.12674893208674728	0.	0.8789368114471995	0.
6372.	-0.29702052569675513	0.	0.35356900923762724	0.
6373.	-0.4198142687079539	0.	-0.6919984615003135	0.
6374.	-0.42064512434071655	0.	-0.2780709666066517	0.
6375.	-0.29900910671765024	0.	0.780985534710614	0.
6376.	-0.12868899193154149	0.	0.4114621196669224	0.
6377.	-0.012998676139037435	0.	-0.8160688159898075	0.
6378.	-0.022114352487154126	0.	-0.6925280107536756	0.
6379.	-0.15050657402310658	0.	0.5580527850503078	0.
6380.	-0.3202943420182591	0.	0.6922789537850703	0.
6381.	-0.4284866747384804	0.	-0.42122183189717777	0.
6382.	-0.4094555549544925	0.	-0.6131805565438002	0.
6383.	-0.2747450045554485	0.	0.5077339750619801	0.
6384.	-0.1060686357733111	0.	0.8113568171034008	0.
6385.	-0.005743270493453134	0.	-0.3729414316106673	0.
6386.	-0.034624929061498465	0.	-0.9598600250643633	0.
6387.	-0.17519438494133743	0.	0.07068514547323829	0.
6388.	-0.3421840924576489	0.	0.8109694319461854	0.
6389.	-0.43430033581254024	0.	-0.0325457370117993	0.
6390.	-0.3956666378684699	0.	-0.7738446866953848	0.
6391.	-0.24971768138253397	0.	0.06349093393861657	0.
6392.	-0.08498414491572263	0.	0.9559029239454492	0.
6393.	-0.001391181180171619	0.	0.19607194220283544	0.
6394.	-0.04964516026933016	0.	-0.9110584660442822	0.
6395.	-0.2004758659715924	0.	-0.423124770088136	0.
6396.	-0.36239141616116116	0.	0.6839359232798771	0.
6397.	-0.4371760107875764	0.	0.36218869952038457	0.
6398.	-0.37946631826192023	0.	-0.7066586127998074	0.
6399.	-0.22426826368132613	0.	-0.4176075363576087	0.
6400.	-0.0657229044006605	0.	0.7896964538803417	0.
6401.	-1.7278854712310387e-6	0.	0.7021707316902789	0.
6402.	-0.06697031791989987	0.	-0.568083157947518	0.
6403.	-0.2260064264182399	0.	-0.7683405217642556	0.
6404.	-0.3806408840233912	0.	0.3588291854251466	0.
6405.	-0.4370745037439762	0.	0.6510911810184067	0.
6406.	-0.36107540912379404	0.	-0.42317212682911043	0.
6407.	-0.19874363114960672	0.	-0.7822725250937829	0.
6408.	-0.048547448060970805	0.	0.359869394669087	0.
6409.	-0.0015938490823057677	0.	0.9769574761607429	0.
6410.	-0.08636425729885078	0.	-0.049096959457424295	0.
6411.	-0.2514380805931677	0.	-0.8637168685045324	0.
6412.	-0.39668375283217977	0.	-0.061807309121917564	0.
6413.	-0.43399719824051586	0.	0.7520556092218691	0.
6414.	-0.3407445815332739	0.	-0.0005163229482776921	0.
6415.	-0.17349168867561693	0.	-0.9073002797031956	0.
6416.	-0.033691880159555376	0.	-0.19648680072223687	0.
6417.	-0.006145843900698972	0.	0.929671378730556	0.
6418.	-0.10756263586014153	0.	0.4733975241232107	0.
6419.	-0.2764241909192151	0.	-0.6904719756238015	0.
6420.	-0.41030135567718284	0.	-0.4530165841385406	0.
6421.	-0.4279860384512443	0.	0.6347582171642407	0.
6422.	-0.31875094797505993	0.	0.43756696308438786	0.
6423.	-0.14885662433876584	0.	-0.7422320059967467	0.
6424.	-0.021358684501554925	0.	-0.6964174922676368	0.
6425.	-0.013595667911041429	0.	0.5777527681717721	0.
6426.	-0.1302765162627091	0.	0.8311096335660746	0.
6427.	-0.3006241926506156	0.	-0.3132137368253541	0.
6428.	-0.42130808242251366	0.	-0.703576470519943	0.
6429.	-0.41912295746064654	0.	0.3295858260697845	0.
6430.	-0.29539428524704087	0.	0.7556654852729867	0.
6431.	-0.12517421806920093	0.	-0.3302349599815167	0.
6432.	-0.011715964545378738	0.	-0.9723737683806081	0.
6433.	-0.023841778801896696	0.	0.040196683091251365	0.
6434.	-0.1541963046243415	0.	0.9148145978091865	0.
6435.	-0.32370823583405484	0.	0.14495206887151918	0.
6436.	-0.429553909589781	0.	-0.7458185756022586	0.
6437.	-0.40752876050175146	0.	-0.07905088376736114	0.
6438.	-0.27099294845802874	0.	0.8483573784932271	0.
6439.	-0.10276726491188087	0.	0.2016158145521708	0.
6440.	-0.004895152132954522	0.	-0.9296647463265946	0.
6441.	-0.036744520417676625	0.	-0.503690183980211	0.
6442.	-0.17899597034065548	0.	0.7073477287583484	0.
6443.	-0.34536168120875604	0.	0.5432417071972834	0.
6444.	-0.4349264452182822	0.	-0.5720117955975197	0.
6445.	-0.3933614783636314	0.	-0.47418897889605693	0.
6446.	-0.24587953179246597	0.	0.6758636855237458	0.
6447.	-0.08194117527855432	0.	0.6813090465028819	0.
6448.	-0.0009892160445711118	0.	-0.5798495169268607	0.
6449.	-0.052128026292815016	0.	-0.875417090997068	0.
6450.	-0.20433748994242024	0.	0.2849359065118313	0.
6451.	-0.3652893887959485	0.	0.7661277160448272	0.
6452.	-0.4373524607728411	0.	-0.23432551132542467	0.
6453.	-0.3768142134048338	0.	-0.7380589411884426	0.
6454.	-0.22039633520035262	0.	0.28133315701694506	0.
6455.	-0.06297981215541706	0.	0.9482716155175662	0.
6456.	-0.00005139482425431385	0.	-0.03792568843383874	0.
6457.	-0.069782616743024	0.	-0.9569283453606483	0.
6458.	-0.22987545439748952	0.	-0.2117410070645901	0.
6459.	-0.38321974070432474	0.	0.7554423818653092	0.
6460.	-0.4367988892681611	0.	0.17051578812590273	0.
6461.	-0.3581125075336298	0.	-0.7863364853133913	0.
6462.	-0.1948906987918907	0.	-0.2178210449828811	0.
6463.	-0.04614162200289593	0.	0.9083480034835413	0.
6464.	-0.0020944711272224276	0.	0.5161658317114365	0.
6465.	-0.08946765683201063	0.	-0.7283546795476943	0.
6466.	-0.25526177710170767	0.	-0.6254172540624686	0.
6467.	-0.3989083433226757	0.	0.5234089808605545	0.
6468.	-0.43327327597396215	0.	0.52751916161726	0.
6469.	-0.3375112680413036	0.	-0.5953380960642158	0.
6470.	-0.16971026853671792	0.	-0.6639870878754437	0.
6471.	-0.031656112089066865	0.	0.5680454607534695	0.
6472.	-0.0070905974912775505	0.	0.8985389190387774	0.
6473.	-0.1109148362642231	0.	-0.2717108647628659	0.
6474.	-0.2801504383511038	0.	-0.832322460410101	0.
6475.	-0.4121413584485901	0.	0.1448357548412677	0.
6476.	-0.4268236755705019	0.	0.7342014374239003	0.
6477.	-0.31529129316879084	0.	-0.2132805309982823	0.
6478.	-0.14519825778853218	0.	-0.909351905418275	0.
6479.	-0.019720722265353263	0.	0.0351773573939058	0.
6480.	-0.014971675902446129	0.	0.9836576141568739	0.
6481.	-0.13383182649937636	0.	0.2594896800530823	0.
6482.	-0.3042022016496313	0.	-0.7784024258201157	0.
6483.	-0.4227384179357901	0.	-0.26729917674303005	0.
6484.	-0.41753799716081086	0.	0.7285513192833087	0.
6485.	-0.2917554447830051	0.	0.2496460905242207	0.
6486.	-0.12168876923854344	0.	-0.865867976479201	0.
6487.	-0.010498133838101865	0.	-0.5154971474123979	0.
6488.	-0.025630285983782253	0.	0.7462888204838145	0.
6489.	-0.1579062652377487	0.	0.69307179621207	0.
6490.	-0.32708923755423014	0.	-0.49145947878992485	0.
6491.	-0.43055508214208443	0.	-0.5947746419228002	0.
6492.	-0.4055428060508273	0.	0.5072576171187044	0.
6493.	-0.2672245203236553	0.	0.6515945697524365	0.
6494.	-0.09950224103371544	0.	-0.5378768559009809	0.
6495.	-0.00411405218284841	0.	-0.9005964596938985	0.
6496.	-0.03892114914429412	0.	0.2687769679206822	0.
6497.	-0.18281001396650134	0.	0.8947888560204815	0.
6498.	-0.34849959204880104	0.	-0.06754884971126617	0.
6499.	-0.4354848086643056	0.	-0.7463394321618608	0.
6500.	-0.39100159864234985	0.	0.12902161580905858	0.
6501.	-0.24203288027579453	0.	0.8621369612910279	0.
6502.	-0.07894107915836385	0.	-0.02490004530593786	0.
6503.	-0.000655493372035975	0.	-0.9905068946291103	0.
6504.	-0.05466310876096553	0.	-0.28835941781628993	0.
6505.	-0.20820363054505375	0.	0.8097272964100131	0.
6506.	-0.3681414385201724	0.	0.3619116715967377	0.
6507.	-0.43746040452828233	0.	-0.6812642467374577	0.
6508.	-0.37411257395693	0.	-0.2991035056965515	0.
6509.	-0.21652389078687484	0.	0.8051968172101149	0.
6510.	-0.06028553559338496	0.	0.5081356866721216	0.
6511.	-0.0001695981228665433	0.	-0.7540570202932992	0.
6512.	-0.07264159936745712	0.	-0.7416713928097384	0.
6513.	-0.23374099585179664	0.	0.4758283508196029	0.
6514.	-0.3857470554120984	0.	0.6707488000779818	0.
6515.	-0.43645494204238977	0.	-0.419097171602266	0.
6516.	-0.3551059321443488	0.	-0.6501769413373997	0.
6517.	-0.19104524352748098	0.	0.4874421498944751	0.
6518.	-0.043789888424638185	0.	0.8845259547994552	0.
6519.	-0.0026629892675278377	0.	-0.26964065012912103	0.
6520.	-0.09261157121389198	0.	-0.9463153894043024	0.
6521.	-0.2590740314500515	0.	0.006932446735291017	0.
6522.	-0.40107647530387286	0.	0.7738709379158922	0.
6523.	-0.4324821258210984	0.	-0.033906561159439574	0.
6524.	-0.3342407368221634	0.	-0.813978840601173	0.
6525.	-0.1659442166003795	0.	0.0011917609979116839	0.
6526.	-0.029678976005305627	0.	0.9755692426236623	0.
6527.	-0.008101681477651279	0.	0.3013083475209577	0.
6528.	-0.11430083034117391	0.	-0.8427580280301856	0.
6529.	-0.28385744394796514	0.	-0.4470663252543771	0.
6530.	-0.41392075571244713	0.	0.6487443523198484	0.
6531.	-0.4255961059988738	0.	0.3653467986510817	0.
6532.	-0.3118013839908087	0.	-0.7316925143361239	0.
6533.	-0.14156294108212353	0.	-0.5013119544472953	0.
6534.	-0.018145132363837635	0.	0.745767756244111	0.
6535.	-0.01641154449839949	0.	0.7692885880121043	0.
6536.	-0.13741374862224515	0.	-0.473403977945116	0.
6537.	-0.3077534314062314	0.	-0.7485847570067077	0.
6538.	-0.42410482700783414	0.	0.33808950403810273	0.
6539.	-0.4158907401409233	0.	0.6637510688747267	0.
6540.	-0.28809372567647695	0.	-0.41771194263965744	0.
6541.	-0.11823373771867851	0.	-0.8556222727513849	0.
6542.	-0.009345565663155975	0.	0.2670846708093564	0.
6543.	-0.027479313543167266	0.	0.9809376183801329	0.
6544.	-0.16163529322443	0.	0.035164330981211786	0.
6545.	-0.33043628763151145	0.	-0.8134327631518348	0.
6546.	-0.4314898786453659	0.	-0.06509607813053259	0.
6547.	-0.4034983139646399	0.	0.7719431534683929	0.
6548.	-0.2634409011128368	0.	0.039779619213778414	0.
6549.	-0.09627458734041475	0.	-0.9398184982903328	0.
6550.	-0.0034002154272340657	0.	-0.3036182708933598	0.
6551.	-0.04115413312230351	0.	0.8701647985392371	0.
6552.	-0.1866353205608139	0.	0.516760920367884	0.
6553.	-0.35159684161035826	0.	-0.632629283667097	0.
6554.	-0.4359752511695776	0.	-0.4447768518082493	0.
6555.	-0.38858773824939485	0.	0.6522986292569674	0.
6556.	-0.23817893230767287	0.	0.5019180679930276	0.
6557.	-0.07598479673822109	0.	-0.7176406486458007	0.
6558.	-0.00039011774606667604	0.	-0.7768768568947392	0.
6559.	-0.05724961322439907	0.	0.4787883369876256	0.
6560.	-0.2120730761965528	0.	0.8208003491125949	0.
6561.	-0.3709466715522425	0.	-0.27014804673046816	0.
6562.	-0.4374998082255943	0.	-0.6936831643761296	0.
6563.	-0.3713622465659108	0.	0.3324038142708654	0.
6564.	-0.21265214399727686	0.	0.82072604708819	0.
6565.	-0.05764091905381791	0.	-0.2542866562672397	0.
6566.	-0.00035630073852957987	0.	-0.9948370512413305	0.
6567.	-0.07554636983835922	0.	-0.059767158250501884	0.
6568.	-0.23760183938726162	0.	0.8594081308592092	0.
6569.	-0.38822203613163575	0.	0.16043202517568633	0.
6570.	-0.43604276985090146	0.	-0.7417377657767866	0.
6571.	-0.35205662516542524	0.	-0.09917031315238176	0.
6572.	-0.18720847045447442	0.	0.8869657967425547	0.
6573.	-0.04149298431963433	0.	0.30206926477560236	0.
6574.	-0.003299225339009948	0.	-0.8850667820761844	0.
6575.	-0.09579501520067325	0.	-0.5671658286687564	0.
6576.	-0.2628736489457178	0.	0.631687668058997	0.
6577.	-0.40318746932116617	0.	0.5315666906466541	0.
6578.	-0.4316239957174162	0.	-0.5745046423169805	0.
6579.	-0.330934012803054	0.	-0.5154426141993398	0.
6580.	-0.16219471308423128	0.	0.668596738425498	0.
6581.	-0.027761091511772196	0.	0.7681089166146721	0.
6582.	-0.009178779004771738	0.	-0.4851351372768042	0.
6583.	-0.11771955698338572	0.	-0.8804091140868572	0.
6584.	-0.2875440459987074	0.	0.21899074491054737	0.
6585.	-0.41563898983725356	0.	0.7384701530080219	0.
6586.	-0.42430371443444376	0.	-0.23744093970112237	0.
6587.	-0.30828231411829454	0.	-0.7871775972108502	0.
6588.	-0.13795181346536545	0.	0.22587813650490168	0.
6589.	-0.01663240855748483	0.	0.9869157973245595	0.
6590.	-0.01791482246526932	0.	0.0705963580957315	0.
6591.	-0.14102116011965155	0.	-0.9047776597497937	0.
6592.	-0.3112767690264726	0.	-0.24508282454637054	0.
6593.	-0.42540688142929833	0.	0.7268489369169184	0.
6594.	-0.41418170262349097	0.	0.17526080826965462	0.
6595.	-0.2844102754445259	0.	-0.822902128632473	0.
6596.	-0.1148102062554171	0.	-0.30388732553517067	0.
6597.	-0.008258621216869183	0.	0.8820852110728332	0.
6598.	-0.02938828202742938	0.	0.597182786502741	0.
6599.	-0.16538221997444133	0.	-0.6420181144777746	0.
6600.	-0.3337483371578471	0.	-0.6185250457106974	0.
6601.	-0.4323580061496322	0.	0.5052246144874764	0.
6602.	-0.40139592495198817	0.	0.5451193842419397	0.
6603.	-0.2596432765477773	0.	-0.6004398871140513	0.
6604.	-0.09308531532425396	0.	-0.7488034928718391	0.
6605.	-0.002753865569316425	0.	0.4852085806807743	0.
6606.	-0.043442772573617144	0.	0.9219672428809221	0.
6607.	-0.19047069134056466	0.	-0.1855977169218963	0.
6608.	-0.35465245926944516	0.	-0.7939576907814945	0.
6609.	-0.4363976190386275	0.	0.14007656152055822	0.
6610.	-0.3861206536459789	0.	0.7616963842976949	0.
6611.	-0.23431889564715006	0.	-0.17878330618218116	0.
6612.	-0.07307325446302283	0.	-0.9589598104403416	0.
6613.	-0.00019317233110927035	0.	-0.07347774830479166	0.
6614.	-0.05988672911454168	0.	0.9421845892125955	0.
6615.	-0.2159446142795538	0.	0.31360615110840545	0.
6616.	-0.3737042087787801	0.	-0.7280159624847595	0.
6617.	-0.4374706595163331	0.	-0.26369265193337443	0.
6618.	-0.36856409313622374	0.	0.7548115145856747	0.
6619.	-0.20878230816937796	0.	0.3156248139264165	0.
6620.	-0.05504679131474119	0.	-0.8581698320224264	0.
6621.	-0.0006114441650967306	0.	-0.6085898751151738	0.
6622.	-0.0784960178490316	0.	0.6576545654179392	0.
6623.	-0.24145677508208732	0.	0.6981677439647522	0.
6624.	-0.3906439072457146	0.	-0.44976426026027505	0.
6625.	-0.43556250186455564	0.	-0.5914192127421244	0.
6626.	-0.34896554219441894	0.	0.5176017162498474	0.
6627.	-0.18338158195071655	0.	0.7260275737477375	0.
6628.	-0.039251629497421836	0.	-0.47250202851784334	0.
6629.	-0.004002979958013353	0.	-0.9423876827016757	0.
6630.	-0.09901699115104667	0.	0.16808496903847264	0.
6631.	-0.266659438850975	0.	0.8539617849358629	0.
6632.	-0.4052406638262915	0.	-0.04781709199797571	0.
6633.	-0.43069915458592867	0.	-0.7493560498790186	0.
6634.	-0.32759213225433204	0.	0.11271016082036023	0.
6635.	-0.15846293301643044	0.	0.9153659665382304	0.
6636.	-0.025903059637642778	0.	0.07543396043460036	0.
6637.	-0.01032155252857267	0.	-0.965052616239571	0.
6638.	-0.12116994481667535	0.	-0.3629371151769262	0.
6639.	-0.291209089183107	0.	0.7431240246899382	0.
6640.	-0.4172955223574331	0.	0.3581060069684663	0.
6641.	-0.4229469058903844	0.	-0.690089332208485	0.
6642.	-0.3047351863665698	0.	-0.3421436519184683	0.
6643.	-0.13436600660158252	0.	0.813073319064344	0.
6644.	-0.01518302490893414	0.	0.6057507789108196	0.
6645.	-0.019481038703645592	0.	-0.6714861015277334	0.
6646.	-0.14465293049065867	0.	-0.7638344278712995	0.
6647.	-0.3147711103566382	0.	0.41103310879164856	0.
6648.	-0.4266441731581335	0.	0.6519620848377241	0.
6649.	-0.4124114201902119	0.	-0.4264887259282035	0.
6650.	-0.2807062484182947	0.	-0.7070104188753488	0.
6651.	-0.11141924772767064	0.	0.44224676664685336	0.
6652.	-0.007237641126980138	0.	0.941397902964821	0.
6653.	-0.031356593199385	0.	-0.16201325237248687	0.
6654.	-0.1691458712612275	0.	-0.9111997247796255	0.
6655.	-0.3370243481939871	0.	-0.03269283155045197	0.
6656.	-0.4331591925998825	0.	0.7528105768004782	0.
6657.	-0.39923629786582393	0.	-0.030219405107073494	0.
6658.	-0.2558328367368694	0.	-0.8624743937380753	0.
6659.	-0.08993542444689351	0.	-0.08359419128559477	0.
6660.	-0.00217520516380236	0.	0.9685867248941219	0.
6661.	-0.045786350277880694	0.	0.3928290592674136	0.
6662.	-0.19431492436759654	0.	-0.7675314921156775	0.
6663.	-0.3576654874480196	0.	-0.45108131203669993	0.
6664.	-0.436751779908202	0.	0.6352298948915244	0.
6665.	-0.3836011179750211	0.	0.3858556301754461	0.
6666.	-0.2304539799647815	0.	-0.7494016222318325	0.
6667.	-0.07020736476032652	0.	-0.5949325065033355	0.
6668.	-0.00006471884370903846	0.	0.6763515849425771	0.
6669.	-0.06257363000624849	0.	0.8106812200256894	0.
6670.	-0.2198170315234433	0.	-0.3891212386464585	0.
6671.	-0.37641318603611096	0.	-0.7218629018803859	0.
6672.	-0.43737296753422183	0.	0.3345305924110771	0.
6673.	-0.36571899056033835	0.	0.6980341514942058	0.
6674.	-0.2049155960441481	0.	-0.39215773319057085	0.
6675.	-0.05250396532884842	0.	-0.9215719005997678	0.
6676.	-0.0009349484399648889	0.	0.16108512178988582	0.
6677.	-0.08148961903322732	0.	0.9583890931492663	0.
6678.	-0.24530459486694806	0.	0.09665424215549526	0.
6679.	-0.39301190978204487	0.	-0.7718890037846706	0.
6680.	-0.43501428859058383	0.	-0.06363940368304988	0.
6681.	-0.34583365192525406	0.	0.8076073649038433	0.
6682.	-0.17956577729784579	0.	0.1040878966369895	0.
6683.	-0.03706652636033192	0.	-0.9505051381630429	0.
6684.	-0.004774032577824661	0.	-0.405867042687479	0.
6685.	-0.1022764893558962	0.	0.7947819850344818	0.
6686.	-0.2704302147673942	0.	0.5352422417939166	0.
6687.	-0.407235415382359	0.	-0.5948520428275925	0.
6688.	-0.42970789225398764	0.	-0.4463351703830293	0.
6689.	-0.3242161424644507	0.	0.6722325684246084	0.
6690.	-0.15475004587340413	0.	0.5833351663305085	0.
6691.	-0.0241054626599064	0.	-0.6661429943991206	0.
6692.	-0.011529643921968091	0.	-0.8363987713167655	0.
6693.	-0.12465091255323327	0.	0.38130474979107626	0.
6694.	-0.2948514249435167	0.	0.7944584920902302	0.
6695.	-0.4188898341453404	0.	-0.24907398339594827	0.
6696.	-0.42152610556861186	0.	-0.7034693099518013	0.
6697.	-0.301161112345682	0.	0.32280298312438865	0.
6698.	-0.1308066442227986	0.	0.8879316192955388	0.
6699.	-0.013797435629776589	0.	-0.15812435123075172	0.
6700.	-0.02110970238817491	0.	-0.9893481206282454	0.
6701.	-0.14830792160289263	0.	-0.1418174789895142	0.
6702.	-0.31823536033295835	0.	0.8036201978847642	0.
6703.	-0.4278163144486762	0.	0.16206934937632672	0.
6704.	-0.4105804476164242	0.	-0.7579605828279875	0.
6705.	-0.2769828053751399	0.	-0.14109037308783043	0.
6706.	-0.1080619248012415	0.	0.9113913154427279	0.
6707.	-0.006282945353336816	0.	0.4070520471224788	0.
6708.	-0.03338363022316365	0.	-0.8175931357347106	0.
6709.	-0.1729250676256587	0.	-0.6043526853322563	0.
6710.	-0.34026329409545136	0.	0.5710105612830179	0.
6711.	-0.43389318691698897	0.	0.5203633700681919	0.
6712.	-0.3970201094950349	0.	-0.5883605400383722	0.
6713.	-0.25201077580567477	0.	-0.5779810772158275	0.
6714.	-0.08682590182857078	0.	0.6367499829258144	0.
6715.	-0.001664415553695675	0.	0.8415467959597087	0.
6716.	-0.04818413179872186	0.	-0.3824790792112141	0.
6717.	-0.1981668149230881	0.	-0.8623056006587	0.
6718.	-0.36063498191569454	0.	0.17628966726714212	0.
6719.	-0.4370376227897555	0.	0.7251017358385411	0.
6720.	-0.3810299208144964	0.	-0.23754075403070724	0.
6721.	-0.22658539645732542	0.	-0.8471782876247	0.
6722.	-0.06738802574977831	0.	0.14618901557091896	0.
6723.	-4.797543428944139e-6	0.	0.9999304362457954	0.
6724.	-0.0653094738703936	0.	0.16879887893005066	0.
6725.	-0.2236891143777492	0.	-0.8426839298524166	0.
6726.	-0.37907275437898247	0.	-0.2575328592510252	0.
6727.	-0.43720676289634197	0.	0.7195150804991636	0.
6728.	-0.36282783044449857	0.	0.19616512684507853	0.
6729.	-0.20105321938249246	0.	-0.8546125664406132	0.
6730.	-0.05001323797399482	0.	-0.4030190713415621	0.
6731.	-0.0013267121854791397	0.	0.8289719848122011	0.
6732.	-0.08452623524607292	0.	0.6542413672602231	0.
6733.	-0.24914409290102196	0.	-0.5628978670466394	0.
6734.	-0.39532530165038293	0.	-0.6023967147285687	0.
6735.	-0.43439830182855904	0.	0.5052817894252467	0.
6736.	-0.3426619358367071	0.	0.5846318347181644	0.
6737.	-0.17576225230246556	0.	-0.5867022773735209	0.
6738.	-0.03493835968241732	0.	-0.829454385500275	0.
6739.	-0.0056121415659349805	0.	0.38595434515672244	0.
6740.	-0.10557248834468357	0.	0.9182984730103632	0.
6741.	-0.2741847949982881	0.	-0.12025867311050228	0.
6742.	-0.4091710988691543	0.	-0.7618529659086648	0.
6743.	-0.4286505193678533	0.	0.14203360537948145	0.
6744.	-0.32080710140981367	0.	0.8066703305305986	0.
6745.	-0.1510572152085332	0.	-0.11964926609208168	0.
6746.	-0.02236886391424216	0.	-0.9886523915396743	0.
6747.	-0.012802674590574104	0.	-0.18096255251099266	0.
6748.	-0.12816136931649658	0.	0.8822198079474024	0.
6749.	-0.2984699118339953	0.	0.3428709450699745	0.
6750.	-0.42042142557023676	0.	-0.696134826261732	0.
6751.	-0.42004175872235655	0.	-0.26800289429550017	0.
6752.	-0.2975612121063915	0.	0.7858176069183	0.
6753.	-0.1272748417695402	0.	0.40100783335627843	0.
6754.	-0.012476074938753079	0.	-0.8232877350189465	0.
6755.	-0.02280030312304146	0.	-0.6834138859891604	0.
6756.	-0.15198498804325866	0.	0.5669811829871486	0.
6757.	-0.32166843331743045	0.	0.6853894027181787	0.
6758.	-0.4289229379717924	0.	-0.4300742980599609	0.
6759.	-0.40868935869974404	0.	-0.6068977092093751	0.
6760.	-0.2732411131777819	0.	0.5174123838597373	0.
6761.	-0.10473928960227169	0.	0.8057012763595657	0.
6762.	-0.005394833079163663	0.	-0.38449197004270413	0.
6763.	-0.0354687578625068	0.	-0.9567364945098507	0.
6764.	-0.17671862473102212	0.	0.08237608818342526	0.
6765.	-0.3434641598322531	0.	0.8099365824785626	0.
6766.	-0.4345597590803125	0.	-0.043413274704377	0.
6767.	-0.3947480543554952	0.	-0.7733029576182668	0.
6768.	-0.24817829152235665	0.	0.07506618316640787	0.
6769.	-0.08375772194121173	0.	0.9569177773699656	0.
6770.	-0.0012216568117621174	0.	0.18388526455899865	0.
6771.	-0.050635365712166175	0.	-0.9148713215651463	0.
6772.	-0.20202515589326359	0.	-0.41236523645026196	0.
6773.	-0.3635600120848771	0.	0.6889869412381932	0.
6774.	-0.4372550581065899	0.	0.35259699250149434	0.
6775.	-0.37840786793265996	0.	-0.7120892662677448	0.
6776.	-0.22271435747208537	0.	-0.40774233450297515	0.
6777.	-0.06461612096420202	0.	0.7971390503104234	0.
6778.	-0.000013427205354271665	0.	0.6932593711131579	0.
6779.	-0.06809340334330685	0.	-0.5775543382124037	0.
6780.	-0.2275596493984993	0.	-0.7618445700609919	0.
6781.	-0.38168208034323964	0.	0.3683420871213678	0.
6782.	-0.4369720976866947	0.	0.6456745647265317	0.
6783.	-0.35989151883020587	0.	-0.43298170743856673	0.
6784.	-0.1971963885845981	0.	-0.7772588254310249	0.
6785.	-0.047575389803506035	0.	0.37142521948013135	0.
6786.	-0.0017866126271199184	0.	0.9741799237751377	0.
6787.	-0.08760491486542543	0.	-0.06116288105142055	0.
6788.	-0.2529740659517258	0.	-0.8634268227138112	0.
6789.	-0.39758335787243715	0.	-0.05077710884268277	0.
6790.	-0.4337147346181364	0.	0.7524594461044639	0.
6791.	-0.3394513878913924	0.	-0.011738272491743473	0.
6792.	-0.17197219892397145	0.	-0.9088058375480905	0.
6793.	-0.032867796393274695	0.	-0.18448569717570762	0.
6794.	-0.0065170442730767275	0.	0.9339065671404979	0.
6795.	-0.10890395520789477	0.	0.46258173962673144	0.
6796.	-0.2779220029235593	0.	-0.6963724804022413	0.
6797.	-0.41104710767650027	0.	-0.44382847002850345	0.
6798.	-0.42752736728928376	0.	0.6408808778858869	0.
6799.	-0.31736607742404427	0.	0.42838936655686843	0.
6800.	-0.14738559829237668	0.	-0.7498842583610026	0.
6801.	-0.020693807619522497	0.	-0.6878204692982118	0.
6802.	-0.014140245588645031	0.	0.5876204145855872	0.
6803.	-0.13170021498939616	0.	0.8249349674389302	0.
6804.	-0.302063415881694	0.	-0.32338410343045815	0.
6805.	-0.4218898166578384	0.	-0.6989937879333599	0.
6806.	-0.4184943305202138	0.	0.3395994366767	0.
6807.	-0.2939366137965267	0.	0.7514210783007147	0.
6808.	-0.12377170605109013	0.	-0.34169355966164017	0.
6809.	-0.011219356928933139	0.	-0.9699639060535377	0.
6810.	-0.024552311104110824	0.	0.05251422557260544	0.
6811.	-0.15568297748389026	0.	0.9151531887818725	0.
6812.	-0.3250692534447148	0.	0.13370303147773338	0.
6813.	-0.42996369693149544	0.	-0.7471932530845328	0.
6814.	-0.4067387460720962	0.	-0.06816739902289645	0.
6815.	-0.2694823444084773	0.	0.8504547415428807	0.
6816.	-0.10145238338851881	0.	0.18995029697370938	0.
6817.	-0.0045735826246927624	0.	-0.934245588808839	0.
6818.	-0.03761132267201551	0.	-0.4928683735385418	0.
6819.	-0.1805253537425624	0.	0.7139934276253175	0.
6820.	-0.34662594230774835	0.	0.5343723459564	0.
6821.	-0.4351587001972858	0.	-0.5788977017875581	0.
6822.	-0.39242084446896763	0.	-0.4657540624690413	0.
6823.	-0.2443365849213687	0.	0.6837539598930025	0.
6824.	-0.08073184629911595	0.	0.6731616233283737	0.
6825.	-0.0008470676885783679	0.	-0.5899712562139652	0.
6826.	-0.0531392838449018	0.	-0.8695230997700372	0.
6827.	-0.20588873814072434	0.	0.29571372572958066	0.
6828.	-0.36643966129998296	0.	0.7623080448732622	0.
6829.	-0.4374040177163033	0.	-0.24462533292358607	0.
6830.	-0.375735781037425	0.	-0.734688160592732	0.
6831.	-0.2188420761266036	0.	0.292633810153576	0.
6832.	-0.06189251907175167	0.	0.9462927992933343	0.
6833.	-0.0000906051252782536	0.	-0.050346567368679644	0.
6834.	-0.070924545987629	0.	-0.9577853307132194	0.
6835.	-0.2314274236276727	0.	-0.20025095992158642	0.
6836.	-0.3842403462103476	0.	0.757765062298424	0.
6837.	-0.4366690454457132	0.	0.15991940725967288	0.
6838.	-0.3569109759033611	0.	-0.7891340566066971	0.
6839.	-0.19334631231714566	0.	-0.20661877308902266	0.
6840.	-0.045191184794713374	0.	0.9132384314572545	0.
6841.	-0.0023145056438621126	0.	0.5054308676847405	0.
6842.	-0.09072469308683714	0.	-0.735615361874829	0.
6843.	-0.25679331377119735	0.	-0.6167875029848099	0.
6844.	-0.3997853708126904	0.	0.5310930652956646	0.
6845.	-0.43296380117848227	0.	0.5198346209941825	0.
6846.	-0.3362030142185202	0.	-0.6035289076703385	0.
6847.	-0.16819680489947536	0.	-0.6564315587329548	0.
6848.	-0.03085548537018415	0.	0.578299984109176	0.
6849.	-0.007488457116587993	0.	0.8929260903650262	0.
6850.	-0.11226984592202002	0.	-0.2830017324565306	0.
6851.	-0.2816406673676868	0.	-0.8291695492536221	0.
6852.	-0.41286285389696836	0.	0.1554955241827226	0.
6853.	-0.42633878799420294	0.	0.7317714529862315	0.
6854.	-0.3138941488657329	0.	-0.22440796995635637	0.
6855.	-0.14373634574503225	0.	-0.9079005220746665	0.
6856.	-0.019080818710207503	0.	0.04754517039612211	0.
6857.	-0.015541937746336122	0.	0.9849435982994748	0.
6858.	-0.13526634055885134	0.	0.24777953564125588	0.
6859.	-0.3056308109465275	0.	-0.7816050101559067	0.
6860.	-0.423294547241265	0.	-0.25691543794536803	0.
6861.	-0.41688430590026515	0.	0.7321469444970878	0.
6862.	-0.2902884533041147	0.	0.2389984338437282	0.
6863.	-0.12029833488574963	0.	-0.871075824770906	0.
6864.	-0.010027675433214124	0.	-0.504975581603885	0.
6865.	-0.02636517728264759	0.	0.7540252105952346	0.
6866.	-0.15940073103857438	0.	0.6846249316257994	0.
6867.	-0.3284367549571142	0.	-0.49993149691964983	0.
6868.	-0.430938265171976	0.	-0.5878038337978279	0.
6869.	-0.4047292210233739	0.	0.5158319780199125	0.
6870.	-0.2657076769996758	0.	0.6447622882759284	0.
6871.	-0.09820223621960937	0.	-0.5481776471458683	0.
6872.	-0.003819451354396264	0.	-0.8953092619652789	0.
6873.	-0.03981065321152055	0.	0.28045131567776954	0.
6874.	-0.18434406169717457	0.	0.8921979643358948	0.
6875.	-0.34974765067475727	0.	-0.07861725788218707	0.
6876.	-0.4356898225704692	0.	-0.7448715273321883	0.
6877.	-0.39003920914383766	0.	0.14000272238261463	0.
6878.	-0.24048685992861196	0.	0.8613284774545702	0.
6879.	-0.07774922316048244	0.	-0.037068287374418044	0.
6880.	-0.0005407655766351827	0.	-0.9921667587441542	0.
6881.	-0.05569510151118384	0.	-0.27649569792906503	0.
6882.	-0.20975635088518918	0.	0.8137058167283315	0.
6883.	-0.36927302712903076	0.	0.35165987487524697	0.
6884.	-0.4374844549389414	0.	-0.6857286399936383	0.
6885.	-0.37301449751422877	0.	-0.2890569995080324	0.
6886.	-0.21496976592492417	0.	0.8107701549633816	0.
6887.	-0.059218073599687476	0.	0.4979735170448557	0.
6888.	-0.00023630711865380016	0.	-0.7621387271405893	0.
6889.	-0.07380201457229144	0.	-0.7333862356075597	0.
6890.	-0.2352912249722151	0.	0.485030612711837	0.
6891.	-0.38674675026645144	0.	0.6644202800286916	0.
6892.	-0.4362977011458034	0.	-0.42814160959193315	0.
6893.	-0.35388713571701036	0.	-0.6441717471117641	0.
6894.	-0.1895041971255427	0.	0.4977457527225849	0.
6895.	-0.04286137011757307	0.	0.8796487595788245	0.
6896.	-0.0029102258005098136	0.	-0.28154816724211784	0.
6897.	-0.09388459222550473	0.	-0.9441911090379029	0.
6898.	-0.26060063947588497	0.	0.018420240198649213	0.
6899.	-0.40193065040064485	0.	0.7733384295062644	0.
6900.	-0.43214573683819313	0.	-0.04480061427480009	0.
6901.	-0.3329178328015915	0.	-0.8139306289817206	0.
6902.	-0.1644372533716167	0.	0.013040331874497907	0.
6903.	-0.028902057239617893	0.	0.9775900449907773	0.
6904.	-0.008526075674184341	0.	0.28939874651938235	0.
6905.	-0.11566910567530292	0.	-0.8473871596469358	0.
6906.	-0.28533962296206955	0.	-0.4368772555977811	0.
6907.	-0.4146177685050892	0.	0.6541083279902641	0.
6908.	-0.4250851539635281	0.	0.35590127278925826	0.
6909.	-0.3103924037759449	0.	-0.737709578640386	0.
6910.	-0.1401106011788155	0.	-0.49165726975087454	0.
6911.	-0.017530402668518574	0.	0.7540896068132026	0.
6912.	-0.017007311794917712	0.	0.7611870265354754	0.
6913.	-0.13885862846348718	0.	-0.4832360408221149	0.
6914.	-0.30917097906814045	0.	-0.7428068547829172	0.
6915.	-0.424635177100937	0.	0.34767634402684744	0.
6916.	-0.4152121894149393	0.	0.6586366168664356	0.
6917.	-0.28661787389560095	0.	-0.42801952849029645	0.
6918.	-0.11685581676957749	0.	-0.8512689271108926	0.
6919.	-0.008901403904303495	0.	0.2790717497938938	0.
6920.	-0.028238333536146073	0.	0.9792099661125743	0.
6921.	-0.16313708362767054	0.	0.023291571444403456	0.
6922.	-0.331769882537283	0.	-0.8137658750490879	0.
6923.	-0.4318463372794908	0.	-0.054212104197521205	0.
6924.	-0.40266141330219396	0.	0.7727567009181497	0.
6925.	-0.2619182938671455	0.	0.0283319012987525	0.
6926.	-0.09498986663461012	0.	-0.9422306477678128	0.
6927.	-0.0031326756013854706	0.	-0.291800912613	0.
6928.	-0.04206606024542686	0.	0.8753152939116968	0.
6929.	-0.18817355187699522	0.	0.5065927239990448	0.
6930.	-0.3528283066443	0.	-0.6388767383255264	0.
6931.	-0.43615295975639196	0.	-0.4358904990817894	0.
6932.	-0.3876038947443452	0.	0.6588528980179695	0.
6933.	-0.23663032297866599	0.	0.49290318786164533	0.
6934.	-0.0748107872253917	0.	-0.7261349382646695	0.
6935.	-0.0003028464645095652	0.	-0.7690246113697039	0.
6936.	-0.058302017762281194	0.	0.4891179597156848	0.
6937.	-0.21362678208368047	0.	0.8154785574741783	0.
6938.	-0.3720592216451514	0.	-0.28031965823166977	0.
6939.	-0.4374963445666682	0.	-0.6894760695431773	0.
6940.	-0.3702448701645125	0.	0.3427558296790072	0.
6941.	-0.21109864038362883	0.	0.8170246702624271	0.
6942.	-0.05659362267464402	0.	-0.2662142324155462	0.
6943.	-0.00045048752511278253	0.	-0.9934733852337977	0.
6944.	-0.07672490734801013	0.	-0.04758944644370225	0.
6945.	-0.23914984258288585	0.	0.8605050794972716	0.
6946.	-0.38920050704590414	0.	0.14948086245071102	0.
6947.	-0.43585818115894726	0.	-0.7434829627644355	0.
6948.	-0.3508209458876723	0.	-0.08815907131693095	0.
6949.	-0.18567124706223248	0.	0.8898373239461831	0.
6950.	-0.04058667589458681	0.	0.2904972645845717	0.
6951.	-0.003573586410286128	0.	-0.8906231863537657	0.
6952.	-0.09708362202236427	0.	-0.5570156157390553	0.
6953.	-0.26439484991194573	0.	0.6387553851754473	0.
6954.	-0.4040185243395528	0.	0.5231672890951629	0.
6955.	-0.43126079796449934	0.	-0.581687321494148	0.
6956.	-0.329596873161511	0.	-0.5071684194528997	0.
6957.	-0.16069472251969424	0.	0.6772395513252297	0.
6958.	-0.027008124170637082	0.	0.76060941566963	0.
6959.	-0.00962957477440929	0.	-0.49581384892057845	0.
6960.	-0.11910066919701558	0.	-0.8754636411257063	0.
6961.	-0.28901771052047176	0.	0.229748161645632	0.
6962.	-0.4163113015434522	0.	0.7351399810787252	0.
6963.	-0.4237668580643984	0.	-0.24790566233408326	0.
6964.	-0.30686193954202234	0.	-0.7842529015355835	0.
6965.	-0.13650950084016095	0.	0.23763723283862043	0.
6966.	-0.016043045368864764	0.	0.985926745031867	0.
6967.	-0.01853590851353043	0.	0.058232855521164514	0.
6968.	-0.14247595294266235	0.	-0.9065202676572661	0.
6969.	-0.3126828108185449	0.	-0.23400435341221548	0.
6970.	-0.42591128610712237	0.	0.7295528332822092	0.
6971.	-0.4134785050774801	0.	0.16467632917661537	0.
6972.	-0.28292602586901183	0.	-0.8263269277445139	0.
6973.	-0.11344523052849242	0.	-0.2927109817725486	0.
6974.	-0.007840895295015055	0.	0.8879611775969817	0.
6975.	-0.030171192852122997	0.	0.5870921822210609	0.
6976.	-0.16689086434284287	0.	-0.6498024302233111	0.
6977.	-0.33506759164132355	0.	-0.6105256158398011	0.
6978.	-0.4326876286804406	0.	0.5131072079717639	0.
6979.	-0.4005359709257769	0.	0.5376442003932881	0.
6980.	-0.25811538253823596	0.	-0.6092505413776765	0.
6981.	-0.09181628133481196	0.	-0.7417857785835866	0.
6982.	-0.002513470588349448	0.	0.4960895155849241	0.
6983.	-0.044376836971755776	0.	0.917348053951163	0.
6984.	-0.19201262418853582	0.	-0.19689537176450156	0.
6985.	-0.3558669447904372	0.	-0.7914337882450334	0.
6986.	-0.4365479666138946	0.	0.1507343189077817	0.
6987.	-0.38511566445326934	0.	0.7596521971772594	0.
6988.	-0.23276818264556787	0.	-0.19030594339218448	0.
6989.	-0.07191745935073605	0.	-0.9583983052821522	0.
6990.	-0.00013338491339814906	0.	-0.06107440069125752	0.
6991.	-0.06095921563748907	0.	0.9444560569451174	0.
6992.	-0.21749881881062705	0.	0.302372217458199	0.
6993.	-0.37479737170376737	0.	-0.7316576977210377	0.
6994.	-0.4374396828729761	0.	-0.2534869179282593	0.
6995.	-0.36742776694314183	0.	0.7588933446950559	0.
6996.	-0.20722991264605348	0.	0.3049741130007062	0.
6997.	-0.05401998875383843	0.	-0.8643187210770982	0.
6998.	-0.0007330792223734228	0.	-0.5986436601578773	0.
6999.	-0.07969230833136554	0.	0.6660238938578014	0.
7000.	-0.24300206723448026	0.	0.690484249597626	0.
7001.	-0.39160084758500213	0.	-0.45838387899366795	0.
7002.	-0.4353506232221026	0.	-0.5847539196677627	0.
7003.	-0.34771336731108804	0.	0.5266354311469382	0.
7004.	-0.18184866330833327	0.	0.7196300584354766	0.
7005.	-0.03836781497588895	0.	-0.4834573373537445	0.
7006.	-0.0043043795849851685	0.	-0.9380847398714726	0.
7007.	-0.10032077995830174	0.	0.1798323599898654	0.
7008.	-0.26817475604199015	0.	0.8521459046086569	0.
7009.	-0.40604833832836684	0.	-0.058742555512966366	0.
7010.	-0.4303092618820426	0.	-0.7482606839956417	0.
7011.	-0.3262411760279135	0.	0.1239739953567785	0.
7012.	-0.156970385186944	0.	0.9153195373778702	0.
7013.	-0.02517427968955782	0.	0.06314707490764249	0.
7014.	-0.010798608598152057	0.	-0.9677547566440751	0.
7015.	-0.12256346109632411	0.	-0.3515614553817651	0.
7016.	-0.29267377739502365	0.	0.7476367051909557	0.
7017.	-0.4179429222866692	0.	0.34820545286902266	0.
7018.	-0.42238431342803484	0.	-0.6949240115088008	0.
7019.	-0.303303862549938	0.	-0.33211372399445116	0.
7020.	-0.13293417325271173	0.	0.8194924800320718	0.
7021.	-0.014619212921882868	0.	0.5960688090411621	0.
7022.	-0.020127248865911718	0.	-0.680297429247302	0.
7023.	-0.14611718038917731	0.	-0.7564028199387394	0.
7024.	-0.316165205650375	0.	0.4203827610099491	0.
7025.	-0.42712247434931105	0.	0.6460721814912879	0.
7026.	-0.4116837961940683	0.	-0.43582363880715713	0.
7027.	-0.279214066188165	0.	-0.7013629473744893	0.
7028.	-0.11006764498076392	0.	0.45318197762849954	0.
7029.	-0.006846481952984013	0.	0.9374450395358023	0.
7030.	-0.0321631495036388	0.	-0.17408330425819504	0.
7031.	-0.17066089681478747	0.	-0.9099825249062509	0.
7032.	-0.33832884882368297	0.	-0.02144757270123332	0.
7033.	-0.4334618757295942	0.	0.7526872646919527	0.
7034.	-0.39835355996971067	0.	-0.041245410558909346	0.
7035.	-0.2543001347782753	0.	-0.8630518760395351	0.
7036.	-0.08868247486628056	0.	-0.07157242706391574	0.
7037.	-0.001962030364522957	0.	0.9716540462478354	0.
7038.	-0.0467422592317876	0.	0.3813708084224466	0.
7039.	-0.19586007552956758	0.	-0.7728107348324325	0.
7040.	-0.3588626128585234	0.	-0.44140335274650877	0.
7041.	-0.4368747193559464	0.	0.640888396284482	0.
7042.	-0.3825752980404853	0.	0.37649734527447	0.
7043.	-0.2289016492561997	0.	-0.7561297186315648	0.
7044.	-0.06907014625483318	0.	-0.5856561215554577	0.
7045.	-0.000032434026618677336	0.	0.6854684438274163	0.
7046.	-0.06366586241472832	0.	0.803471222981593	0.
7047.	-0.22137124763508687	0.	-0.3991465879697575	0.
7048.	-0.37748661921424953	0.	-0.716677200500269	0.
7049.	-0.4373144876160168	0.	0.344251110411191	0.
7050.	-0.3645640706798247	0.	0.6932410804683456	0.
7051.	-0.20336479510423186	0.	-0.4030209010198542	0.
7052.	-0.05149797836926513	0.	-0.9180437350422628	0.
7053.	-0.001083993651505133	0.	0.17332799258807696	0.
7054.	-0.08270328759164527	0.	0.9576680012962505	0.
7055.	-0.24684669170815543	0.	0.08507324009154996	0.
7056.	-0.3939470196569629	0.	-0.7727128455597361	0.
7057.	-0.43477518639675916	0.	-0.05279584136371185	0.
7058.	-0.3445653738442686	0.	0.8089220499682306	0.
7059.	-0.17803764379547565	0.	0.09245538297868303	0.
7060.	-0.03620548271384334	0.	-0.9539136420252546	0.
7061.	-0.005102376309302492	0.	-0.3944272753006855	0.
7062.	-0.10359505156344034	0.	0.8006998364346203	0.
7063.	-0.27193917330954764	0.	0.525713045227628	0.
7064.	-0.4080194562561105	0.	-0.6013670637900181	0.
7065.	-0.42929142678602883	0.	-0.43765228508864445	0.
7066.	-0.3228517930191894	0.	0.6793403618457581	0.
7067.	-0.15326540851706538	0.	0.574610135713074	0.
7068.	-0.023401098490331312	0.	-0.6754521977980775	0.
7069.	-0.012032810792503512	0.	-0.8294223067742847	0.
7070.	-0.1260563961929646	0.	0.39190784734863293	0.
7071.	-0.2963066778355219	0.	0.7898831112546542	0.
7072.	-0.41951211941297045	0.	-0.2592530119008385	0.
7073.	-0.420937953318936	0.	-0.6995961625159443	0.
7074.	-0.29971928784144136	0.	0.33358725467436023	0.
7075.	-0.12938573886007138	0.	0.8849339700688599	0.
7076.	-0.013259351535275687	0.	-0.1703846062916683	0.
7077.	-0.02178083415252114	0.	-0.9890438475871565	0.
7078.	-0.14978116970458982	0.	-0.129929043353418	0.
7079.	-0.31961707224144625	0.	0.8053220836354782	0.
7080.	-0.42826836226163345	0.	0.15133255261929818	0.
7081.	-0.4098286251964659	0.	-0.7601123630717475	0.
7082.	-0.2754831581129125	0.	-0.1299334974290596	0.
7083.	-0.10672411860358608	0.	0.9151606780276703	0.
7084.	-0.0059184755079136064	0.	0.39576385682539256	0.
7085.	-0.034213579247912684	0.	-0.824015260495567	0.
7086.	-0.1744459995789785	0.	-0.5949234765647254	0.
7087.	-0.3415526320630781	0.	0.5783686145513047	0.
7088.	-0.43416883578862847	0.	0.5123166417233403	0.
7089.	-0.3961148643648418	0.	-0.595936542528956	0.
7090.	-0.2504737462219766	0.	-0.5699396550482826	0.
7091.	-0.08558942931173694	0.	0.6461745988451069	0.
7092.	-0.001478527740030211	0.	0.8348597528374488	0.
7093.	-0.04916158574185875	0.	-0.3935285184286139	0.
7094.	-0.1997147001778085	0.	-0.8582411233699871	0.
7095.	-0.36181437205653455	0.	0.18697242808531583	0.
7096.	-0.43713311558272555	0.	0.7221674482248821	0.
7097.	-0.37998359161298234	0.	-0.24827997898383247	0.
7098.	-0.22503193451524722	0.	-0.8448335375533444	0.
7099.	-0.06626974023496213	0.	0.15832358220125947	0.
7100.	-2.5442954923344227e-8	0.	0.9999996310752107	0.
7101.	-0.066421109878123	0.	0.15667699989562742	0.
7102.	-0.22524285500599228	0.	-0.845160841129585	0.
7103.	-0.38012612141360197	0.	-0.24682403408922948	0.
7104.	-0.437120798028126	0.	0.7225743021377778	0.
7105.	-0.36165467880909535	0.	0.18552497910138813	0.
7106.	-0.19950449902045636	0.	-0.8588013773539861	0.
7107.	-0.04902838187526315	0.	-0.3920326770702472	0.
7108.	-0.0015031208423955666	0.	0.8357755234561001	0.
7109.	-0.08575690153756924	0.	0.6449007730620363	0.
7110.	-0.2506825111657057	0.	-0.5710381020289899	0.
7111.	-0.39623828801398836	0.	-0.5949143433803841	0.
7112.	-0.43413205101372393	0.	0.5134149732222154	0.
7113.	-0.34137795201455556	0.	0.5773766337152257	0.
7114.	-0.17423938282994716	0.	-0.5962088841947896	0.
7115.	-0.034100356747200744	0.	-0.823151456153973	0.
7116.	-0.005967326503857007	0.	0.3973003139095685	0.
7117.	-0.10690541073693778	0.	0.9146576567512807	0.
7118.	-0.2756869220095058	0.	-0.13145058467702458	0.
7119.	-0.40993126040993255	0.	-0.7598288953553066	0.
7120.	-0.42820761164860033	0.	0.15279167581166958	0.
7121.	-0.31942978630900637	0.	0.8050999567612399	0.
7122.	-0.14958095358506285	0.	-0.131543462791593	0.
7123.	-0.021689136258833838	0.	-0.9890945154896124	0.
7124.	-0.013331794577570166	0.	-0.1687213955829196	0.
7125.	-0.1295783798625394	0.	0.8853499358172993	0.
7126.	-0.2999152733557473	0.	0.332125785994061	0.
7127.	-0.4210184011635215	0.	-0.7001303027915541	0.
7128.	-0.419428231002432	0.	-0.25787449547416774	0.
7129.	-0.2961093387558976	0.	0.7905123935941895	0.
7130.	-0.1258653096813518	0.	0.390472954306291	0.
7131.	-0.011963887362502146	0.	-0.8303771291965099	0.
7132.	-0.02349614616959736	0.	-0.6741944303976509	0.
7133.	-0.15346677265856312	0.	0.575801127395654	0.
7134.	-0.32303732883694924	0.	0.6783822014875658	0.
7135.	-0.429348590742952	0.	-0.43883649900678945	0.
7136.	-0.4079135734618154	0.	-0.6004898271430771	0.
7137.	-0.2717344708478423	0.	0.5270115221576513	0.
7138.	-0.103415699199839	0.	0.7999046313030258	0.
7139.	-0.005057166780809863	0.	-0.39598393247398384	0.
7140.	-0.036321839514438986	0.	-0.9534598373160357	0.
7141.	-0.17824498645127546	0.	0.09403656411760503	0.
7142.	-0.3447379310821268	0.	0.808752420697715	0.
7143.	-0.4348082873116005	0.	-0.0542688294673907	0.
7144.	-0.3938205856784169	0.	-0.7726098743163399	0.
7145.	-0.24663741599191324	0.	0.08664541010598212	0.
7146.	-0.08253811397727547	0.	0.9577751526824043	0.
7147.	-0.0010631142381075653	0.	0.17166755375165096	0.
7148.	-0.051634058328521706	0.	-0.9185317090228873	0.
7149.	-0.2035752901600633	0.	-0.40154927085678926	0.
7150.	-0.36472129735463993	0.	0.6938999508015001	0.
7151.	-0.4373230743188247	0.	0.34293540663150307	0.
7152.	-0.37734135736612806	0.	-0.7173889763499677	0.
7153.	-0.22116025112358595	0.	-0.39779049107940645	0.
7154.	-0.06351711889306655	0.	0.8044574438995602	0.
7155.	-0.00003616931738303908	0.	0.6842371205845744	0.
7156.	-0.06922409458136523	0.	-0.5869217002096542	0.
7157.	-0.22911242762812112	0.	-0.7552235480428449	0.
7158.	-0.3827150511269878	0.	0.37777278532593284	0.
7159.	-0.43685867480822654	0.	0.6401277528591119	0.
7160.	-0.3587005030849856	0.	-0.442721474685535	0.
7161.	-0.19565023414253527	0.	-0.7721023350420139	0.
7162.	-0.046611973201978324	0.	0.3829295611790093	0.
7163.	-0.001990329448213854	0.	0.9712467167490465	0.
7164.	-0.08885219322046517	0.	-0.0732060058989381	0.
7165.	-0.2545083235258264	0.	-0.8629825124366207	0.
7166.	-0.3984739346109127	0.	-0.0397482755845987	0.
7167.	-0.43342141862152517	0.	0.7527128365690902	0.
7168.	-0.3381521007064494	0.	-0.022973608307960247	0.
7169.	-0.17045507072334223	0.	-0.9101568638465091	0.
7170.	-0.03205309678446144	0.	-0.1724467302358304	0.
7171.	-0.006898959107280889	0.	0.937990601684768	0.
7172.	-0.1102508200710492	0.	0.4517010651849288	0.
7173.	-0.27941682766351406	0.	-0.7021376632652991	0.
7174.	-0.41178315166350143	0.	-0.43456085421603347	0.
7175.	-0.4270581561176832	0.	0.6468791820277131	0.
7176.	-0.31597622829502525	0.	0.41911877633717176	0.
7177.	-0.1459181750361015	0.	-0.7574187545997151	0.
7178.	-0.020038929493444796	0.	-0.6791078661607541	0.
7179.	-0.014695152876036788	0.	0.5973891671507686	0.
7180.	-0.1331283083741565	0.	0.8186286437079557	0.
7181.	-0.3034984330817131	0.	-0.3334799046913136	0.
7182.	-0.42246129549399647	0.	-0.6942755349139234	0.
7183.	-0.4178556195998926	0.	0.34955321262820277	0.
7184.	-0.2924751465932408	0.	0.7470324664272915	0.
7185.	-0.12237398895900027	0.	-0.35310853604797376	0.
7186.	-0.010733226381275468	0.	-0.9673970885681611	0.
7187.	-0.025272647366654077	0.	0.0648162232749325	0.
7188.	-0.15717283424714268	0.	0.9153350311212908	0.
7189.	-0.3264249035880547	0.	0.122445169572731	0.
7190.	-0.43036282126762104	0.	-0.7484181912672945	0.
7191.	-0.40593924113596014	0.	-0.057260524465296114	0.
7192.	-0.2679691791651963	0.	0.8524013103122015	0.
7193.	-0.10014342357006267	0.	0.17823999940209623	0.
7194.	-0.004262825692417066	0.	-0.9386776948290725	0.
7195.	-0.038487269611420134	0.	-0.48197414099432473	0.
7196.	-0.18205666689349254	0.	0.7205064539800816	0.
7197.	-0.34788374766162733	0.	0.5254140929541051	0.
7198.	-0.4353800299041543	0.	-0.5856658110228758	0.
7199.	-0.39147144289917984	0.	-0.457219406856219	0.
7200.	-0.24279234632788868	0.	0.6915339480369316	0.
7201.	-0.07952948509051833	0.	0.6648945805063754	0.
7202.	-0.0007159200395596699	0.	-0.5999995762599932	0.
7203.	-0.05415890216034375	0.	-0.8634919087963435	0.
7204.	-0.20744063563327325	0.	0.3064241548408745	0.
7205.	-0.36758247777307274	0.	0.7583474011290757	0.
7206.	-0.4374445360339114	0.	-0.25487551457493035	0.
7207.	-0.37464942333109236	0.	-0.7311717898910183	0.
7208.	-0.2172878124031656	0.	0.30389954750335346	0.
7209.	-0.06081314485072341	0.	0.9441568745001875	0.
7210.	-0.00014085432495125616	0.	-0.0627589476675796	0.
7211.	-0.07207393811738647	0.	-0.9584838362561756	0.
7212.	-0.23297875284666295	0.	-0.1887425418750411	0.
7213.	-0.3852525970297646	0.	0.7599384981238975	0.
7214.	-0.43652820010253746	0.	0.14928924378626177	0.
7215.	-0.3557024692921579	0.	-0.7917850756993896	0.
7216.	-0.1918032083326071	0.	-0.19536449539257866	0.
7217.	-0.044249509607138846	0.	0.9179837379640251	0.
7218.	-0.0025454667860104222	0.	0.49461681099046645	0.
7219.	-0.09198819262934349	0.	-0.7427462139958749	0.
7220.	-0.2583229298458061	0.	-0.6080600099807784	0.
7221.	-0.4006532588349311	0.	0.5386656799613546	0.
7222.	-0.43264351191891115	0.	0.5120432199359995	0.
7223.	-0.33488883084462456	0.	-0.6116177251201907	0.
7224.	-0.16668589341051238	0.	-0.6487527601009008	0.
7225.	-0.030064344402419133	0.	0.5884673383670246	0.
7226.	-0.007896982163491217	0.	0.8871716812895144	0.
7227.	-0.1136302311721466	0.	-0.2942319922051253	0.
7228.	-0.28312772138212144	0.	-0.825870495087006	0.
7229.	-0.4135745496662371	0.	0.16611575531459033	0.
7230.	-0.4258434204144517	0.	0.7291943468392414	0.
7231.	-0.3124922012627318	0.	-0.23551001949943362	0.
7232.	-0.14227822072256122	0.	-0.9062928444233602	0.
7233.	-0.01845099534123662	0.	0.05991157710541177	0.
7234.	-0.016122458434498436	0.	0.986070371288622	0.
7235.	-0.13670506924472187	0.	0.23604224424629405	0.
7236.	-0.30705503411554896	0.	-0.7846587284892894	0.
7237.	-0.4238403502297199	0.	-0.24648741235254878	0.
7238.	-0.41622061193868576	0.	0.7356004759327744	0.
7239.	-0.2888178502445554	0.	0.22829108386347202	0.
7240.	-0.11891287081128613	0.	-0.8761433475357125	0.
7241.	-0.009567754258797455	0.	-0.4943689527309464	0.
7242.	-0.02710978102077366	0.	0.7616350723410752	0.
7243.	-0.16089819305428527	0.	0.6760722828334084	0.
7244.	-0.32977873488522635	0.	-0.5082980299799355	0.
7245.	-0.4313107359950019	0.	-0.5807187941574586	0.
7246.	-0.4039062469377553	0.	0.524313185811142	0.
7247.	-0.2641884630438873	0.	0.6378032156510146	0.
7248.	-0.09690831719146727	0.	-0.5583984470112041	0.
7249.	-0.00353570117409166	0.	-0.8898772697684374	0.
7250.	-0.040709190930232064	0.	0.2920716091499578	0.
7251.	-0.18587984639349148	0.	0.8894562847349031	0.
7252.	-0.35098909595794076	0.	-0.08965586693011966	0.
7253.	-0.43588388439177905	0.	-0.7432547431615106	0.
7254.	-0.3890681722057755	0.	0.15096864658233894	0.
7255.	-0.23893974220785832	0.	0.8603652306216079	0.
7256.	-0.07656448550632478	0.	-0.049242510716653656	0.
7257.	-0.00043705395285444787	0.	-0.9936678515729594	0.
7258.	-0.05673532599618264	0.	-0.26459684021684354	0.
7259.	-0.21130952526615787	0.	0.8175359228054049	0.
7260.	-0.37039701666730757	0.	0.3413534878438397	0.
7261.	-0.43749746266315825	0.	-0.6900553657633787	0.
7262.	-0.3719086331135425	0.	-0.2789425960815742	0.
7263.	-0.2134158319061687	0.	0.8162090171768536	0.
7264.	-0.05815866548632412	0.	0.4877207837855821	0.
7265.	-0.00031404765685366653	0.	-0.7700979275226929	0.
7266.	-0.07496974739319989	0.	-0.7249882516263739	0.
7267.	-0.2368406190182445	0.	0.49413303071032755	0.
7268.	-0.3877379638982825	0.	0.6579701258175193	0.
7269.	-0.4361294774761081	0.	-0.437101977439476	0.
7270.	-0.35266151696521886	0.	-0.6380361488125992	0.
7271.	-0.1879646271811933	0.	0.5079775213728979	0.
7272.	-0.04194173144863517	0.	0.8746246177010328	0.
7273.	-0.00316835888442607	0.	-0.29340818570749044	0.
7274.	-0.09516391699584908	0.	-0.9419122070579999	0.
7275.	-0.26212513469348375	0.	0.029887417360714513	0.
7276.	-0.4027755777241496	0.	0.772655087361289	0.
7277.	-0.4317985746895975	0.	-0.05569014170454323	0.
7278.	-0.33158916508206265	0.	-0.8137296193646055	0.
7279.	-0.16293303208963622	0.	0.024902770856250298	0.
7280.	-0.028134722841369784	0.	0.9794537568555005	0.
7281.	-0.008961082908792717	0.	0.2774467089424356	0.
7282.	-0.11704258499008299	0.	-0.8518686545617319	0.
7283.	-0.2868184402365183	0.	-0.426623795942685	0.
7284.	-0.41530489302414725	0.	0.6593388581683072	0.
7285.	-0.4245637852142375	0.	0.3463791845729175	0.
7286.	-0.3089787970443921	0.	-0.7435988515223484	0.
7287.	-0.13866223134248176	0.	-0.4819067302288833	0.
7288.	-0.01692583143242904	0.	0.7622939053167448	0.
7289.	-0.017613263958849212	0.	0.7529666852943301	0.
7290.	-0.14030754157696884	0.	-0.49297366261026193	0.
7291.	-0.3105839618777281	0.	-0.7369001647101776	0.
7292.	-0.42515513319546633	0.	0.35718814090621975	0.
7293.	-0.4145237204048677	0.	0.6533879148895969	0.
7294.	-0.285138595843608	0.	-0.43826435710411055	0.
7295.	-0.11548303989321188	0.	-0.846767347838806	0.
7296.	-0.008467836234627824	0.	0.291018144972217	0.
7297.	-0.029006971405515718	0.	0.9773249053396906	0.
7298.	-0.16464168161881398	0.	0.011430894029896235	0.
7299.	-0.3330977716982445	0.	-0.8139461365392603	0.
7300.	-0.4321920378639228	0.	-0.043321842746434025	0.
7301.	-0.4018152279750429	0.	0.7734195761313827	0.
7302.	-0.26039350729395994	0.	0.016861805585987544	0.
7303.	-0.09371139388837754	0.	-0.9444885854299587	0.
7304.	-0.0028760210961562005	0.	-0.27993432825499254	0.
7305.	-0.04298690716048753	0.	0.8803195324636568	0.
7306.	-0.18971332682933895	0.	0.4963510942585546	0.
7307.	-0.35405300280900553	0.	-0.6449946937806247	0.
7308.	-0.43631969287500516	0.	-0.4269186185231248	0.
7309.	-0.3866115267438763	0.	0.6652866118712865	0.
7310.	-0.23508081097278327	0.	0.4837871236091661	0.
7311.	-0.07364404440385977	0.	-0.7345176920027245	0.
7312.	-0.00022660336598678832	0.	-0.7610487002664804	0.
7313.	-0.05936252242898618	0.	0.4993584980491466	0.
7314.	-0.2151807466140954	0.	0.8100213761970059	0.
7315.	-0.3731640320086954	0.	-0.29042495073543545	0.
7316.	-0.437481837621305	0.	-0.685130605771456	0.
7317.	-0.36911984562851635	0.	0.35305491820278956	0.
7318.	-0.2095455230449908	0.	0.8131743809536858	0.
7319.	-0.055554512669081624	0.	-0.2781084397463764	0.
7320.	-0.0005556950397399979	0.	-0.9919507215238229	0.
7321.	-0.07791061491543733	0.	-0.03541591275165415	0.
7322.	-0.24069681590271977	0.	0.8614473186199276	0.
7323.	-0.39017037286210954	0.	0.13851275756456183	0.
7324.	-0.4356626318801045	0.	-0.7450795528710565	0.
7325.	-0.34957859908472017	0.	-0.07711629906994259	0.
7326.	-0.1841356936329549	0.	0.892558566018487	0.
7327.	-0.03968936194544159	0.	0.27886951755199707	0.
7328.	-0.0038588105417074747	0.	-0.8960355733527965	0.
7329.	-0.09837837110449017	0.	-0.5467838498871347	0.
7330.	-0.2659137465241381	0.	0.6456973119758566	0.
7331.	-0.4048402261796801	0.	0.5146733397252726	0.
7332.	-0.4308868717224346	0.	-0.58875693142932	0.
7333.	-0.3282541374771018	0.	-0.49878747971308723	0.
7334.	-0.1591976628421361	0.	0.6857779300136678	0.
7335.	-0.026264836812290637	0.	0.7529823022667474	0.
7336.	-0.010090927872423536	0.	-0.5064090335144189	0.
7337.	-0.12048681215260253	0.	-0.8703770106501767	0.
7338.	-0.2904878276189703	0.	0.24044751823595178	0.
7339.	-0.4169736394786855	0.	0.7316671177607905	0.
7340.	-0.42321965153368163	0.	-0.25832779020131624	0.
7341.	-0.3054371166843549	0.	-0.7811789457004004	0.
7342.	-0.13507134008207522	0.	0.24937095928216213	0.
7343.	-0.015463915727624527	0.	0.9847783477243013	0.
7344.	-0.01916710225905871	0.	0.04586613490674057	0.
7345.	-0.14393459641843437	0.	-0.9081067366203204	0.
7346.	-0.31408411046513013	0.	-0.22289873774865743	0.
7347.	-0.4264052323628972	0.	0.7321099915340755	0.
7348.	-0.4127654767713092	0.	0.1540506149517981	0.
7349.	-0.28143853640427297	0.	-0.8296061814267988	0.
7350.	-0.11208557105309902	0.	-0.28147238171339417	0.
7351.	-0.007433817003884596	0.	0.8936964234338294	0.
7352.	-0.03096362397226554	0.	0.5769128904180841	0.
7353.	-0.16840212679166944	0.	-0.6574645672628027	0.
7354.	-0.3363809738961115	0.	-0.602422860848834	0.
7355.	-0.43300645068979804	0.	0.5208841856382852	0.
7356.	-0.3996668395369858	0.	0.530056372336844	0.
7357.	-0.25658550118810003	0.	-0.6179648599555312	0.
7358.	-0.0905536555228105	0.	-0.7346372320968003	0.
7359.	-0.002283992189103575	0.	0.5068929418210825	0.
7360.	-0.045319704502542885	0.	0.912582994231063	0.
7361.	-0.19355590685841534	0.	-0.20814270310331234	0.
7362.	-0.35707450803974616	0.	-0.7887628389727839	0.
7363.	-0.4366873187806221	0.	0.16136001257760493	0.
7364.	-0.3841022763823603	0.	0.7574584798150443	0.
7365.	-0.231216761943029	0.	-0.20181198804656947	0.
7366.	-0.07076907699693674	0.	-0.9576782811359873	0.
7367.	-0.00008463423325044683	0.	-0.0486607436514596	0.
7368.	-0.062039668139503824	0.	0.9465706691372364	0.
7369.	-0.2190530865048432	0.	0.29110162121769695	0.
7370.	-0.375882656662672	0.	-0.7351543358937955	0.
7371.	-0.43739766580441747	0.	-0.2432298842548578	0.
7372.	-0.3662839348347484	0.	0.76283489647689	0.
7373.	-0.20567809870731482	0.	0.2942544263699777	0.
7374.	-0.053001502495837904	0.	-0.870331348899108	0.
7375.	-0.0008657207421224888	0.	-0.5886025574078945	0.
7376.	-0.08089561906382492	0.	0.6742747762314591	0.
7377.	-0.2445461350358964	0.	0.6826892025214453	0.
7378.	-0.3925490616457816	0.	-0.46690508348264304	0.
7379.	-0.4351278096172799	0.	-0.5779697440748759	0.
7380.	-0.346454681783382	0.	0.5355817149486267	0.
7381.	-0.18031760761035168	0.	0.7130989578814189	0.
7382.	-0.03749310694766569	0.	-0.4943418477747417	0.
7383.	-0.004616605379579808	0.	-0.9336323955725552	0.
7384.	-0.10163054759824885	0.	0.19153669504820628	0.
7385.	-0.26968757805366494	0.	0.8501788366080244	0.
7386.	-0.406846557177206	0.	-0.0696463729253193	0.
7387.	-0.4299086887276928	0.	-0.7470154046806776	0.
7388.	-0.32488479316912905	0.	0.1352307796599842	0.
7389.	-0.15548095626488415	0.	0.9151164180955506	0.
7390.	-0.02445527230283212	0.	0.050842844586447805	0.
7391.	-0.011286162980046303	0.	-0.9703002887271565	0.
7392.	-0.12396183329927685	0.	-0.34014043883399725	0.
7393.	-0.2941347336063545	0.	0.7520057797975441	0.
7394.	-0.4185802660721666	0.	0.33824344347425994	0.
7395.	-0.42181144060038184	0.	-0.6996239126313087	0.
7396.	-0.3018682700791525	0.	-0.3220076951415294	0.
7397.	-0.13150667226677498	0.	0.8257809982220203	0.
7398.	-0.014065706365527023	0.	0.5862865344125552	0.
7399.	-0.0207834863878352	0.	-0.688994425451745	0.
7400.	-0.14758509711374507	0.	-0.7488522550860568	0.
7401.	-0.31755438299184313	0.	0.4296408211090686	0.
7402.	-0.42759025597220124	0.	0.6400569265735786	0.
7403.	-0.4109464320430877	0.	-0.4450805638677316	0.
7404.	-0.2777188314625203	0.	-0.6955793371280423	0.
7405.	-0.10872152900186699	0.	0.4640539547391219	0.
7406.	-0.006466020609351253	0.	0.9333404444302442	0.
7407.	-0.03297912554305593	0.	-0.18611724997346318	0.
7408.	-0.1721783501185445	0.	-0.9086104986829827	0.
7409.	-0.33962731258235335	0.	-0.010213934419566084	0.
7410.	-0.43375371924891726	0.	0.7524134447447539	0.
7411.	-0.3974617548884489	0.	-0.05227454932039427	0.
7412.	-0.25276563809071473	0.	-0.8634752534958011	0.
7413.	-0.08743609167391658	0.	-0.05952608640908474	0.
7414.	-0.0017597999850586382	0.	0.9745661505994228	0.
7415.	-0.047706851900464226	0.	0.36985936082624665	0.
7416.	-0.19740638227773938	0.	-0.7779478868062574	0.
7417.	-0.3600526647610166	0.	-0.4316540000579595	0.
7418.	-0.4369866468987641	0.	0.64641759263949	0.
7419.	-0.3815412074774829	0.	0.36705538695222356	0.
7420.	-0.22734880604624558	0.	-0.7627338345092427	0.
7421.	-0.06794048425235755	0.	-0.5762745734099637	0.
7422.	-0.000011191043977093473	0.	0.6944757287700928	0.
7423.	-0.06476592415871057	0.	0.7961358901417401	0.
7424.	-0.22292533141420967	0.	-0.409086768498533	0.
7425.	-0.37855203866104015	0.	-0.7113596515598665	0.
7426.	-0.43724497359080194	0.	0.353903315503717	0.
7427.	-0.3634017894583352	0.	0.6883092856752874	0.
7428.	-0.2018147708776357	0.	-0.4138293193755618	0.
7429.	-0.05050043503479934	0.	-0.9143626147899772	0.
7430.	-0.0012440276101124415	0.	0.18554161107818024	0.
7431.	-0.083923824391088	0.	0.956789232541759	0.
7432.	-0.24838737010510997	0.	0.07349443211427781	0.
7433.	-0.39487328480821304	0.	-0.7733853837395007	0.
7434.	-0.43452517829128123	0.	-0.04193854057149515	0.
7435.	-0.34329074404440996	0.	0.8100856868125903	0.
7436.	-0.17651156563349085	0.	0.08079065188414478	0.
7437.	-0.03535365472511712	0.	-0.9571695457942299	0.
7438.	-0.005441505921583378	0.	-0.3829272458725675	0.
7439.	-0.10491942730348322	0.	0.8064773784789676	0.
7440.	-0.27344544662593806	0.	0.5161030404270166	0.
7441.	-0.40879394196676483	0.	-0.6077580375910404	0.
7442.	-0.4288643322516383	0.	-0.4288777342460875	0.
7443.	-0.32148218805215617	0.	0.6863316693845645	0.
7444.	-0.15178407711305364	0.	0.5657753808929988	0.
7445.	-0.022706596400810325	0.	-0.6846574466226655	0.
7446.	-0.012546413666099987	0.	-0.822315255641139	0.
7447.	-0.12746655941884044	0.	0.40243188908398686	0.
7448.	-0.29775801532295637	0.	0.7851696307979639	0.
7449.	-0.4201242693169032	0.	-0.26937333022547816	0.
7450.	-0.420339593723638	0.	-0.6955815169352281	0.
7451.	-0.298273375646656	0.	0.34432613563331826	0.
7452.	-0.12796934500189336	0.	0.8817830615294532	0.
7453.	-0.012731641521934456	0.	-0.18262262208767513	0.
7454.	-0.022461909797377125	0.	-0.9885800765823523	0.
7455.	-0.15125789965951436	0.	-0.11803408271886087	0.
7456.	-0.32099369193314964	0.	0.806871785305462	0.
7457.	-0.4287098326561028	0.	0.1405712771440369	0.
7458.	-0.4090671562779943	0.	-0.762116342269622	0.
7459.	-0.2739806467081936	0.	-0.11873621663556772	0.
7460.	-0.10539196796995838	0.	0.9187812523864798	0.
7461.	-0.005564750342729047	0.	0.38440894110513674	0.
7462.	-0.03505284449069829	0.	-0.8302993957906216	0.
7463.	-0.1759691681948414	0.	-0.5854048283963444	0.
7464.	-0.3428357704093021	0.	0.5856075732972945	0.
7465.	-0.434433609361913	0.	0.5041699807860901	0.
7466.	-0.39520066506829016	0.	-0.60340410786641	0.
7467.	-0.2489351150824079	0.	-0.5617839907031891	0.
7468.	-0.084359679331942	0.	0.6555018815519671	0.
7469.	-0.0013036087565181376	0.	0.8280379911115772	0.
7470.	-0.05014760126263153	0.	-0.40450488372405335	0.
7471.	-0.20126354641836094	0.	-0.8540328375786901	0.
7472.	-0.36298653967211025	0.	0.19760575094053232	0.
7473.	-0.43721758342641664	0.	0.7190886398632466	0.
7474.	-0.37892912262435274	0.	-0.25898389325579907	0.
7475.	-0.2234781554326375	0.	-0.8423358875374033	0.
7476.	-0.06515915260138483	0.	0.170443326796407	0.
7477.	-6.296812945626867e-6	0.	0.9999086972698169	0.
7478.	-0.06754043612426552	0.	0.14454058162358718	0.
7479.	-0.2267962678461755	0.	-0.8474848088022626	0.
7480.	-0.38117134146332127	0.	-0.23608016930135606	0.
7481.	-0.43702380883178005	0.	0.7254889259169078	0.
7482.	-0.3604743127118569	0.	0.17483565542026047	0.
7483.	-0.1979567502555611	0.	-0.8628462675636214	0.
7484.	-0.04805209407654598	0.	-0.38097345997719284	0.
7485.	-0.0016904970879066394	0.	0.8424441902026341	0.
7486.	-0.08699428191067682	0.	0.6354630714797601	0.
7487.	-0.25221931733545333	0.	-0.5790639095054138	0.
7488.	-0.3971423139804208	0.	-0.5873237307712904	0.
7489.	-0.4338549267566064	0.	0.5214480169691431	0.
7490.	-0.34008777738928386	0.	0.5700025095799864	0.
7491.	-0.17271876045195117	0.	-0.6056258181177008	0.
7492.	-0.03327167574526835	0.	-0.8167106777611075	0.
7493.	-0.0063332536543898865	0.	0.40857929889565736	0.
7494.	-0.10824397954195902	0.	0.9108681505999614	0.
7495.	-0.2771861745923223	0.	-0.1426018223353376	0.
7496.	-0.410681770271576	0.	-0.7576570838734857	0.
7497.	-0.4277541295783486	0.	0.16352499405228121	0.
7498.	-0.3180473884453391	0.	0.8033774259463384	0.
7499.	-0.1481081839222257	0.	-0.14343085238765862	0.
7500.	-0.021019357111531172	0.	-0.9893771268898784	0.
7501.	-0.013871284990024213	0.	-0.1564582815774023	0.
7502.	-0.13099989218725128	0.	0.888326744838934	0.
7503.	-0.30135653729405026	0.	0.32133550456475696	0.
7504.	-0.42160516534846604	0.	-0.7039841871120492	0.
7505.	-0.4188045721545271	0.	-0.24768764112838762	0.
7506.	-0.29465355996346276	0.	0.7950689544236818	0.
7507.	-0.12446046682528233	0.	0.37985926183763574	0.
7508.	-0.011462139267577665	0.	-0.8373357715273266	0.
7509.	-0.024201846498766805	0.	-0.6648712376455814	0.
7510.	-0.15495185306148188	0.	0.5845111493279059	0.
7511.	-0.32440095946885295	0.	0.6712586986639949	0.
7512.	-0.42976361156099546	0.	-0.4475068155771765	0.
7513.	-0.40712823840706386	0.	-0.59395805459182	0.
7514.	-0.270225153625547	0.	0.5365296115914914	0.
7515.	-0.1020979313837932	0.	0.793967803465161	0.
7516.	-0.004730288646776215	0.	-0.4074153687085613	0.
7517.	-0.03718413095156539	0.	-0.9500306645375551	0.
7518.	-0.1797733930443503	0.	0.10566454803158903	0.
7519.	-0.3460053419006553	0.	0.8074172540221235	0.
7520.	-0.4350459079619076	0.	-0.06511037014908821	0.
7521.	-0.3928842786611824	0.	-0.7717654972328747	0.
7522.	-0.24509513257903875	0.	0.09822655088296248	0.
7523.	-0.08132538259195782	0.	0.9584748217333317	0.
7524.	-0.0009155614649242194	0.	0.15942087074873512	0.
7525.	-0.052641187700148556	0.	-0.922039067154519	0.
7526.	-0.20512619051280015	0.	-0.39067882070286575	0.
7527.	-0.36587521334557527	0.	0.6986741259323604	0.
7528.	-0.43738005599165786	0.	0.3332057546849242	0.
7529.	-0.37626684040357994	0.	-0.72255669843068	0.
7530.	-0.21960602309654792	0.	-0.3877537112871211	0.
7531.	-0.06242595366611925	0.	0.8116503251886902	0.
7532.	-0.00006995307722318378	0.	0.6751055041265607	0.
7533.	-0.07036233455107918	0.	-0.5961836890085599	0.
7534.	-0.23066468271754065	0.	-0.7484787181697852	0.
7535.	-0.38373974422679835	0.	0.3871195802475452	0.
7536.	-0.4367342408351663	0.	0.6344517774484862	0.
7537.	-0.35750242201692156	0.	-0.4523896011765113	0.
7538.	-0.19410524587915887	0.	-0.7668038655962708	0.
7539.	-0.04565724689112767	0.	0.39438043752115787	0.
7540.	-0.002204989259194143	0.	0.9681583632960927	0.
7541.	-0.09010602939177514	0.	-0.08522427506973479	0.
7542.	-0.25604077586182067	0.	-0.8623841242476276	0.
7543.	-0.3993554380870221	0.	-0.028722853033594786	0.
7544.	-0.4331172650577686	0.	0.7528157114054284	0.
7545.	-0.33684678557364406	0.	-0.03422028712836869	0.
7546.	-0.16894038066509273	0.	-0.9113530193326784	0.
7547.	-0.031247822465136632	0.	-0.1603719336121249	0.
7548.	-0.007291569123468455	0.	0.941922815574308	0.
7549.	-0.11160316245561838	0.	0.44075741774940785	0.
7550.	-0.2809085896710546	0.	-0.7077665807337683	0.
7551.	-0.41250945048013754	0.	-0.4252154893421107	0.
7552.	-0.4265784286255141	0.	0.6527519798363535	0.
7553.	-0.3145814707535358	0.	0.409756815318961	0.
7554.	-0.1444544286563701	0.	-0.7648341066681554	0.
7555.	-0.01939408318675101	0.	-0.6702811290238199	0.
7556.	-0.015260361758230118	0.	0.6070573945243642	0.
7557.	-0.1345607243235432	0.	0.8121918381435649	0.
7558.	-0.30492917180442364	0.	-0.3434993647685222	0.
7559.	-0.4230224900797128	0.	-0.689422629827893	0.
7560.	-0.4172068569432144	0.	0.3594452794376362	0.
7561.	-0.2910099574170477	0.	0.7425003445122291	0.
7562.	-0.12098113735509625	0.	-0.3644778838792492	0.
7563.	-0.010257597444103275	0.	-0.9646737190933319	0.
7564.	-0.026002751227268806	0.	0.0771005936276127	0.
7565.	-0.1586657996993226	0.	0.9153601944025745	0.
7566.	-0.32777511782217694	0.	0.11118053619641549	0.
7567.	-0.43075126244934786	0.	-0.7494931905152562	0.
7568.	-0.40513028605461154	0.	-0.04633227800886186	0.
7569.	-0.2664535291192677	0.	0.8541966314289319	0.
7570.	-0.09884045153911514	0.	0.16648691733135532	0.
7571.	-0.003962897025834855	0.	-0.9429602966691338	0.
7572.	-0.03937231701468655	0.	-0.47100936590379017	0.
7573.	-0.18358983248774444	0.	0.7268857533432418	0.
7574.	-0.34913503377045235	0.	0.5163686393567374	0.
7575.	-0.43559042316443586	0.	-0.5923148686740675	0.
7576.	-0.3905133215831714	0.	-0.4485865463660197	0.
7577.	-0.2412468939681644	0.	0.6992021858361986	0.
7578.	-0.07833415235134383	0.	0.6565092774006052	0.
7579.	-0.0005957797209309446	0.	-0.6099327789192528	0.
7580.	-0.05518682976648151	0.	-0.8573246056230174	0.
7581.	-0.20899310407242322	0.	0.3170653484710296	0.
7582.	-0.36871778052186965	0.	0.7542465898157906	0.
7583.	-0.437474013679946	0.	-0.2650741364687139	0.
7584.	-0.3735551951291138	0.	-0.7275104013692963	0.
7585.	-0.21573362249822015	0.	0.31512834824667313	0.
7586.	-0.059741743982777464	0.	0.9418641357737254	0.
7587.	-0.00020213988504114155	0.	-0.07516073421427041	0.
7588.	-0.07323073510553874	0.	-0.9590238185374415	0.
7589.	-0.2345293637332104	0.	-0.1772178107991296	0.
7590.	-0.38625644205846227	0.	0.7619623606753632	0.
7591.	-0.4363763603488548	0.	0.1386272870119597	0.
7592.	-0.354487048713333	0.	-0.7942889721580013	0.
7593.	-0.190261464742787	0.	-0.18406015911182197	0.
7594.	-0.04331664397896816	0.	0.9225830576797359	0.
7595.	-0.002787342892537157	0.	0.4837254953782825	0.
7596.	-0.09325809166997173	0.	-0.7497460780904178	0.
7597.	-0.2598505481020346	0.	-0.5992364033243353	0.
7598.	-0.40151196357170893	0.	0.5461254673342304	0.
7599.	-0.43231242436601097	0.	0.5041463998955504	0.
7600.	-0.33356878426761805	0.	-0.6196030095945166	0.
7601.	-0.1651776103504977	0.	-0.6409519556008522	0.
7602.	-0.02928272912435545	0.	0.5985457676062166	0.
7603.	-0.008316152006531574	0.	0.8812766882330563	0.
7604.	-0.11499592333480513	0.	-0.30539973748709554	0.
7605.	-0.2846115253229221	0.	-0.822425991116703	0.
7606.	-0.4142764098264158	0.	0.17669448527751164	0.
7607.	-0.425337597837824	0.	0.726470564649492	0.
7608.	-0.31108552113676924	0.	-0.24658464909425087	0.
7609.	-0.1408239563359584	0.	-0.9045290541040386	0.
7610.	-0.017831283956022292	0.	0.0722744811880643	0.
7611.	-0.01671320866229736	0.	0.9870377801156822	0.
7612.	-0.1381479399231204	0.	0.22427986238092598	0.
7613.	-0.30847479925275917	0.	-0.7875631265708744	0.
7614.	-0.4243757993454648	0.	-0.23601705831843411	0.
7615.	-0.4155469487851663	0.	0.738911223848904	0.
7616.	-0.28734370984950247	0.	0.21752593103694884	0.
7617.	-0.11753244695741655	0.	-0.8810695837541731	0.
7618.	-0.009118393534362203	0.	-0.4836790390911198	0.
7619.	-0.027864059609968517	0.	0.7691171528371645	0.
7620.	-0.1623985756864864	0.	0.6674154131272482	0.
7621.	-0.33111510958866364	0.	-0.5165576214555772	0.
7622.	-0.43167247580852103	0.	-0.5735208692418916	0.
7623.	-0.40307392534348896	0.	0.5326996278390479	0.
7624.	-0.2626669551521118	0.	0.6307185114865387	0.
7625.	-0.09562054927400637	0.	-0.5685374495806158	0.
7626.	-0.0032628159695514136	0.	-0.8843013840798393	0.
7627.	-0.04161671694094321	0.	0.30363589058809537	0.
7628.	-0.187417290519767	0.	0.8865644007780259	0.
7629.	-0.3522238652253865	0.	-0.10066267401282143	0.
7630.	-0.4360669843295113	0.	-0.7414893967457323	0.
7631.	-0.3880885368499492	0.	0.16191735236733473	0.
7632.	-0.237391605220163	0.	0.8592472845416992	0.
7633.	-0.07538692600865621	0.	-0.06142062882642946	0.
7634.	-0.0003443637340239808	0.	-0.9950099130012849	0.
7635.	-0.057783729701624764	0.	-0.25266489195787967	0.
7636.	-0.21286307527404688	0.	0.8212170399407343	0.
7637.	-0.37151335038965005	0.	0.3309944358521757	0.
7638.	-0.43749942704345696	0.	-0.6942436141116655	0.
7639.	-0.370795036584621	0.	-0.26876212243533754	0.
7640.	-0.21186216717940015	0.	0.8215123477563016	0.
7641.	-0.057107364736956795	0.	0.47737919958442504	0.
7642.	-0.0004028158124691483	0.	-0.7779332817045905	0.
7643.	-0.07614473888150311	0.	-0.7164789358536603	0.
7644.	-0.238389099768541	0.	0.5031340552998722	0.
7645.	-0.38872064626689895	0.	0.65139958770761	0.
7646.	-0.4359502795245577	0.	-0.44597658952231256	0.
7647.	-0.35142913776579676	0.	-0.6317711950555173	0.
7648.	-0.1864266114191767	0.	0.5181356062764697	0.
7649.	-0.04103101884755608	0.	0.8694543291163132	0.
7650.	-0.0034373754877944362	0.	-0.3052187073102255	0.
7651.	-0.0964494809411982	0.	-0.9394791594606351	0.
7652.	-0.2636474401425589	0.	0.04133194032766327	0.
7653.	-0.40361121461958993	0.	0.7718211002013036	0.
7654.	-0.43144065690341293	0.	-0.06657310491109786	0.
7655.	-0.33025480074121955	0.	-0.8133757529733401	0.
7656.	-0.16143162869718658	0.	0.03677701122231404	0.
7657.	-0.027377011548756124	0.	0.9811600121144135	0.
7658.	-0.009406681218595558	0.	0.2654542633784752	0.
7659.	-0.11842119894728853	0.	-0.8562018238468128	0.
7660.	-0.2882938211123688	0.	-0.416307836272128	0.
7661.	-0.41598209457895935	0.	0.6644350136664735	0.
7662.	-0.4240320260701186	0.	0.33678229284486627	0.
7663.	-0.307560635164065	0.	-0.749359181566291	0.
7664.	-0.13721790469002657	0.	-0.47206197286860385	0.
7665.	-0.016331449176682666	0.	0.7703792325804588	0.
7666.	-0.01822937040011169	0.	0.7446289862171823	0.
7667.	-0.14176041481375481	0.	-0.502615208667015	0.
7668.	-0.3119923085006048	0.	-0.7308658412788289	0.
7669.	-0.4256646690423529	0.	0.36662313772370303	0.
7670.	-0.41382536786667684	0.	0.6480058954509149	0.
7671.	-0.2836559662004043	0.	-0.44844453997476796	0.
7672.	-0.11411547639018566	0.	-0.8421182274039712	0.
7673.	-0.008044884542791175	0.	0.30292182871703394	0.
7674.	-0.029785188344479272	0.	0.9752828058699136	0.
7675.	-0.16614901123489167	0.	-0.0004156349123123071	0.
7676.	-0.33441988807502476	0.	-0.8139736101287383	0.
7677.	-0.4325269629460812	0.	-0.03242733241930973	0.
7678.	-0.40095980070258175	0.	0.7739315940929405	0.
7679.	-0.2588666183710484	0.	0.0053713705807217765	0.
7680.	-0.0924392336470585	0.	-0.9465918389318749	0.
7681.	-0.002630264867783727	0.	-0.26802051717055125	0.
7682.	-0.04391662737478422	0.	0.8851767177432925	0.
7683.	-0.19125456768176405	0.	0.48603788239272816	0.
7684.	-0.355270868278937	0.	-0.650982104623783	0.
7685.	-0.43647544210983336	0.	-0.41786289785255726	0.
7686.	-0.385610684348376	0.	0.6715985234993529	0.
7687.	-0.2335304745148204	0.	0.47457142723244466	0.
7688.	-0.0724846271733256	0.	-0.7427874174837602	0.
7689.	-0.00016139229931838583	0.	-0.7529504662331985	0.
7690.	-0.06043107368249729	0.	0.5095082414705517	0.
7691.	-0.21673489133581175	0.	0.804429864570001	0.
7692.	-0.37426104686585177	0.	-0.3004620989395581	0.
7693.	-0.4374562881207926	0.	-0.6806475864088635	0.
7694.	-0.3679872297547134	0.	0.36329915573883415	0.
7695.	-0.20799287038789935	0.	0.8091757574821022	0.
7696.	-0.054523641497206954	0.	-0.28996723174857875	0.
7697.	-0.0006719179715865727	0.	-0.9902693239642565	0.
7698.	-0.07910343267951919	0.	-0.02324864349673253	0.
7699.	-0.24224268125025444	0.	0.8622347882138977	0.
7700.	-0.39113158461611297	0.	0.12752974692074714	0.
7701.	-0.43545613188952087	0.	-0.7465272226742754	0.
7702.	-0.34832964747191075	0.	-0.06604400006474662	0.
7703.	-0.1826018876878587	0.	0.8951289429861233	0.
7704.	-0.03880108777244623	0.	0.2671879827880245	0.
7705.	-0.004154883334161474	0.	-0.9013030454970712	0.
7706.	-0.09967919707950729	0.	-0.5364723388746231	0.
7707.	-0.26743026210221554	0.	0.6525122919708694	0.
7708.	-0.40565253335859536	0.	0.5060864574768612	0.
7709.	-0.43050223586757896	0.	-0.5957121286629232	0.
7710.	-0.326905873538225	0.	-0.4903012541460575	0.
7711.	-0.15770360963024502	0.	0.6942103136648725	0.
7712.	-0.02553126695779495	0.	0.7452288322972718	0.
7713.	-0.010562815005125025	0.	-0.5169189147542597	0.
7714.	-0.1218779158713629	0.	-0.8651501870022409	0.
7715.	-0.2919543230714945	0.	0.2510869257387096	0.
7716.	-0.4176259702030091	0.	0.7280522562856484	0.
7717.	-0.4226621224657965	0.	-0.2687053660083032	0.
7718.	-0.3040079174755589	0.	-0.7779561876074577	0.
7719.	-0.13363740379289607	0.	0.26107725985444363	0.
7720.	-0.014895048871631868	0.	0.983470762169168	0.
7721.	-0.019808371835862704	0.	0.03349829260273196	0.
7722.	-0.14539701690809761	0.	-0.9095368887413096	0.
7723.	-0.31548059722338023	0.	-0.21176800866229878	0.
7724.	-0.42688869526033313	0.	0.734519969633746	0.
7725.	-0.4120426537017374	0.	0.143385629605955	0.
7726.	-0.27994788214348637	0.	-0.8327391999807521	0.
7727.	-0.11073129647211355	0.	-0.27017343339445965	0.
7728.	-0.00703740689111812	0.	0.8992899554739837	0.
7729.	-0.031765535382848334	0.	0.5666466690627708	0.
7730.	-0.1699159310240224	0.	-0.6650032649555239	0.
7731.	-0.3376884176170274	0.	-0.5942183219924176	0.
7732.	-0.43331445608098706	0.	0.5285541086812583	0.
7733.	-0.39878857466086753	0.	0.5223572603993996	0.
7734.	-0.2550537097346753	0.	-0.6265812168402665	0.
7735.	-0.0892975016310642	0.	-0.7273590143723775	0.
7736.	-0.002065441954216537	0.	0.5176170274917121	0.
7737.	-0.04627132756399713	0.	0.9076729324568524	0.
7738.	-0.19510046143522397	0.	-0.21933776502457053	0.
7739.	-0.3582750880533596	0.	-0.785945416971369	0.
7740.	-0.436815668502687	0.	0.17195165403583462	0.
7741.	-0.38308054059456015	0.	0.7551155645535913	0.
7742.	-0.22966471186291648	0.	-0.21329938261907533	0.
7743.	-0.06962816537732748	0.	-0.956799785216031	0.
7744.	-0.00004692275215456565	0.	-0.03623887254955157	0.
7745.	-0.06312803207644163	0.	0.9485281348747202	0.
7746.	-0.2206073388993839	0.	0.2797963839662606	0.
7747.	-0.37696000886893954	0.	-0.7385053083070536	0.
7748.	-0.4373446104299941	0.	-0.23292347198741503	0.
7749.	-0.3651326545587793	0.	0.7666353683347906	0.
7750.	-0.20412694469612055	0.	0.283467601146173	0.
7751.	-0.05199138395810213	0.	-0.8762066311494678	0.
7752.	-0.001009362028280003	0.	-0.578468267201048	0.
7753.	-0.0821058892971687	0.	0.682405856031816	0.
7754.	-0.2460889005319426	0.	0.6747840694735877	0.
7755.	-0.3934885015571644	0.	-0.47532634189122197	0.
7756.	-0.4348940723004643	0.	-0.5710679435118122	0.
7757.	-0.34518954915726224	0.	0.5444388785882152	0.
7758.	-0.17878849214904377	0.	0.70643532981606	0.
7759.	-0.03662754957215536	0.	-0.5051536818494	0.
7760.	-0.004939641579188192	0.	-0.9290314210260415	0.
7761.	-0.10294622794925451	0.	0.20319597984834634	0.
7762.	-0.2711978285092264	0.	0.84806103794082	0.
7763.	-0.40763528007712274	0.	-0.08052652690490825	0.
7764.	-0.4294974553438781	0.	-0.7456204152713621	0.
7765.	-0.3235230521550284	0.	0.1464784607904906	0.
7766.	-0.15399472144646645	0.	0.9147565428625991	0.
7767.	-0.023746073776813592	0.	0.038523352444618804	0.
7768.	-0.01178419105633282	0.	-0.9726888130146581	0.
7769.	-0.12536499082971495	0.	-0.32867607179297303	0.
7770.	-0.29559188406192416	0.	0.756230557161892	0.
7771.	-0.41920752153877583	0.	0.3282218547324509	0.
7772.	-0.4212283163287302	0.	-0.704188120529913	0.
7773.	-0.30042848142795386	0.	-0.311827343127019	0.
7774.	-0.130083575711974	0.	0.831937700927247	0.
7775.	-0.013522533180991059	0.	0.5764055887639047	0.
7776.	-0.021449718137080548	0.	-0.6975756467126566	0.
7777.	-0.14905660655969472	0.	-0.7411841241129073	0.
7778.	-0.31893857224865707	0.	0.438805668495303	0.
7779.	-0.42804749441100753	0.	0.6339174729113946	0.
7780.	-0.4101993649624547	0.	-0.4542577503611342	0.
7781.	-0.2762206197284816	0.	-0.6896605349412385	0.
7782.	-0.10738096774827922	0.	0.4748607824899763	0.
7783.	-0.0060962763042918255	0.	0.9290847880123305	0.
7784.	-0.03380448011801762	0.	-0.19811305671339743	0.
7785.	-0.1736981545657984	0.	-0.9070839890696641	0.
7786.	-0.34091967391658223	0.	0.001006040419082338	0.
7787.	-0.43403470842690417	0.	0.7519891898843016	0.
7788.	-0.39656092764483036	0.	-0.06330477758284397	0.
7789.	-0.2512294241438372	0.	-0.8637443432452999	0.
7790.	-0.08619633778846403	0.	-0.04745722888595555	0.
7791.	-0.0015685242343530803	0.	0.9773225333948249	0.
7792.	-0.0486800795874425	0.	0.3582966998955733	0.
7793.	-0.19895376654578564	0.	-0.7829421398226968	0.
7794.	-0.36123558307885717	0.	-0.42183508305169526	0.
7795.	-0.4370875568863819	0.	0.6518164551298741	0.
7796.	-0.3804988984919955	0.	0.35753145707934153	0.
7797.	-0.22579552873170655	0.	-0.769212710357422	0.
7798.	-0.06681843578362394	0.	-0.5667894195356056	0.
7799.	-9.90967425923417e-7	0.	0.7033719183216735	0.
7800.	-0.06587375970249942	0.	0.7886765338989337	0.
7801.	-0.22447920440399668	0.	-0.41894007718039006	0.
7802.	-0.3796093905913954	0.	-0.7059113028578181	0.
7803.	-0.4371644289689034	0.	0.36348539659801987	0.
7804.	-0.362232205570659	0.	0.6832395965702719	0.
7805.	-0.20026560161570275	0.	-0.4245810420982593	0.
7806.	-0.049511385686012294	0.	-0.9105291047304774	0.
7807.	-0.001415042236093067	0.	0.19772391702041098	0.
7808.	-0.08515116781519436	0.	0.9557530187679416	0.
7809.	-0.24992655227546934	0.	0.06191988195449216	0.
7810.	-0.3957906584737569	0.	-0.7739065616015458	0.
7811.	-0.43426427689729574	0.	-0.031069532781549114	0.
7812.	-0.3420098268739293	0.	0.8110979717009086	0.
7813.	-0.17498761985543188	0.	0.06909572943861998	0.
7814.	-0.03451108539846658	0.	-0.960272242010239	0.
7815.	-0.005791404292877972	0.	-0.37136890599277067	0.
7816.	-0.10624954971697034	0.	0.8121136930311788	0.
7817.	-0.27494895867347474	0.	0.5064140076084483	0.
7818.	-0.4095588334156497	0.	-0.6140238230687318	0.
7819.	-0.4284266302130074	0.	-0.4200131393009531	0.
7820.	-0.3201073967092135	0.	0.6932051452637941	0.
7821.	-0.1503061264462886	0.	0.556832373476789	0.
7822.	-0.022021991453368833	0.	-0.6937571496533946	0.
7823.	-0.013070426611287156	0.	-0.8150788479671027	0.
7824.	-0.12888133103627006	0.	0.4128750976260116	0.
7825.	-0.29920536413435306	0.	0.7803189943481705	0.
7826.	-0.42072625295404475	0.	-0.27943306889367847	0.
7827.	-0.4197310569898519	0.	-0.6914260806754772	0.
7828.	-0.29682344875951394	0.	0.3550176544710382	0.
7829.	-0.1265575341546518	0.	0.8784793475661226	0.
7830.	-0.012214332229690095	0.	-0.19483632216145316	0.
7831.	-0.02315289493511053	0.	-0.9879569308008468	0.
7832.	-0.1527380369146482	0.	-0.1061346751459773	0.
7833.	-0.3223651499080118	0.	0.8082691192992959	0.
7834.	-0.4291407033465312	0.	0.12978753971783508	0.
7835.	-0.4082960793043171	0.	-0.7639720927921723	0.
7836.	-0.2724753470162386	0.	-0.1075005147700247	0.
7837.	-0.10406554015188901	0.	0.9222523289457566	0.
7838.	-0.005221787716409881	0.	0.3729892095416889	0.
7839.	-0.035901383582294194	0.	-0.8364445210214012	0.
7840.	-0.17749449657727967	0.	-0.5757984694130213	0.
7841.	-0.34411264435344446	0.	0.5927261875235472	0.
7842.	-0.4346874942674972	0.	0.4959249255370729	0.
7843.	-0.3942775577592659	0.	-0.6107618041320735	0.
7844.	-0.24739496006381648	0.	-0.5535154610762087	0.
7845.	-0.08313671397194716	0.	0.6647301770353946	0.
7846.	-0.0011396674317860067	0.	0.8210826531200173	0.
7847.	-0.05114212858050224	0.	-0.4154063330573516	0.
7848.	-0.20281327545399824	0.	-0.8496815840262557	0.
7849.	-0.36415142558667657	0.	0.2081877111018353	0.
7850.	-0.4372910220555487	0.	0.7158658936917432	0.
7851.	-0.37786656708125155	0.	-0.26965050376981164	0.
7852.	-0.2219241376516965	0.	-0.8396856746041805	0.
7853.	-0.06405631891591834	0.	0.18254616751833938	0.
7854.	-0.0000236113386648815	0.	0.9996576505852093	0.
7855.	-0.06866739610046041	0.	0.13239170832772718	0.
7856.	-0.22834927447545067	0.	-0.8496555267915178	0.
7857.	-0.3822083617638836	0.	-0.22530326466340556	0.
7858.	-0.4369158002038342	0.	0.7282583987543583	0.
7859.	-0.3592867917396724	0.	0.1640990911779239	0.
7860.	-0.19641005122676083	0.	-0.866746424947188	0.
7861.	-0.04708442386721051	0.	-0.36984327694418173	0.
7862.	-0.001888831461250795	0.	0.8489768693035109	0.
7863.	-0.08823831389568415	0.	0.6259299353442844	0.
7864.	-0.2537544338260534	0.	-0.5869739361990142	0.
7865.	-0.39803733391018103	0.	-0.5796263307787295	0.
7866.	-0.43356694304665844	0.	0.5293794029380524	0.
7867.	-0.3387914770933087	0.	0.5625107370169568	0.
7868.	-0.17120046193593288	0.	-0.6149513679009359	0.
7869.	-0.03245235851295025	0.	-0.8101330983596107	0.
7870.	-0.006709904549504153	0.	0.4197894038407717	0.
7871.	-0.10958812718114919	0.	0.906930693516457	0.
7872.	-0.27868247705798793	0.	-0.15371041095493454	0.
7873.	-0.41142259056500036	0.	-0.7553379894460935	0.
7874.	-0.4272900960518415	0.	0.17423154819159575	0.
7875.	-0.31665997760946507	0.	0.8015029527604853	0.
7876.	-0.14663898057243063	0.	-0.15530935742656576	0.
7877.	-0.020359560285717674	0.	-0.9895001340082997	0.
7878.	-0.014421118587171156	0.	-0.1441752910531423	0.
7879.	-0.13242583452790557	0.	0.8911498118542949	0.
7880.	-0.3027936308862347	0.	0.3105020808194156	0.
7881.	-0.42218168850508975	0.	-0.7076958010482127	0.
7882.	-0.41817081366290193	0.	-0.23744421308996722	0.
7883.	-0.2931939492204126	0.	0.7994863735417352	0.
7884.	-0.12306038412107585	0.	0.369168549643099	0.
7885.	-0.010970855985152184	0.	-0.8441624575798068	0.
7886.	-0.0249173684828341	0.	-0.6554459191901125	0.
7887.	-0.15644015427912705	0.	0.5931097996741646	0.
7888.	-0.3257592563716808	0.	0.6640202632973882	0.
7889.	-0.43016797947500496	0.	-0.45608364544067914	0.
7890.	-0.4063333931817824	0.	-0.587303558462383	0.
7891.	-0.26871323770868305	0.	0.5459648877032367	0.
7892.	-0.10078605268197657	0.	0.7878917391652042	0.
7893.	-0.004414215178555642	0.	-0.41878433891287337	0.
7894.	-0.03805558863952341	0.	-0.9464496136564013	0.
7895.	-0.18130376734754183	0.	0.11725802105696653	0.
7896.	-0.34726632830536025	0.	0.8059314169620634	0.
7897.	-0.43527260903309184	0.	-0.07593586826160575	0.
7898.	-0.39193918057097377	0.	-0.770769914212075	0.
7899.	-0.24355151914975504	0.	0.1098075405982343	0.
7900.	-0.08011958901426842	0.	0.9590165838804072	0.
7901.	-0.0007790059438305685	0.	0.147147281598878	0.
7902.	-0.05365670298132638	0.	-0.9253928614800242	0.
7903.	-0.20667777865373527	0.	-0.3797558424179067	0.
7904.	-0.3670217018027185	0.	0.7033086658361163	0.
7905.	-0.43742600024950284	0.	0.32340986181201786	0.
7906.	-0.3751843712907288	0.	-0.7275914115018569	0.
7907.	-0.21805175185390993	0.	-0.3776337159455397	0.
7908.	-0.06134268037172594	0.	0.8187164063219345	0.
7909.	-0.00011477677646540285	0.	0.6658660647193143	0.
7910.	-0.07150806578923094	0.	-0.6053387684189087	0.
7911.	-0.23221633630124033	0.	-0.7416113644742027	0.
7912.	-0.38475610791254344	0.	0.39638078765204754	0.
7913.	-0.43659880204927687	0.	0.6286476940460396	0.
7914.	-0.35629733611096476	0.	-0.4619842719468496	0.
7915.	-0.19256150179240858	0.	-0.7613642541615726	0.
7916.	-0.04471125907097312	0.	0.40577587519615027	0.
7917.	-0.0024305812246504938	0.	0.9649153984963512	0.
7918.	-0.0913663600819371	0.	-0.09721563450433078	0.
7919.	-0.25757134559223055	0.	-0.86163187211208	0.
7920.	-0.4002278237981113	0.	-0.01770288387143054	0.
7921.	-0.4328022892818753	0.	0.7527680287720342	0.
7922.	-0.33553550839189195	0.	-0.04547626308356584	0.
7923.	-0.16742820521907453	0.	-0.9123939919694021	0.
7924.	-0.030452014089437374	0.	-0.14826334759635543	0.
7925.	-0.007694854498620146	0.	0.9457025683984316	0.
7926.	-0.11296091408761226	0.	0.4297527247763238	0.
7927.	-0.28239721363710213	0.	-0.7132583139792166	0.
7928.	-0.4132259674572758	0.	-0.4157941418840039	0.
7929.	-0.42608820903027783	0.	0.6584981442416389	0.
7930.	-0.31318187521482577	0.	0.4003051232775221	0.
7931.	-0.14299443304443293	0.	-0.7721289470839701	0.
7932.	-0.01875930125061387	0.	-0.6613417240477527	0.
7933.	-0.01583584370235855	0.	0.6166234829771564	0.
7934.	-0.1359973905223275	0.	0.8056257491173235	0.
7935.	-0.30635555981818935	0.	-0.35344072201494664	0.
7936.	-0.42357337208287155	0.	-0.6844360153812221	0.
7937.	-0.41654807530248567	0.	0.36927377356475816	0.
7938.	-0.28954112023648093	0.	0.73782543331227	0.
7939.	-0.11959322155910058	0.	-0.37579960531703327	0.
7940.	-0.009792494129702622	0.	-0.9617942280050831	0.
7941.	-0.026742585824721	0.	0.08936525744795504	0.
7942.	-0.1601617984677979	0.	0.9152287757817158	0.
7943.	-0.3291198279837566	0.	0.09991118500835888	0.
7944.	-0.4311290008657449	0.	-0.7504180784692455	0.
7945.	-0.4043119216678538	0.	-0.03538468181395643	0.
7946.	-0.2649354707847142	0.	0.8558402783687795	0.
7947.	-0.0975435330733172	0.	0.15469305426017896	0.
7948.	-0.003673811766859242	0.	-0.9470926524883032	0.
7949.	-0.04026642020081018	0.	-0.45997593978360246	0.
7950.	-0.18512477312280945	0.	0.7331302951835149	0.
7951.	-0.3503797374637345	0.	0.5072376915756956	0.
7952.	-0.43578986935667297	0.	-0.5988436418524354	0.
7953.	-0.38954652889027114	0.	-0.4398570333952717	0.
7954.	-0.23970030586447252	0.	0.7067572285743614	0.
7955.	-0.07714590842709015	0.	0.648007094387101	0.
7956.	-0.0004866527962611722	0.	-0.6197691825135535	0.
7957.	-0.056223014768678636	0.	-0.8510223012873901	0.
7958.	-0.21054606508113433	0.	0.3276354740974888	0.
7959.	-0.36984551223078604	0.	0.7500064410378837	0.
7960.	-0.43749244916475627	0.	-0.2752192881778004	0.
7961.	-0.3724531516741881	0.	-0.7237045936358428	0.
7962.	-0.214179584872826	0.	0.3263181974869289	0.
7963.	-0.05867837055978519	0.	0.9394149051697689	0.
7964.	-0.00027445871260728394	0.	-0.08754983372541225	0.
7965.	-0.07439487855365436	0.	-0.9594052617874389	0.
7966.	-0.2360791780076496	0.	-0.16567882678197302	0.
7967.	-0.38725183061737833	0.	0.7638363484042954	0.
7968.	-0.4362135338486854	0.	0.12793553209388414	0.
7969.	-0.35326477552426344	0.	-0.7966452019190164	0.
7970.	-0.18872115937887157	0.	-0.1727077209543746	0.
7971.	-0.042392635007831	0.	0.9270355505377177	0.
7972.	-0.0030401217548697845	0.	0.472758767866702	0.
7973.	-0.09453432610049314	0.	-0.7566138195554821	0.
7974.	-0.261376091420674	0.	-0.5903183278964239	0.
7975.	-0.40236144167359655	0.	0.5534710905641111	0.
7976.	-0.4319705552309935	0.	0.49614562159206377	0.
7977.	-0.33224294113058706	0.	-0.6274832404819655	0.
7978.	-0.16367203186459145	0.	-0.6330304307825919	0.
7979.	-0.028510678996283734	0.	0.6085335310795197	0.
7980.	-0.008745945485216261	0.	0.8752421319232464	0.
7981.	-0.11636685346286996	0.	-0.3165030732877457	0.
7982.	-0.286092004283817	0.	-0.818836756320359	0.
7983.	-0.4149683989461612	0.	0.18722975893663119	0.
7984.	-0.42482134580205333	0.	0.7236005787850732	0.
7985.	-0.3096741795048762	0.	-0.25762983249621935	0.
7986.	-0.13937362600103645	0.	-0.902609360273371	0.
7987.	-0.01722171584025417	0.	0.08463178668243547	0.
7988.	-0.017314158602777296	0.	0.9878456994497216	0.
7989.	-0.1395948797514866	0.	0.21249445037096742	0.
7990.	-0.3098900346850195	0.	-0.7903177770416571	0.
7991.	-0.42490086755924267	0.	-0.22550634164179947	0.
7992.	-0.41486335044563416	0.	0.7420785243263691	0.
7993.	-0.2858661065396821	0.	0.20670487673579674	0.
7994.	-0.11615713301713365	0.	-0.8858535969304596	0.
7995.	-0.00867961594221231	0.	-0.4729076336108187	0.
7996.	-0.028627974968718717	0.	0.7764702216112214	0.
7997.	-0.16390180318728245	0.	0.6586559036581265	0.
7998.	-0.33244581160303277	0.	-0.5247088344560825	0.
7999.	-0.43202346634763084	0.	-0.5662114257125599	0.
8000.	-0.4022322982589074	0.	0.5409897083139883	0.
8001.	-0.2611432301369984	0.	0.6235093581572666	0.
8002.	-0.09433899747764998	0.	-0.5785928628179206	0.
8003.	-0.003000809512699404	0.	-0.8785825308740256	0.
8004.	-0.04253318542596482	0.	0.3151422123272123	0.
8005.	-0.188956316462213	0.	0.8835229223899213	0.
8006.	-0.35345189613787165	0.	-0.11163568254770069	0.
8007.	-0.4362391131427097	0.	-0.7395758321883472	0.
8008.	-0.38710035253294256	0.	0.17284680636226946	0.
8009.	-0.23584252712045303	0.	0.8579747304989818	0.
8010.	-0.07421660411560577	0.	-0.07360055402157574	0.
8011.	-0.00026269960527730736	0.	-0.9961927104639059	0.
8012.	-0.0588402597016926	0.	-0.24070190574524805	0.
8013.	-0.21441692248177524	0.	0.8247486200137912	0.
8014.	-0.3726219719402065	0.	0.3205846532998593	0.
8015.	-0.4374903479813108	0.	-0.6982926003010073	0.
8016.	-0.3696737641476898	0.	-0.258517417938943	0.
8017.	-0.2103088501809836	0.	0.8266791143158767	0.
8018.	-0.0560642244254961	0.	0.46695049299136504	0.
8019.	-0.0005026071029545776	0.	-0.7856434714233708	0.
8020.	-0.07732692971696437	0.	-0.7078598023594133	0.
8021.	-0.23993658905230422	0.	0.5120321555015709	0.
8022.	-0.3896947477642769	0.	0.6447099374505791	0.
8023.	-0.43576011633812356	0.	-0.45476377575096405	0.
8024.	-0.3501900603332455	0.	-0.625377958048302	0.
8025.	-0.18489022748588818	0.	0.5282181703099973	0.
8026.	-0.0401292782894776	0.	0.8641387193518056	0.
8027.	-0.0037172620271996304	0.	-0.31697774254405137	0.
8028.	-0.09774121916010184	0.	-0.936892469096156	0.
8029.	-0.2651674789689769	0.	0.052751775885868185	0.
8030.	-0.404437518899457	0.	0.7708366840005091	0.
8031.	-0.43107200154650505	0.	-0.07744746640001349	0.
8032.	-0.328914807140933	0.	-0.812868998480943	0.
8033.	-0.15993311899196871	0.	0.048660983525955895	0.
8034.	-0.0266289616151833	0.	0.9827084719735926	0.
8035.	-0.009862848109013611	0.	0.2534234452343044	0.
8036.	-0.11980487794898959	0.	-0.8603860047962779	0.
8037.	-0.28976569110983913	0.	-0.40593127712283855	0.
8038.	-0.4166493389796134	0.	0.6693958898136084	0.
8039.	-0.4234899033788308	0.	0.3271123702461407	0.
8040.	-0.3061379897281334	0.	-0.7549894401279618	0.
8041.	-0.13577769413944402	0.	-0.4621246517117558	0.
8042.	-0.015747285909297803	0.	0.7783441899288543	0.
8043.	-0.018855600011785878	0.	0.7361753714338944	0.
8044.	-0.14321717482617788	0.	-0.5121590617239009	0.
8045.	-0.313395947838933	0.	-0.7247050615012602	0.
8046.	-0.4261637589179014	0.	0.3759795916806678	0.
8047.	-0.41311716705979634	0.	0.6424915153829454	0.
8048.	-0.28217005981751214	0.	-0.4585581995594098	0.
8049.	-0.11275319530147154	0.	-0.837322284363295	0.
8050.	-0.007632570179105458	0.	0.3147807806406917	0.
8051.	-0.030572945066514038	0.	0.9730840647492568	0.
8052.	-0.16765899638420856	0.	-0.012245952215520647	0.
8053.	-0.33573616492192815	0.	-0.8138483857602035	0.
8054.	-0.43285109561832924	0.	-0.021530612483746103	0.
8055.	-0.40009517466961797	0.	0.7742925970901813	0.
8056.	-0.25733770418225915	0.	-0.006137360924717367	0.
8057.	-0.0911734501351304	0.	-0.9485399628882261	0.
8058.	-0.002395419323705905	0.	-0.25606148700605363	0.
8059.	-0.04485517395584401	0.	0.8898860790313272	0.
8060.	-0.19279719662339173	0.	0.47565495168876565	0.
8061.	-0.356481841568674	0.	-0.6568379492422041	0.
8062.	-0.43662019959698345	0.	-0.4087250399650727	0.
8063.	-0.38460141808522474	0.	0.6777874073490591	0.
8064.	-0.23197939187154787	0.	0.4652576689541194	0.
8065.	-0.07133259407113415	0.	-0.7509426417336305	0.
8066.	-0.00010721655444140277	0.	-0.7447312731221771	0.
8067.	-0.06150761757830633	0.	0.5195654956737163	0.
8068.	-0.21828913779022877	0.	0.7987051053569878	0.
8069.	-0.375350210834532	0.	-0.31042929027015076	0.
8070.	-0.4374196973557141	0.	-0.6760278498247199	0.
8071.	-0.366847079724488	0.	0.3734866276195845	0.
8072.	-0.20644076080058055	0.	0.8050294046314694	0.
8073.	-0.05350106120165826	0.	-0.30178856764396156	0.
8074.	-0.0007991504520537471	0.	-0.9884294839145286	0.
8075.	-0.08030330042274936	0.	-0.011089723391546059	0.
8076.	-0.24378736058355627	0.	0.8628674558098036	0.
8077.	-0.39208409378313064	0.	0.11653386916252367	0.
8078.	-0.43523869161023976	0.	-0.7478256858266044	0.
8079.	-0.34707415410172576	0.	-0.05494418382379135	0.
8080.	-0.1810699066578396	0.	0.8975479013591234	0.
8081.	-0.03792189821852204	0.	0.2554546291026041	0.
8082.	-0.00446178984313933	0.	-0.9064247303949542	0.
8083.	-0.10098603428098696	0.	-0.5260829039339506	0.
8084.	-0.2689443200845425	0.	0.6591991916717896	0.
8085.	-0.4064554048662939	0.	0.4974082738322395	0.
8086.	-0.4301069098198022	0.	-0.6025515904358989	0.
8087.	-0.3255521494107861	0.	-0.48171122123618526	0.
8088.	-0.15621263831285714	0.	0.702535159647918	0.
8089.	-0.024807451643775624	0.	0.7373502838019503	0.
8090.	-0.011045212354669355	0.	-0.5273417313159696	0.
8091.	-0.12327391012177655	0.	-0.8597841588475158	0.
8092.	-0.29341712284459165	0.	0.2616645065283839	0.
8093.	-0.41826826078710466	0.	0.7242961155599603	0.
8094.	-0.42209429900743134	0.	-0.2790364402988596	0.
8095.	-0.3025744140690869	0.	-0.77458511194802	0.
8096.	-0.13220776436686105	0.	0.2727540827950389	0.
8097.	-0.014336473517311696	0.	0.9820041727812179	0.
8098.	-0.020459684870680728	0.	0.021131424873441274	0.
8099.	-0.1468631405830169	0.	-0.91081057367678	0.
8100.	-0.3168722005910976	0.	-0.2006142011505786	0.
8101.	-0.4273616503910922	0.	0.7367823523333057	0.
8102.	-0.41131007236133865	0.	0.13268334455680134	0.
8103.	-0.2784541383430968	0.	-0.8357253196235801	0.
8104.	-0.10938247515600491	0.	-0.25881605598744584	0.
8105.	-0.006651684970582439	0.	0.9047408051054131	0.
8106.	-0.03257688660156352	0.	0.5562952909459019	0.
8107.	-0.1714322006184293	0.	-0.6724172848478563	0.
8108.	-0.33898985679807175	0.	-0.5859135583897958	0.
8109.	-0.43361162930526287	0.	0.5361155578511095	0.
8110.	-0.39790122064017475	0.	0.5145482453124867	0.
8111.	-0.2535200855093408	0.	-0.6350980029709709	0.
8112.	-0.08804788307676537	0.	-0.7199523093442607	0.
8113.	-0.001857830920067173	0.	0.5282599543555601	0.
8114.	-0.04723165811561805	0.	0.9026187624485595	0.
8115.	-0.19664620994637688	0.	-0.23047862149302342	0.
8116.	-0.35946862421937614	0.	-0.7829821224904369	0.
8117.	-0.4369330093024185	0.	0.18250726106488435	0.
8118.	-0.3820505086694082	0.	0.7526238107841026	0.
8119.	-0.2281121107609521	0.	-0.22476607221638317	0.
8120.	-0.0684947820909426	0.	-0.9557628924118253	0.
8121.	-0.000020252373978624227	0.	-0.023810884179483977	0.
8122.	-0.06422425249943561	0.	0.9503281907202934	0.
8123.	-0.22216149752584485	0.	0.26845853277953324	0.
8124.	-0.3780293739318967	0.	-0.7417100726938106	0.
8125.	-0.4372805194293164	0.	-0.22256961119347635	0.
8126.	-0.3639739842358449	0.	0.7702939839371952	0.
8127.	-0.20257652892088251	0.	0.27261549690860076	0.
8128.	-0.05098968413779906	0.	-0.8819435072001602	0.
8129.	-0.0011639958308358872	0.	-0.5682425059914271	0.
8130.	-0.08332305793115122	0.	0.6904157980304495	0.
8131.	-0.24763028583944546	0.	0.6667703363017811	0.
8132.	-0.3944191198930418	0.	-0.48364614079843615	0.
8133.	-0.43464942306915577	0.	-0.5640497969833782	0.
8134.	-0.34391803329889464	0.	0.553205248573865	0.
8135.	-0.1772613941224064	0.	0.69964025571058	0.
8136.	-0.03577118654788385	0.	-0.515890973987658	0.
8137.	-0.005273471875329366	0.	-0.9242826131645492	0.
8138.	-0.1042677545873249	0.	0.2148082284391952	0.
8139.	-0.2727054311656707	0.	0.845792992362796	0.
8140.	-0.4084144672093058	0.	-0.09138100476711389	0.
8141.	-0.4290755824947471	0.	-0.7440759463321083	0.
8142.	-0.32215602173165186	0.	0.15771498688044633	0.
8143.	-0.1525117557619495	0.	0.9142398734536459	0.
8144.	-0.02304671991542373	0.	0.026190684424114593	0.
8145.	-0.012292667685327795	0.	-0.9749199573132055	0.
8146.	-0.12677286284964137	0.	-0.3171703675394568	0.
8147.	-0.29704515519689423	0.	0.7603103719826583	0.
8148.	-0.4198246570184352	0.	0.3181425731409665	0.
8149.	-0.4206349700525085	0.	-0.7086157446802204	0.
8150.	-0.29898456928520556	0.	-0.3015744595423866	0.
8151.	-0.12866495543320505	0.	0.8379614382830207	0.
8152.	-0.012989720791557427	0.	0.5664276231051735	0.
8153.	-0.02212591048164722	0.	-0.7060396698993352	0.
8154.	-0.15053163443570491	0.	-0.7333998381160782	0.
8155.	-0.3203177035412952	0.	0.4478756997900175	0.
8156.	-0.42849416658191025	0.	0.6276549957748162	0.
8157.	-0.4094426326691489	0.	-0.4633534617317065	0.
8158.	-0.2747195066239439	0.	-0.6836075120586803	0.
8159.	-0.1060460288969638	0.	0.4856005562860006	0.
8160.	-0.005737267704879007	0.	0.9246787668899636	0.
8161.	-0.03463917156746077	0.	-0.21006869865075875	0.
8162.	-0.17522023342998883	0.	-0.9054033661800179	0.
8163.	-0.34220586758453914	0.	0.012210311945283409	0.
8164.	-0.4343048290769795	0.	0.7514146003874315	0.
8165.	-0.3956511237150184	0.	-0.07433405096556134	0.
8166.	-0.24969157049207547	0.	-0.8638589898518726	0.
8167.	-0.08496327580269442	0.	-0.03536791850083801	0.
8168.	-0.0013882127698532573	0.	0.9799227170469775	0.
8169.	-0.04966189315910044	0.	0.3466848176000284	0.
8170.	-0.2005021502172071	0.	-0.7877927112167686	0.
8171.	-0.36241130809069433	0.	-0.41194844286071564	0.
8172.	-0.4371774442241948	0.	0.6570839786731986	0.
8173.	-0.3794484237027248	0.	0.3479272727314975	0.
8174.	-0.22424189572568812	0.	-0.775565108499779	0.
8175.	-0.06570405749505408	0.	-0.5572022358238911	0.
8176.	-1.8343108392215868e-6	0.	0.7121555102974185	0.
8177.	-0.06698931311875828	0.	0.781094487963906	0.
8178.	-0.22603278815816646	0.	-0.4287048269313487	0.
8179.	-0.3806586216253278	0.	-0.7003332255962479	0.
8180.	-0.43707285781660754	0.	0.3729955553516834	0.
8181.	-0.361055378064275	0.	0.6780328676873	0.
8182.	-0.1987173655301736	0.	-0.4352741324660496	0.
8183.	-0.04853088025392058	0.	-0.9065437964140353	0.
8184.	-0.0015970288952381062	0.	0.20987285564797126	0.
8185.	-0.0863852559035179	0.	0.9545596193285384	0.
8186.	-0.2514641605145246	0.	0.05035165189542662	0.
8187.	-0.39669909434266315	0.	-0.7742763498304296	0.
8188.	-0.43399249538441975	0.	-0.020190851720160663	0.
8189.	-0.3407226870002166	0.	0.8119586280473573	0.
8190.	-0.17346588339565916	0.	0.057372647689426085	0.
8191.	-0.0336778172717654	0.	-0.9632211497575647	0.
8192.	-0.006152053760179077	0.	-0.3597542172043603	0.
8193.	-0.10758535165471822	0.	0.817607886939441	0.
8194.	-0.2764496335478285	0.	0.4966477405496673	0.
8195.	-0.4103140919874891	0.	-0.6201633019613843	0.
8196.	-0.42797834276600355	0.	-0.4110601382046088	0.
8197.	-0.31872748839523435	0.	0.699959464478497	0.
8198.	-0.14883163113087156	0.	0.5477826045810704	0.
8199.	-0.021347318208992938	0.	-0.7027497337685513	0.
8200.	-0.013604823176089353	0.	-0.8077143361009382	0.
8201.	-0.13030063962508442	0.	0.4232357103430326	0.
8202.	-0.3006486512016143	0.	0.7753321697807262	0.
8203.	-0.4213180399305477	0.	-0.2894303696683687	0.
8204.	-0.41911237383944133	0.	-0.6871305868651693	0.
8205.	-0.29536958037702543	0.	0.3656598475490367	0.
8206.	-0.12515037759338243	0.	0.8750233090413115	0.
8207.	-0.011707449777003331	0.	-0.20702363408305552	0.
8208.	-0.023853754684668847	0.	-0.9871745610835144	0.
8209.	-0.15422150674987767	0.	-0.09423289888550138	0.
8210.	-0.3237313769303368	0.	0.8095139294183313	0.
8211.	-0.4295609525796323	0.	0.1189833609887202	0.
8212.	-0.4075154332011218	0.	-0.7656792138240807	0.
8213.	-0.2709673350302968	0.	-0.09622838340743951	0.
8214.	-0.10274490211503248	0.	0.9255732241296416	0.
8215.	-0.0048896049433382605	0.	0.36150658308329653	0.
8216.	-0.03675915368474794	0.	-0.8424496399410674	0.
8217.	-0.17902190771926113	0.	-0.5661061431278778	0.
8218.	-0.3453831894364373	0.	0.5997232292204611	0.
8219.	-0.4349304776913242	0.	0.4875830320804141	0.
8220.	-0.39334558903772543	0.	-0.618008219020595	0.
8221.	-0.24585335892140614	0.	-0.5451354635925547	0.
8222.	-0.08192059497578308	0.	0.6738578482126053	0.
8223.	-0.0009867120428329046	0.	0.8139949043982901	0.
8224.	-0.05214511749081613	0.	-0.4262310377928899	0.
8225.	-0.2043638090450825	0.	-0.8451882285003484	0.
8226.	-0.3653089709904972	0.	0.21871639361173045	0.
8227.	-0.4373534277633943	0.	0.7124998188196948	0.
8228.	-0.3767959786271175	0.	-0.2802778237302897	0.
8229.	-0.22036995962845238	0.	-0.8368832629887801	0.
8230.	-0.0629612948536254	0.	0.19463002503526475	0.
8231.	-0.00005196814035532621	0.	0.9992465345293804	0.
8232.	-0.0698019329127535	0.	0.1202324659036135	0.
8233.	-0.22990179649063935	0.	-0.8516727163266455	0.
8234.	-0.3832371299596873	0.	-0.21449532549263833	0.
8235.	-0.43679677759810076	0.	0.7308821939719007	0.
8236.	-0.358092175848315	0.	0.15331723075289194	0.
8237.	-0.1948644800189068	0.	-0.8705010627579071	0.
8238.	-0.04612542009707893	0.	-0.3586439976045079	0.
8239.	-0.002098113948290181	0.	0.8553724686032591	0.
8240.	-0.08948893469349323	0.	0.616303053759022	0.
8241.	-0.25528778313648454	0.	-0.5947668499004306	0.
8242.	-0.39892330262041975	0.	-0.571823616323444	0.
8243.	-0.4332681144231707	0.	0.537207631795085	0.
8244.	-0.3374891165705275	0.	0.5549026122634335	0.
8245.	-0.16968456393007197	0.	-0.6241838379136767	0.
8246.	-0.03164244641588265	0.	-0.8034197899447011	0.
8247.	-0.007097260163465374	0.	0.4309287445903962	0.
8248.	-0.11093778579403185	0.	0.9028460501934266	0.
8249.	-0.28017575386471577	0.	-0.164774383621091	0.
8250.	-0.41215368389150586	0.	-0.7528720966851243	0.
8251.	-0.4268155344941101	0.	0.1849093309996273	0.
8252.	-0.3152676238415426	0.	0.7994767792073088	0.
8253.	-0.14517341770688735	0.	-0.16717690136814417	0.
8254.	-0.01970977908899786	0.	-0.9894634728232593	0.
8255.	-0.014981267616495597	0.	-0.1318745077802902	0.
8256.	-0.13385613489542997	0.	0.8938187408484932	0.
8257.	-0.3042264815834592	0.	0.2996275019236951	0.
8258.	-0.4227479415256848	0.	-0.711264492340566	0.
8259.	-0.4175269875243828	0.	-0.22714610374209246	0.
8260.	-0.2917305802172889	0.	0.8037637597023147	0.
8261.	-0.12166513225440886	0.	0.3584026254464953	0.
8262.	-0.010490062315394899	0.	-0.8508560056958927	0.
8263.	-0.02564267599794992	0.	-0.6459201040084847	0.
8264.	-0.15793160117286853	0.	0.601595649357095	0.
8265.	-0.3271121509733461	0.	0.6566682846831312	0.
8266.	-0.4305616740714797	0.	-0.46456540341448427	0.
8267.	-0.40552907791431164	0.	-0.5805275281130754	0.
8268.	-0.2671987994267587	0.	0.5553156002459398	0.
8269.	-0.09948012932537698	0.	0.7816774093942174	0.
8270.	-0.0041089623291939575	0.	-0.430088913953465	0.
8271.	-0.03893616858449178	0.	-0.9427173484571226	0.
8272.	-0.1828360321064107	0.	0.12881497106815404	0.
8273.	-0.3485208266341724	0.	0.8042952710492421	0.
8274.	-0.4354883790810095	0.	-0.08674329832900385	0.
8275.	-0.3909853391249682	0.	-0.7696232404854553	0.
8276.	-0.24200665362630386	0.	0.12138631373392827	0.
8277.	-0.07892079411345329	0.	0.9594002660487665	0.
8278.	-0.0006534545646680323	0.	0.13484885708901356	0.
8279.	-0.05468055290694271	0.	-0.9285925843752053	0.
8280.	-0.20822997625687095	0.	-0.3687823010947975	0.
8281.	-0.36816070484582863	0.	0.7078027951091308	0.
8282.	-0.43746090476907085	0.	0.31354956518543453	0.
8283.	-0.37409400467716014	0.	-0.7324921183404055	0.
8284.	-0.21649751586168225	0.	-0.36743224122446194	0.
8285.	-0.06026735369793937	0.	0.8256544212779877	0.
8286.	-0.00017063815185680564	0.	0.6565203640060814	0.
8287.	-0.07266123045506032	0.	-0.6143854212659926	0.
8288.	-0.23376731004264995	0.	-0.7346227923425575	0.
8289.	-0.385764090872205	0.	0.40555473912890816	0.
8290.	-0.43645236528822967	0.	0.6227165815492911	0.
8291.	-0.3550853062051623	0.	-0.4715036848116817	0.
8292.	-0.1910190798179661	0.	-0.7557843630440519	0.
8293.	-0.0437740574988979	0.	0.41711391016167904	0.
8294.	-0.002667093953848204	0.	0.9615183842076906	0.
8295.	-0.09263312166595816	0.	-0.10917803537947536	0.
8296.	-0.25909995545206516	0.	-0.860725997327393	0.
8297.	-0.4010910477016476	0.	-0.006690409404079889	0.
8298.	-0.43247650719634845	0.	0.752569774204924	0.
8299.	-0.3342183353562347	0.	-0.056739488043540065	0.
8300.	-0.16591862072287655	0.	-0.9132794970037893	0.
8301.	-0.029665711829864105	0.	-0.13612301865641568	0.
8302.	-0.008108794878062889	0.	0.9493292462353151	0.
8303.	-0.11432400642176094	0.	0.41868892389365336	0.
8304.	-0.2838826244116147	0.	-0.7186119689559041	0.
8305.	-0.4139326664255216	0.	-0.40629859181355943	0.
8306.	-0.4255875220831804	0.	0.6641165710669245	0.
8307.	-0.3117775123355056	0.	0.390765356573965	0.
8308.	-0.14153826191014435	0.	-0.779301929165314	0.
8309.	-0.018134615730696302	0.	-0.6522911371781225	0.
8310.	-0.01642156965300881	0.	0.6260858366990083	0.
8311.	-0.1374382344372704	0.	0.7989315973635366	0.
8312.	-0.3077775251173076	0.	-0.3633022293207073	0.
8313.	-0.42411391369174517	0.	-0.6793166584526229	0.
8314.	-0.41587930793806543	0.	0.379036842732141	0.
8315.	-0.2880687092051671	0.	0.7330084793510483	0.
8316.	-0.11821031163623755	0.	-0.3870717103321196	0.
8317.	-0.009337939917393775	0.	-0.9587590727980739	0.
8318.	-0.027492113808808227	0.	0.10160813926403948	0.
8319.	-0.16166075503148108	0.	0.9149408999854916	0.
8320.	-0.33045896618942705	0.	0.08863916992477627	0.
8321.	-0.4314960174444956	0.	-0.7511927100666702	0.
8322.	-0.40348418929177515	0.	-0.02441976189493056	0.
8323.	-0.2634150808073573	0.	0.8573318515229541	0.
8324.	-0.09625273365126041	0.	0.14286042137775362	0.
8325.	-0.0033955845084527314	0.	-0.9510740464469822	0.
8326.	-0.04116953402936285	0.	-0.4488757657352192	0.
8327.	-0.18666141130872135	0.	0.7392390731157037	0.
8328.	-0.35161779590362735	0.	0.49802297095811304	0.
8329.	-0.4359783584139451	0.	-0.605250919576735	0.
8330.	-0.3885711136336669	0.	-0.4310324381527392	0.
8331.	-0.2381526600995584	0.	0.7141976512048922	0.
8332.	-0.07596481330864907	0.	0.6393894325942303	0.
8333.	-0.0003885447732690228	0.	-0.6295071220703243	0.
8334.	-0.05726740485433024	0.	-0.844586130134605	0.
8335.	-0.21209944026373184	0.	0.3381327123903929	0.
8336.	-0.37096561596827426	0.	0.745627809841048	0.
8337.	-0.43749984156052274	0.	-0.2853090690114601	0.
8338.	-0.37134334860055196	0.	-0.7197549915233499	0.
8339.	-0.2126257779825234	0.	0.3374670865527604	0.
8340.	-0.05762307826143369	0.	0.9368095321018574	0.
8341.	-0.00035780715290362197	0.	-0.09992415515712913	0.
8342.	-0.07556630968753003	0.	-0.9596281779359266	0.
8343.	-0.2376281174300865	0.	-0.1541276517876161	0.
8344.	-0.3882387124550364	0.	0.7655601869197698	0.
8345.	-0.4360397288248637	0.	0.11721597967072789	0.
8346.	-0.3520357114335781	0.	-0.79885324738379	0.
8347.	-0.1871823700057611	0.	-0.1613091467557874	0.
8348.	-0.0414775293362593	0.	0.9313404018772669	0.
8349.	-0.0033037906063458425	0.	0.4617184885083297	0.
8350.	-0.09581683148830034	0.	-0.7633483271919167	0.
8351.	-0.2628994827859924	0.	-0.5813074448824672	0.
8352.	-0.40320165025385135	0.	0.5607012337493649	0.
8353.	-0.4316179217791183	0.	0.48804236475959234	0.
8354.	-0.33091136836073454	0.	-0.6352569155980236	0.
8355.	-0.16216923395602875	0.	-0.6249894928857714	0.
8356.	-0.02774823299189222	0.	0.6184289035345281	0.
8357.	-0.009186340900167067	0.	0.8690690571967888	0.
8358.	-0.11774295234746174	0.	-0.3275401164095647	0.
8359.	-0.2875690835192274	0.	-0.8151035353197226	0.
8360.	-0.41565048208846056	0.	0.19771962933949205	0.
8361.	-0.42429469036962303	0.	0.720584888230128	0.
8362.	-0.3082582476158907	0.	-0.26864354814684216	0.
8363.	-0.13792730293994887	0.	-0.9005339995876738	0.
8364.	-0.016622321764696302	0.	0.09698139831067451	0.
8365.	-0.017925277922170413	0.	0.9884940316610404	0.
8366.	-0.14104581567997604	0.	0.20068807197673846	0.
8367.	-0.3113006689621799	0.	-0.7929222795008435	0.
8368.	-0.425415528359373	0.	-0.2149572352393917	0.
8369.	-0.41416985143505314	0.	0.7451017393739281	0.
8370.	-0.2843851149100449	0.	0.195829832927044	0.
8371.	-0.1147869984191885	0.	-0.890494475269022	0.
8372.	-0.008251443636951405	0.	-0.46205654349825737	0.
8373.	-0.029401488531207776	0.	0.7836930707854066	0.
8374.	-0.16540779967163066	0.	0.6497953532121619	0.
8375.	-0.3337707737507602	0.	-0.5327502519826803	0.
8376.	-0.4323636898988047	0.	-0.5587918503955719	0.
8377.	-0.40138140817338774	0.	0.549181848638644	0.
8378.	-0.2596173649244121	0.	0.6161769606206203	0.
8379.	-0.09306372649774369	0.	-0.5885629088158406	0.
8380.	-0.0027496950355153926	0.	-0.8727216609583148	0.
8381.	-0.04345855011954619	0.	0.32658863716325853	0.
8382.	-0.19049684651864107	0.	0.8803324857483492	0.
8383.	-0.3546731266995986	0.	-0.12257290256025903	0.
8384.	-0.43640026213484084	0.	-0.737514420546351	0.
8385.	-0.38610366914120203	0.	0.183754978259691	0.
8386.	-0.2342925861128439	0.	0.8565476872990511	0.
8387.	-0.07305357891120229	0.	-0.08578019780635039	0.
8388.	-0.0001920656855799313	0.	-0.9972160389989471	0.
8389.	-0.059904862652511603	0.	-0.22870993918293694	0.
8390.	-0.21597098844129503	0.	0.8281301415982325	0.
8391.	-0.37372282534924095	0.	0.31012608327858193	0.
8392.	-0.43747022593590407	0.	-0.7022015649277792	0.
8393.	-0.36854487240777156	0.	-0.2482103340128071	0.
8394.	-0.20875595933087038	0.	0.8317083083341567	0.
8395.	-0.055029297215803866	0.	0.45643640810167246	0.
8396.	-0.0006134164915485019	0.	-0.7932272001480049	0.
8397.	-0.07851626021650626	0.	-0.6991323840342328	0.
8398.	-0.24148300873940343	0.	0.5208258191194961	0.
8399.	-0.3906602192085913	0.	0.6379024680866917	0.
8400.	-0.43555899751753857	0.	-0.4634618818740637	0.
8401.	-0.3489443472247331	0.	-0.6188575333827128	0.
8402.	-0.18335555294209757	0.	0.538223389109325	0.
8403.	-0.039236555299329595	0.	0.858678639389324	0.
8404.	-0.004008004374788099	0.	-0.3286833109119931	0.
8405.	-0.09903906643835758	0.	-0.9341526655709611	0.
8406.	-0.2666851744374084	0.	0.06414489588628082	0.
8407.	-0.4052544488479959	0.	0.769702081961021	0.
8408.	-0.4306926272359459	0.	-0.08831119007424876	0.
8409.	-0.3275692519343067	0.	-0.8122093520366012	0.
8410.	-0.1584375786219957	0.	0.060552615970931464	0.
8411.	-0.025890610805902943	0.	0.9840988250158809	0.
8412.	-0.010329560551359362	0.	0.24135629640152845	0.
8413.	-0.12119355213822586	0.	-0.8644205610289286	0.
8414.	-0.2912339759184319	0.	-0.3954960293072336	0.
8415.	-0.4173065925468476	0.	0.6742206066214271	0.
8416.	-0.4229374445059961	0.	0.3173712028868647	0.
8417.	-0.3047109325570081	0.	-0.7604885215368232	0.
8418.	-0.13434167240412667	0.	-0.4520964375753726	0.
8419.	-0.01517337111817485	0.	0.7861873994044793	0.
8420.	-0.01949192117966181	0.	0.7276073030137532	0.
8421.	-0.1446777480718788	0.	-0.521603622184534	0.
8422.	-0.314794809027534	0.	-0.7184190247195419	0.
8423.	-0.42665237762418273	0.	0.38525577442968684	0.
8424.	-0.4123991537314444	0.	0.6368457556951131	0.
8425.	-0.280680951703706	0.	-0.468603469618293	0.
8426.	-0.11139626540678227	0.	-0.8323802632276054	0.
8427.	-0.007230913963977126	0.	0.32659298793427377	0.
8428.	-0.03137020180331177	0.	0.9707291061902432	0.
8429.	-0.16917156083693125	0.	-0.024057998180282293	0.
8430.	-0.33704653578726756	0.	-0.8135705807962696	0.
8431.	-0.43316441951519924	0.	-0.010633722463000594	0.
8432.	-0.39922139352624586	0.	0.7745024547349502	0.
8433.	-0.2558068419168937	0.	-0.017662342224556482	0.
8434.	-0.08991410725186677	0.	-0.9503325389419999	0.
8435.	-0.0021714963214501393	0.	-0.24405925332977518	0.
8436.	-0.04580249951978255	0.	0.8944468714854918	0.
8437.	-0.1943411357815238	0.	0.4652041771861733	0.
8438.	-0.357685861542558	0.	-0.6625612299909297	0.
8439.	-0.4367539580280375	0.	-0.399506762659574	0.
8440.	-0.38358377890463013	0.	0.6838520598466826	0.
8441.	-0.230427641350905	0.	0.4558474369289467	0.
8442.	-0.07018800325079036	0.	-0.7589819114218208	0.
8443.	-0.0000640788726248287	0.	-0.7363925057707235	0.
8444.	-0.06259209976814159	0.	0.5295285828210748	0.
8445.	-0.21984340751153747	0.	0.7928482046098747	0.
8446.	-0.37643146892876067	0.	-0.320324725222131	0.
8447.	-0.43737206717379695	0.	-0.6712722592758241	0.
8448.	-0.365699453094534	0.	0.38361542894515965	0.
8449.	-0.20488927263720152	0.	0.8007359535792755	0.
8450.	-0.05248682340644095	0.	-0.31357041277216274	0.
8451.	-0.0009373860633907632	0.	-0.9864315201822592	0.
8452.	-0.08151015757103602	0.	0.0010587648041607105	0.
8453.	-0.24533077592062214	0.	0.8633453164814426	0.
8454.	-0.39302785227226367	0.	0.10552716487342545	0.
8455.	-0.43501032201995626	0.	-0.7489746831052517	0.
8456.	-0.3458121823593655	0.	-0.04381886535692048	0.
8457.	-0.17953982788814987	0.	0.8998149142276416	0.
8458.	-0.03705183767164316	0.	0.2436714346867177	0.
8459.	-0.004779514569173499	0.	-0.9113997809648918	0.
8460.	-0.1022988167266207	0.	-0.5156173794842693	0.
8461.	-0.2704558440313166	0.	0.6657569008018894	0.
8462.	-0.40724880017403015	0.	0.48864043654418715	0.
8463.	-0.4297009135386789	0.	-0.6092740149107986	0.
8464.	-0.3241930334351887	0.	-0.4730188785617052	0.
8465.	-0.15472482415916766	0.	0.710750943825058	0.
8466.	-0.02409342741190501	0.	0.7293479567415403	0.
8467.	-0.011538095562713443	0.	-0.5376757371253359	0.
8468.	-0.12467472442832808	0.	-0.8542799390033841	0.
8469.	-0.2948761530912146	0.	0.2721783945992031	0.
8470.	-0.4189004788008946	0.	0.7203994400192246	0.
8471.	-0.4215162098272578	0.	-0.28931907182881167	0.
8472.	-0.30113667883012696	0.	-0.771066230145685	0.
8473.	-0.1307824939764149	0.	0.2843993809275287	0.
8474.	-0.013788217864600862	0.	0.9803787915926264	0.
8475.	-0.021121008478675873	0.	0.008767627547615554	0.
8476.	-0.14833289342444306	0.	-0.9119276686682672	0.
8477.	-0.3182588503141138	0.	-0.1894393537505233	0.
8478.	-0.42782407388126314	0.	0.7388967512450018	0.
8479.	-0.4105677697330163	0.	0.12194573833348521	0.
8480.	-0.2769573804096135	0.	-0.8385639026095092	0.
8481.	-0.1080391751980907	0.	-0.24740217942111564	0.
8482.	-0.006276670714481625	0.	0.9100480283791181	0.
8483.	-0.033397636662749336	0.	0.5458605433889528	0.
8484.	-0.172950859025496	0.	-0.6797054108474401	0.
8485.	-0.3402852257377294	0.	-0.5775101467404937	0.
8486.	-0.43389795536183196	0.	0.5435671337163325	0.
8487.	-0.39700482226751743	0.	0.5066307279900675	0.
8488.	-0.2519847059338079	0.	-0.6435136264917592	0.
8489.	-0.08680486294549125	0.	-0.7124183237569167	0.
8490.	-0.0016611695632136325	0.	0.5388199181740796	0.
8491.	-0.048200647675524816	0.	0.8974214029473655	0.
8492.	-0.19819307435741124	0.	-0.24156334667953036	0.
8493.	-0.3606550562886464	0.	-0.7798735819176492	0.
8494.	-0.437039335254468	0.	0.19302485803060723	0.
8495.	-0.3810122326117755	0.	0.7499836048912951	0.
8496.	-0.22655903701685864	0.	-0.23621000496386113	0.
8497.	-0.06736898435521999	0.	-0.9545677052889491	0.
8498.	-4.624447552337152e-6	0.	-0.011378876419074585	0.
8499.	-0.06532827407145551	0.	0.9519706007450415	0.
8500.	-0.2237154839250374	0.	0.25709009986246023	0.
8501.	-0.37909069786252625	0.	-0.7447681133321485	0.
8502.	-0.4372053960358167	0.	-0.21217024060656972	0.
8503.	-0.3628079823617008	0.	0.7738099923545253	0.
8504.	-0.20102692965832725	0.	0.2616999854321974	0.
8505.	-0.04999645360127314	0.	-0.8875409403257692	0.
8506.	-0.001329614337832935	0.	-0.5579270060281911	0.
8507.	-0.08454706351901722	0.	0.6983032884872694	0.
8508.	-0.24917021314299323	0.	0.6586495077013572	0.
8509.	-0.39534086967324344	0.	-0.4918629854220309	0.
8510.	-0.4343938742780047	0.	-0.5569166047194812	0.
8511.	-0.3426401984050137	0.	0.5618791673089911	0.
8512.	-0.1757363906245662	0.	0.6927148406102156	0.
8513.	-0.034924061103921246	0.	-0.5265518712255525	0.
8514.	-0.005618079413915095	0.	-0.9193867945130827	0.
8515.	-0.10559506079873515	0.	0.2263714636614567	0.
8516.	-0.2742103099126745	0.	0.8433752102808973	0.
8517.	-0.4091840792362322	0.	-0.10220779882126005	0.
8518.	-0.42864309147286805	0.	-0.7423822556278981	0.
8519.	-0.3207837709126486	0.	0.16893830744022698	0.
8520.	-0.15103213407918936	0.	0.9135663992562467	0.
8521.	-0.02235724602344802	0.	0.013846929041954986	0.
8522.	-0.012811567199136759	0.	-0.9769933767594533	0.
8523.	-0.1281853782865116	0.	-0.30562534605197894	0.
8524.	-0.2984944736455386	0.	0.7642445850866868	0.
8525.	-0.42043164135865274	0.	0.3080074954162956	0.
8526.	-0.4200314317266976	0.	-0.7129059192548899	0.
8527.	-0.2975366065450875	0.	-0.29125084954730307	0.
8528.	-0.12725088304592436	0.	0.8438510834437918	0.
8529.	-0.012467296093183769	0.	0.5563543054937654	0.
8530.	-0.02281202928583695	0.	-0.7143850924305019	0.
8531.	-0.1520101062807563	0.	-0.7255008281857608	0.
8532.	-0.3216917072443378	0.	0.4568493290782296	0.
8533.	-0.4289302499368619	0.	0.6212706926856778	0.
8534.	-0.40867627336180856	0.	-0.47236597589574275	0.
8535.	-0.2732155679289219	0.	-0.6774212640118448	0.
8536.	-0.1047167798449438	0.	0.49627138275454197	0.
8537.	-0.005389012935289289	0.	0.920123103797941	0.
8538.	-0.03548315774700639	0.	-0.22198215726728163	0.
8539.	-0.1767445098722651	0.	-0.9035690272149844	0.
8540.	-0.3434858286488894	0.	0.023396843695985964	0.
8541.	-0.4345640675601854	0.	0.7506898038620797	0.
8542.	-0.3947323890306213	0.	-0.08536032484093004	0.
8543.	-0.24815215477239544	0.	-0.8638190653401882	0.
8544.	-0.0837369679634764	0.	-0.0232602233880805	0.
8545.	-0.0012188746928290736	0.	0.9823662510279255	0.
8546.	-0.05065224304852611	0.	0.335025714073319	0.
8547.	-0.20205145512042696	0.	-0.792498844005793	0.
8548.	-0.3635797804416412	0.	-0.4019959323881789	0.
8549.	-0.4372563043763009	0.	0.6622191820904526	0.
8550.	-0.3783898361438537	0.	0.3382445658683207	0.
8551.	-0.22268798546624763	0.	-0.7817898133197783	0.
8552.	-0.06459740564713172	0.	-0.5475146163472636	0.
8553.	-0.000013721035682312532	0.	0.7208250220159721	0.
8554.	-0.0681125280885595	0.	0.7733911071827396	0.
8555.	-0.2275860042460901	0.	-0.4383793469354995	0.
8556.	-0.38169967879234384	0.	-0.6946265141679042	0.
8557.	-0.43697026475790207	0.	0.3824320064528485	0.
8558.	-0.3598713663513194	0.	0.672689978499513	0.
8559.	-0.19717014077988815	0.	-0.4459066634929971	0.
8560.	-0.04755896823757	0.	-0.9024073079551487	0.
8561.	-0.001789978402982506	0.	0.2219863780588033	0.
8562.	-0.08762602634820915	0.	0.9532093209868732	0.
8563.	-0.2530001171984777	0.	0.03879180244355246	0.
8564.	-0.39759854654690985	0.	-0.7744947465220857	0.
8565.	-0.43370984747550156	0.	-0.009304532987150116	0.
8566.	-0.33942938940384115	0.	0.8126674064807952	0.
8567.	-0.17194643308181257	0.	0.045623444298990484	0.
8568.	-0.0328538924072341	0.	-0.9660157147762577	0.
8569.	-0.0065234361182715805	0.	-0.3480851507078439	0.
8570.	-0.10892676567387222	0.	0.8229590922032131	0.
8571.	-0.27794739548957115	0.	0.48680604622848067	0.
8572.	-0.41105967955332623	0.	-0.6261753790856095	0.
8573.	-0.4275194925429753	0.	-0.4020203851534493	0.
8574.	-0.31734253277146063	0.	0.7065933230094804	0.
8575.	-0.14736066560436117	0.	0.538627584580642	0.
8576.	-0.020682610728549322	0.	-0.7116336442529512	0.
8577.	-0.014149576378453044	0.	-0.8002229945088409	0.
8578.	-0.1317244135276813	0.	0.43351197958369947	0.
8579.	-0.3020878036609128	0.	0.770210149063995	0.
8580.	-0.42189960037665636	0.	-0.29936338589775474	0.
8581.	-0.4184835755055507	0.	-0.6826957941630819	0.
8582.	-0.2939118438976147	0.	0.37625075944216513	0.
8583.	-0.12374794635627434	0.	0.8714154537196331	0.
8584.	-0.011211019748597173	0.	-0.21918248975618126	0.
8585.	-0.02456445366102185	0.	-0.9862331459129632	0.
8586.	-0.1557082342643189	0.	-0.08233083194290147	0.
8587.	-0.3250923040267696	0.	0.8106060868876808	0.
8588.	-0.429970559139906	0.	0.10816076514589129	0.
8589.	-0.406725257382332	0.	-0.7672373314275238	0.
8590.	-0.2694566868815764	0.	-0.0849218212414081	0.
8591.	-0.10143012053283652	0.	0.9287432805048913	0.
8592.	-0.004568218793440437	0.	0.349962993718349	0.
8593.	-0.03762611149024905	0.	-0.848313780824081	0.
8594.	-0.18055132451398775	0.	-0.5563296076953136	0.
8595.	-0.34664734151035054	0.	0.6065974925987091	0.
8596.	-0.43516254736134824	0.	0.479145874038345	0.
8597.	-0.39240480595583804	0.	-0.6251419600813688	0.
8598.	-0.2443103894794375	0.	-0.5366454159972515	0.
8599.	-0.08071138373087197	0.	0.6828832751648988	0.
8600.	-0.0008447503126901013	0.	0.8067759334605691	0.
8601.	-0.053156517351857564	0.	-0.4369771830422687	0.
8602.	-0.20591506891750755	0.	-0.8405536616671041	0.
8603.	-0.36645911744688614	0.	0.22918989356973038	0.
8604.	-0.4374047973995505	0.	0.7089910504286707	0.
8605.	-0.37571741131092307	0.	-0.2908638729821881	0.
8606.	-0.21881569981859905	0.	-0.8339290440567406	0.
8607.	-0.06187413569665334	0.	0.2066928228449549	0.
8608.	-0.00009136579325652637	0.	0.9986754203432535	0.
8609.	-0.07094398928680329	0.	0.10806494159888173	0.
8610.	-0.23145375551336297	0.	-0.8535361259936507	0.
8611.	-0.38425759411464677	0.	-0.20365836225951356	0.
8612.	-0.436666747021444	0.	0.7333598113752031	0.
8613.	-0.3568905253444844	0.	0.14249202718932377	0.
8614.	-0.19332011465696072	0.	-0.8741094197348247	0.
8615.	-0.0451751311844214	0.	-0.3473775039573658	0.
8616.	-0.0023183339852364537	0.	0.8616299197609832	0.
8617.	-0.0907460811622727	0.	0.6065841317841073	0.
8618.	-0.2568192878611022	0.	-0.6024413396582624	0.
8619.	-0.39980017538196405	0.	-0.5639170791129424	0.
8620.	-0.432958455972942	0.	0.5449312228719012	0.
8621.	-0.33618076157159416	0.	0.5471794528312849	0.
8622.	-0.16817114296672495	0.	-0.6333215484140096	0.
8623.	-0.030841980335760688	0.	-0.7965718483044725	0.
8624.	-0.007495300955661283	0.	0.4419954493805413	0.
8625.	-0.1122928872523857	0.	0.8986150109106985	0.
8626.	-0.28166592962589126	0.	-0.17579178203258966	0.
8627.	-0.41287501333942767	0.	-0.7502599167558165	0.
8628.	-0.4263304688659162	0.	0.19555634024294327	0.
8629.	-0.3138703974368406	0.	0.7972991745822153	0.
8630.	-0.14371156931534845	0.	-0.17903140900280068	0.
8631.	-0.019070046328000162	0.	-0.9892671070299603	0.
8632.	-0.015551703795111838	0.	-0.11955801839519176	0.
8633.	-0.13529072108326687	0.	0.896333162994805	0.
8634.	-0.30565501704964904	0.	0.2887137617915741	0.
8635.	-0.4233038958239801	0.	-0.7146896347739206	0.
8636.	-0.4168731262380501	0.	-0.21679521563784643	0.
8637.	-0.2902635268297176	0.	0.8079002464420415	0.
8638.	-0.12027478166487571	0.	0.34756331070744834	0.
8639.	-0.01001978253364949	0.	-0.857415257207381	0.
8640.	-0.026377732429828965	0.	-0.6362954382965216	0.
8641.	-0.15942611844900725	0.	0.609967289631037	0.
8642.	-0.32845957497038913	0.	0.6492041720904014	0.
8643.	-0.43094467547204596	0.	-0.47295052172274643	0.
8644.	-0.4047153332081033	0.	-0.5736311751371798	0.
8645.	-0.2656819152325753	0.	0.5645800135106971	0.
8646.	-0.09818022724311332	0.	0.7753258096006532	0.
8647.	-0.003814545516805795	0.	-0.4413271757560906	0.
8648.	-0.03982582632884647	0.	-0.938834558927533	0.
8649.	-0.18437010996087277	0.	0.140333393017746	0.
8650.	-0.3497687735552707	0.	0.8025092047811115	0.
8651.	-0.4356932072151939	0.	-0.0975306382677198	0.
8652.	-0.3900228024708341	0.	-0.7683256186489735	0.
8653.	-0.2404606140053644	0.	0.13296080446715233	0.
8654.	-0.07772905841241165	0.	0.9596257227373568	0.
8655.	-0.0005389136711049791	0.	0.12252767234380298	0.
8656.	-0.05571268578760748	0.	-0.9316377551733612	0.
8657.	-0.2097827049573288	0.	-0.3577601701544184	0.
8658.	-0.36929216497086115	0.	0.7121557638716375	0.
8659.	-0.43748476779288464	0.	0.30362671368519306	0.
8660.	-0.37299579560591556	0.	-0.7372578457050432	0.
8661.	-0.2149433935822862	0.	-0.3571510382800776	0.
8662.	-0.05920002792989182	0.	0.8324631261053816	0.
8663.	-0.00023753438536744387	0.	0.6470699820417047	0.
8664.	-0.07382177032981818	0.	-0.6233221496685324	0.
8665.	-0.23531752564316408	0.	-0.727514328272822	0.
8666.	-0.38676364221754367	0.	0.41463978243037813	0.
8667.	-0.4362949379469216	0.	0.6166595419929293	0.
8668.	-0.3538663934855464	0.	-0.4809460506816939	0.
8669.	-0.1894780578222896	0.	-0.7500650796502929	0.
8670.	-0.042845689491954775	0.	0.42839258800479	0.
8671.	-0.002914515509694751	0.	0.957967908958328	0.
8672.	-0.09390625018995108	0.	-0.12110943445530005	0.
8673.	-0.26062652826239463	0.	-0.8596667684901828	0.
8674.	-0.40194506622027026	0.	0.004312530803427139	0.
8675.	-0.43213993524813854	0.	0.7522209606192014	0.
8676.	-0.3328953329662637	0.	-0.06800791201578515	0.
8677.	-0.16441170338960098	0.	-0.9140092770339668	0.
8678.	-0.028888955385921455	0.	-0.12395299913642371	0.
8679.	-0.008533369359755807	0.	0.9528022617600966	0.
8680.	-0.11569237064407806	0.	0.4075679625604878	0.
8681.	-0.2853647469986065	0.	-0.7238266765779338	0.
8682.	-0.4146295117047327	0.	-0.3967306322902122	0.
8683.	-0.42507639305923606	0.	0.6696061792201267	0.
8684.	-0.31036845301199806	0.	0.38113918785858786	0.
8685.	-0.14008598877122974	0.	-0.7863517272687877	0.
8686.	-0.01752005817032251	0.	-0.6431308738137766	0.
8687.	-0.017017510041856837	0.	0.635442878082635	0.
8688.	-0.1388831833340762	0.	0.7921106257710131	0.
8689.	-0.3091949959075814	0.	-0.3730821544096903	0.
8690.	-0.42464408761881367	0.	-0.6740655499102126	0.
8691.	-0.41520058860787745	0.	0.38873264627768755	0.
8692.	-0.28659279865900933	0.	0.7280502547916524	0.
8693.	-0.11683247740375415	0.	-0.3982922170189384	0.
8694.	-0.008893957754989426	0.	-0.9555687380234161	0.
8695.	-0.028251297338450054	0.	0.11382716771621364	0.
8696.	-0.1631625937122409	0.	0.9144967192673366	0.
8697.	-0.3317924648275544	0.	0.077366544755329	0.
8698.	-0.43185229366237643	0.	-0.7518169675757898	0.
8699.	-0.4026471307155834	0.	-0.01343954777000056	0.
8700.	-0.26189243593707034	0.	0.858670978282909	0.
8701.	-0.0949681184336007	0.	0.1309910371849239	0.
8702.	-0.0031282292969393444	0.	-0.9549037888402265	0.
8703.	-0.042081612906997266	0.	-0.4377107581555491	0.
8704.	-0.1881996694706615	0.	0.7452111050658521	0.
8705.	-0.35284914658521616	0.	0.4887262134721579	0.
8706.	-0.4361558808174353	0.	-0.61153551303942	0.
8707.	-0.3875871250481222	0.	-0.4221143483865448	0.
8708.	-0.23660403480147987	0.	0.7215220486130393	0.
8709.	-0.0747909266204253	0.	0.6306577136672172	0.
8710.	-0.0003014606071007897	0.	-0.6391449496748733	0.
8711.	-0.05831994729761114	0.	-0.8380172495932519	0.
8712.	-0.2136531511959495	0.	0.34855525752159233	0.
8713.	-0.37207803518479876	0.	0.7411115760534893	0.
8714.	-0.437496190494119	0.	-0.29534158836334046	0.
8715.	-0.37022584193650043	0.	-0.7156622459818767	0.
8716.	-0.21107228027067748	0.	0.3485730134197825	0.
8717.	-0.05657592036803134	0.	0.9340483932853015	0.
8718.	-0.00045218100354282864	0.	-0.11228161004420704	0.
8719.	-0.07674496937429562	0.	-0.9596926065763569	0.
8720.	-0.23917610379812532	0.	-0.14256634927798073	0.
8721.	-0.3892170377500559	0.	0.7671336290539145	0.
8722.	-0.43585495405066876	0.	0.10647063551986213	0.
8723.	-0.3507999184851038	0.	-0.8009126175101843	0.
8724.	-0.18564517430609756	0.	-0.14986641114310145	0.
8725.	-0.040571373168732924	0.	0.9354968225885822	0.
8726.	-0.0035783361420986676	0.	0.45060652996258777	0.
8727.	-0.09710554308899405	0.	-0.7699485134206737	0.
8728.	-0.26442064528599674	0.	-0.5722054314904893	0.
8729.	-0.4040325468962778	0.	0.5678146021290253	0.
8730.	-0.431254541805728	0.	0.47983812787083624	0.
8731.	-0.329574133190382	0.	-0.6429225515075602	0.
8732.	-0.1606692924960441	0.	-0.6168304706225225	0.
8733.	-0.026995429608421245	0.	0.6282301755027322	0.
8734.	-0.00963731602126952	0.	0.862758532833888	0.
8735.	-0.11912415052090669	0.	-0.3385089958206901	0.
8736.	-0.28904268846219644	0.	-0.8112270982331179	0.
8737.	-0.41632262481987703	0.	0.20816215805681132	0.
8738.	-0.4237576581292307	0.	0.7174240184985636	0.
8739.	-0.30683779695173063	0.	-0.2796237795149083	0.
8740.	-0.13648506016554512	0.	-0.8983032361472763	0.
8741.	-0.01603313199726769	0.	0.10932122190560972	0.
8742.	-0.018546535761436084	0.	0.9889827068411539	0.
8743.	-0.1425006744643516	0.	0.18886279404128567	0.
8744.	-0.312706630870442	0.	-0.7953762605797945	0.
8745.	-0.425919755766605	0.	-0.20437171876831275	0.
8746.	-0.413466486761236	0.	0.7479802570535151	0.
8747.	-0.28290080972780984	0.	0.18490272182919382	0.
8748.	-0.11342211233244416	0.	-0.8949913318235636	0.
8749.	-0.007833898235249187	0.	-0.4511275899400496	0.
8750.	-0.03018456124829083	0.	0.7907845153125271	0.
8751.	-0.16691648910686513	0.	0.640835377877507	0.
8752.	-0.3350899291354355	0.	-0.5406804771501212	0.
8753.	-0.43269312927960824	0.	-0.5512635500388796	0.
8754.	-0.40052129804139847	0.	0.5572744876555964	0.
8755.	-0.25808943654559635	0.	0.6087225461794428	0.
8756.	-0.09179480072365412	0.	-0.5984458241794606	0.
8757.	-0.0025094852121538835	0.	-0.8667197498088153	0.
8758.	-0.044392764303685106	0.	0.3379732386644448	0.
8759.	-0.19203880292440345	0.	0.8769937531614425	0.
8760.	-0.35588749526073177	0.	-0.1334723510614457	0.
8761.	-0.43655042317870735	0.	-0.7353055597528049	0.
8762.	-0.3850985369950668	0.	0.19463984115201977	0.
8763.	-0.23274186044880663	0.	0.8549663012514301	0.
8764.	-0.07189790910709298	0.	-0.09795747122884826	0.
8765.	-0.00013246553858943869	0.	-0.9980797212716964	0.
8766.	-0.060977484812731575	0.	-0.2166910544518038	0.
8767.	-0.21752519469827775	0.	0.8313611100375775	0.
8768.	-0.37481585504284026	0.	0.29962067722936503	0.
8769.	-0.43743906191941706	0.	-0.7059697740659944	0.
8770.	-0.3674084183585577	0.	-0.23784273377941256	0.
8771.	-0.20720357302170522	0.	0.8365989453654534	0.
8772.	-0.0540026353517122	0.	0.4458387042702475	0.
8773.	-0.0007352383842750276	0.	-0.8006831932640727	0.
8774.	-0.0797126703380267	0.	-0.6902982323198161	0.
8775.	-0.2430282807661358	0.	0.5295135530310973	0.
8776.	-0.3916170118640203	0.	0.6309784936913981	0.
8777.	-0.4353469332145724	0.	-0.4720692697663318	0.
8778.	-0.347692061325284	0.	-0.6122110398586256	0.
8779.	-0.18182266527188484	0.	0.5481494514041076	0.
8780.	-0.03835289494549152	0.	0.8530749654935952	0.
8781.	-0.004309587854157859	0.	-0.3403334413203177	0.
8782.	-0.10034295725707226	0.	-0.9312603051711015	0.
8783.	-0.26820044992235537	0.	0.07550927758340024	0.
8784.	-0.4060619632255106	0.	0.7684175644476557	0.
8785.	-0.43030255311644217	0.	-0.0991622416097066	0.
8786.	-0.32621820304754845	0.	-0.8113968372448294	0.
8787.	-0.15694508309114424	0.	0.07244983476581089	0.
8788.	-0.025161996392509822	0.	0.9853307872535233	0.
8789.	-0.010806794983065582	0.	0.22925486487949392	0.
8790.	-0.12258715140971096	0.	-0.8683048825985185	0.
8791.	-0.2926986014104027	0.	-0.38500401350708346	0.
8792.	-0.417953822090119	0.	0.6789083089403655	0.
8793.	-0.42237467734633005	0.	0.3075605900405024	0.
8794.	-0.30327953570002086	0.	-0.7658553432918439	0.
8795.	-0.13290991197219357	0.	-0.4419790177384582	0.
8796.	-0.01460973378247804	0.	0.7939075040368391	0.
8797.	-0.020138301783185708	0.	0.7189262627166675	0.
8798.	-0.14614206081330852	0.	-0.5309473083929022	0.
8799.	-0.31618882144896343	0.	-0.7120089523682854	0.
8800.	-0.42713050049663404	0.	0.39444997241172786	0.
8801.	-0.411671364135607	0.	0.6310696213668125	0.
8802.	-0.2791887170432131	0.	-0.4785784955469024	0.
8803.	-0.11004475520236592	0.	-0.8272929343320123	0.
8804.	-0.0068399361704767625	0.	0.33835644573846557	0.
8805.	-0.03217691830231481	0.	0.9682183814852476	0.
8806.	-0.17068662822518632	0.	-0.03584971698181066	0.
8807.	-0.3383509345191168	0.	-0.8131403399919268	0.
8808.	-0.4334669188218382	0.	0.0002612982317634627	0.
8809.	-0.3983385013864601	0.	0.7745610640004538	0.
8810.	-0.2542741088559318	0.	-0.029201523063988294	0.
8811.	-0.08866126857803977	0.	-0.9519691758502933	0.
8812.	-0.001958507161386347	0.	-0.23201583930665676	0.
8813.	-0.046758556241506655	0.	0.898858376277901	0.
8814.	-0.19588630720493433	0.	0.45468744531544114	0.
8815.	-0.35888286741675807	0.	-0.6681509733685987	0.
8816.	-0.43687671065365385	0.	-0.3902097982921501	0.
8817.	-0.3825578181836703	0.	0.6897912996196728	0.
8818.	-0.2288753012911192	0.	0.4463423369680167	0.
8819.	-0.06905091250398432	0.	-0.7669037931291687	0.
8820.	-0.00003198142347704547	0.	-0.7279355697488712	0.
8821.	-0.06368446550425373	0.	0.5393958419009854	0.
8822.	-0.22139762203174632	0.	0.7868602914509268	0.
8823.	-0.3775047665623805	0.	-0.3301466176512782	0.
8824.	-0.4373133999779045	0.	-0.6663817027437313	0.
8825.	-0.36454440780248126	0.	0.3936836649537828	0.
8826.	-0.20333848422279308	0.	0.7962960617656569	0.
8827.	-0.05148097931406234	0.	-0.32531073892920825	0.
8828.	-0.0010866178175449326	0.	-0.9842757789759545	0.
8829.	-0.08272394319852655	0.	0.01319474065858898	0.
8830.	-0.24687284933873344	0.	0.863668392842119	0.
8831.	-0.39396281244499765	0.	0.09451167614423595	0.
8832.	-0.4347710346480092	0.	-0.7499739824698202	0.
8833.	-0.3445437959537293	0.	-0.03267006481014956	0.
8834.	-0.17801172862331371	0.	0.9019294813726799	0.
8835.	-0.03619095005553463	0.	0.23184038672946722	0.
8836.	-0.005108041477141195	0.	-0.916227375614181	0.
8837.	-0.10361747814651061	0.	-0.5050776127518504	0.
8838.	-0.27196475764198746	0.	0.6721843324730112	0.
8839.	-0.4080326792253253	0.	0.47978460933005024	0.
8840.	-0.42928426751605886	0.	-0.6158781214114751	0.
8841.	-0.3228285942282196	0.	-0.46422574248884485	0.
8842.	-0.15324024227729388	0.	0.7188561608051699	0.
8843.	-0.023389230307915565	0.	0.7212231727772831	0.
8844.	-0.012041439747154298	0.	-0.547919201696758	0.
8845.	-0.12608028807621016	0.	-0.8486385642578771	0.
8846.	-0.2963313401508666	0.	0.28262673594444254	0.
8847.	-0.41952259233165046	0.	0.7163629995262577	0.
8848.	-0.4209278841094234	0.	-0.29955132790733774	0.
8849.	-0.2996947843493413	0.	-0.7674000802469692	0.
8850.	-0.12936166457551596	0.	0.296011112020174	0.
8851.	-0.0132503095959111	0.	0.9785948582231809	0.
8852.	-0.02179230927682546	0.	-0.003591004358188825	0.
8853.	-0.14980620123584412	0.	-0.9128880785430207	0.
8854.	-0.3196404763867353	0.	-0.1782455081730765	0.
8855.	-0.42827594238207434	0.	0.7408628049110415	0.
8856.	-0.40981578329192275	0.	0.11117479615275605	0.
8857.	-0.27545768390926983	0.	-0.8412543373450448	0.
8858.	-0.10670146441207523	0.	-0.23593374406861287	0.
8859.	-0.005912383057235987	0.	0.9152107061897015	0.
8860.	-0.03422774413436265	0.	0.5353442279013895	0.
8861.	-0.174471829575616	0.	-0.6868664494789537	0.
8862.	-0.34157445903901024	0.	-0.5690096810568102	0.
8863.	-0.4341734197930064	0.	0.5509074569184155	0.
8864.	-0.39609942480111515	0.	0.49860612925737524	0.
8865.	-0.2504476485244863	0.	-0.6518265130795574	0.
8866.	-0.0855685039925296	0.	-0.7047582868871629	0.
8867.	-0.001475467817553755	0.	0.5492951290093864	0.
8868.	-0.049178247325097485	0.	0.892081797448786	0.
8869.	-0.19974097657208795	0.	-0.2525900252991867	0.
8870.	-0.3618343243557065	0.	-0.7766204476588386	0.
8871.	-0.4371346409890542	0.	0.20350247627625356	0.
8872.	-0.37996576483542627	0.	0.7471953601810921	0.
8873.	-0.22500556903786234	0.	-0.2476291323582901	0.
8874.	-0.06625082900283409	0.	-0.953214354069611	0.
8875.	-3.9755133407481935e-8	0.	0.001055052163525045	0.
8876.	-0.06644004105237505	0.	0.9534551565825101	0.
8877.	-0.2252692196481324	0.	0.24569312217379863	0.
8878.	-0.3801439270842385	0.	-0.7476789411158945	0.
8879.	-0.43711924404626257	0.	-0.20172730727022373	0.
8880.	-0.3616347078006309	0.	0.7771826681928362	0.
8881.	-0.19947822513006694	0.	0.2507229503002184	0.
8882.	-0.04901174249347512	0.	-0.8929979178934431	0.
8883.	-0.0015062091940264977	0.	-0.5475235150592945	0.
8884.	-0.08577784426939788	0.	0.7060670353987637	0.
8885.	-0.2507086046973612	0.	0.6504231069325717	0.
8886.	-0.39625370436087054	0.	-0.49997539994166873	0.
8887.	-0.434127438825191	0.	-0.5496696879524874	0.
8888.	-0.34135610898239693	0.	0.5704589933753983	0.
8889.	-0.17421355864579008	0.	0.6856602129233617	0.
8890.	-0.03408621601262051	0.	-0.5371345335857765	0.
8891.	-0.005973446798611698	0.	-0.9143448130151592	0.
8892.	-0.10692807957554729	0.	0.23788371744994447	0.
8893.	-0.2757123887763828	0.	0.8408082286704704	0.
8894.	-0.4099440773063022	0.	-0.11300490673816527	0.
8895.	-0.4282000041167561	0.	-0.7405396280641823	0.
8896.	-0.3194063689766863	0.	0.18014637376249742	0.
8897.	-0.14955593109160525	0.	0.9127361372805137	0.
8898.	-0.021677686913129823	0.	0.0014941770446240885	0.
8899.	-0.013340863400009957	0.	-0.978908753912848	0.
8900.	-0.12960246582654703	0.	-0.29404303361268147	0.
8901.	-0.299939766237982	0.	0.7680325835631873	0.
8902.	-0.42102844391063593	0.	0.2978185281578176	0.
8903.	-0.4194177318200137	0.	-0.7170578032633941	0.
8904.	-0.29608466630672836	0.	-0.280858331508534	0.
8905.	-0.1258414299410176	0.	0.8496055328070485	0.
8906.	-0.011955285461027199	0.	0.5461873206828375	0.
8907.	-0.02350803990496869	0.	-0.7226105325020972	0.
8908.	-0.15349194744956884	0.	-0.7174885452025459	0.
8909.	-0.3230605139954086	0.	0.4657249882203802	0.
8910.	-0.4293557224592526	0.	0.6147657831783321	0.
8911.	-0.40790032573424373	0.	-0.48129358558135016	0.
8912.	-0.2717088795674659	0.	-0.6711028104332203	0.
8913.	-0.10339328769751674	0.	0.5068713801158191	0.
8914.	-0.005051529568194907	0.	0.9154185474714134	0.
8915.	-0.036336396052784936	0.	-0.23385142173757123	0.
8916.	-0.17827090693699993	0.	-0.9015813963879915	0.
8917.	-0.34475949249610577	0.	0.034563602943900595	0.
8918.	-0.4348124107925586	0.	0.7498149552291897	0.
8919.	-0.3938047699744662	0.	-0.09638155472663651	0.
8920.	-0.2466112546990251	0.	-0.863624469205641	0.
8921.	-0.08251747618517069	0.	-0.011136215387481543	0.
8922.	-0.0010605185519282079	0.	0.9846527119431329	0.
8923.	-0.05165107925835913	0.	0.3233213972933596	0.
8924.	-0.20360160303861738	0.	-0.7970598070200674	0.
8925.	-0.36474094114215294	0.	-0.3919794159124931	0.
8926.	-0.43732413335752085	0.	0.6672211083017592	0.
8927.	-0.3773231892569878	0.	0.3284850830361457	0.
8928.	-0.22113387639857646	0.	-0.7878856314777516	0.
8929.	-0.06349853610672435	0.	-0.5377281730543285	0.
8930.	-0.00003665053910478777	0.	0.7293789905641892	0.
8931.	-0.06924334790680156	0.	0.7655677672429793	0.
8932.	-0.22913877425199605	0.	-0.44796198293393563	0.
8933.	-0.3827325095383807	0.	-0.6887922859629921	0.
8934.	-0.43685665497022746	0.	0.3917929779729056	0.
8935.	-0.3586802302030356	0.	0.6672118332510429	0.
8936.	-0.19562400547566428	0.	-0.45647671830644077	0.
8937.	-0.04659569870862659	0.	-0.8981202839227675	0.
8938.	-0.0019938810154681574	0.	0.23406244156166464	0.
8939.	-0.08887341651598601	0.	0.9517024378729007	0.
8940.	-0.2545343447829306	0.	0.02724239193380587	0.
8941.	-0.39848896968547987	0.	-0.7745617771820237	0.
8942.	-0.43341634743713986	0.	0.0015873863045631764	0.
8943.	-0.33812999937663135	0.	0.813224084883098	0.
8944.	-0.17042934561830536	0.	0.03385016219337024	0.
8945.	-0.03203935240688177	0.	-0.9686554095590989	0.
8946.	-0.0069055326147242635	0.	-0.33636368697011665	0.
8947.	-0.11027372406151095	0.	0.8281664661167387	0.
8948.	-0.279442168880545	0.	0.4768907445323808	0.
8949.	-0.41179555847133903	0.	-0.6320589825380648	0.
8950.	-0.427050102710359	0.	-0.392895550242078	0.
8951.	-0.3159525997609128	0.	0.7131054380786159	0.
8952.	-0.14589330412867604	0.	0.5293688428371842	0.
8953.	-0.02002790257139181	0.	-0.7204073450486002	0.
8954.	-0.01470465872465121	0.	-0.7926061195132097	0.
8955.	-0.1331525808696021	0.	0.44370217306840465	0.
8956.	-0.30352274885718245	0.	0.7649539480598517	0.
8957.	-0.4224709049274065	0.	-0.30923028284250315	0.
8958.	-0.4178446937348574	0.	-0.6781224866168786	0.
8959.	-0.29245031291578005	0.	0.3867884433040668	0.
8960.	-0.12235031124313525	0.	0.8676563161700686	0.
8961.	-0.01072506721125216	0.	-0.23131082583375492	0.
8962.	-0.025284955988521037	0.	-0.9851328913730107	0.
8963.	-0.15719814441025598	0.	-0.07043055175518054	0.
8964.	-0.32644786249187885	0.	0.8115454903712036	0.
8965.	-0.430369502348411	0.	0.09732177951991133	0.
8966.	-0.4059255917373496	0.	-0.768646098619574	0.
8967.	-0.26794347883159736	0.	-0.07358283375368851	0.
8968.	-0.10012126177911104	0.	0.9317618668840215	0.
8969.	-0.004257645487660888	0.	0.33836038412626157	0.
8970.	-0.03850221323611416	0.	-0.8540359966430267	0.
8971.	-0.18208266974643714	0.	-0.5464706355841888	0.
8972.	-0.34790503675976236	0.	0.613347794275457	0.
8973.	-0.4353836915671074	0.	0.4706150422854264	0.
8974.	-0.3914552560087309	0.	-0.6321616549828359	0.
8975.	-0.24276612963729388	0.	-0.528046756042929	0.
8976.	-0.07950914129192374	0.	0.6918048554567414	0.
8977.	-0.0007137894061432504	0.	0.7994269515984678	0.
8978.	-0.05417627710784824	0.	-0.4476429679694756	0.
8979.	-0.20746697675092785	0.	-0.8357787989209164	0.
8980.	-0.3676018068921305	0.	0.23960631653384387	0.
8981.	-0.43744512837170474	0.	0.7053402496557419	0.
8982.	-0.374630919583289	0.	-0.30140667837768886	0.
8983.	-0.21726143669311465	0.	-0.8308234362413058	0.
8984.	-0.06079489633215218	0.	0.21873248766808004	0.
8985.	-0.00014180230233212712	0.	0.9979444070007781	0.
8986.	-0.0720935075608547	0.	0.09589122362376179	0.
8987.	-0.23300507319513464	0.	-0.8552455317672878	0.
8988.	-0.38526970271003635	0.	-0.19279439023323086	0.
8989.	-0.4365257150400025	0.	0.7356907773540298	0.
8990.	-0.35568190089078205	0.	0.13162544184729155	0.
8991.	-0.19177703310978886	0.	-0.8775707602786049	0.
8992.	-0.04423360509997648	0.	-0.3360456900835302	0.
8993.	-0.0025494804575877383	0.	0.8677481784210008	0.
8994.	-0.0920096898368572	0.	0.5967748901577505	0.
8995.	-0.25834887067488277	0.	-0.6099961160691058	0.
8996.	-0.4006679079258394	0.	-0.5559082293794231	0.
8997.	-0.4326379833297094	0.	0.5525487144254997	0.
8998.	-0.33486647814226916	0.	0.5393425972972339	0.
8999.	-0.1666602754476029	0.	-0.6423628358634543	0.
9000.	-0.030051000689667207	0.	-0.789590392790731	0.
9001.	-0.007904006817955334	0.	0.452987659192581	0.
9002.	-0.11365336313223533	0.	0.8942383913959231	0.
9003.	-0.2831529291120496	0.	-0.1867606568031996	0.
9004.	-0.4135865424950811	0.	-0.7475019872768481	0.
9005.	-0.42583492365128983	0.	0.20617057910154005	0.
9006.	-0.31246836893111224	0.	0.7949704354248381	0.
9007.	-0.14225350919455365	0.	-0.19087080676684368	0.
9008.	-0.018440394298400296	0.	-0.9889110280580873	0.
9009.	-0.016132398324901487	0.	-0.10722791202014739	0.
9010.	-0.13672952066752006	0.	0.8986927367416053	0.
9011.	-0.3070791651628263	0.	0.27776286076501094	0.
9012.	-0.4238495233337757	0.	-0.7179706282661468	0.
9013.	-0.41620926281819587	0.	-0.2063934611941486	0.
9014.	-0.28879286312211205	0.	0.8118949922355061	0.
9015.	-0.1188894025402088	0.	0.3366524402676544	0.
9016.	-0.009560040378820939	0.	-0.8638390766259891	0.
9017.	-0.027122500667610766	0.	-0.6265735851873283	0.
9018.	-0.16092363066037238	0.	0.6182233322996646	0.
9019.	-0.32980146034025787	0.	0.6416293545291125	0.
9020.	-0.431316964343143	0.	-0.48123745030870213	0.
9021.	-0.4038922001481527	0.	-0.5666157331572983	0.
9022.	-0.26416266170790315	0.	0.5737564066281593	0.
9023.	-0.09688641205582105	0.	0.7688379595574732	0.
9024.	-0.0035309795999854815	0.	-0.45249721761680667	0.
9025.	-0.040724516959940615	0.	-0.9348019610965412	0.
9026.	-0.18590592346411527	0.	0.15181128930489624	0.
9027.	-0.35101010606786637	0.	0.8005736335350293	0.
9028.	-0.43588708308982593	0.	-0.10829586973450711	0.
9029.	-0.3890516192061456	0.	-0.7668772186492798	0.
9030.	-0.23891347833579302	0.	0.14452894710651143	0.
9031.	-0.07654444207563968	0.	0.9596928360643059	0.
9032.	-0.00043538903836015663	0.	0.11018580649794191	0.
9033.	-0.05675304951556716	0.	-0.9345279202395732	0.
9034.	-0.21133588636542072	0.	-0.346691430990572	0.
9035.	-0.3704160250596446	0.	0.7163668478916919	0.
9036.	-0.43749758811439393	0.	0.2936431675583381	0.
9037.	-0.37188979952384793	0.	-0.741887644493687	0.
9038.	-0.2133894634775694	0.	-0.3467918730086732	0.
9039.	-0.058140756954900036	0.	0.8391412991305203	0.
9040.	-0.00031546209638474987	0.	0.6375165169839515	0.
9041.	-0.07498962682489144	0.	-0.6321474752717898	0.
9042.	-0.23686690484221407	0.	-0.720287319626228	0.
9043.	-0.38775471149093693	0.	0.4236342817249581	0.
9044.	-0.43612652796770934	0.	0.6104777003559735	0.
9045.	-0.35264065949164025	0.	-0.49030959388639883	0.
9046.	-0.18793851360499295	0.	-0.744207316328984	0.
9047.	-0.04192620191574446	0.	0.4396099642802572	0.
9048.	-0.0031728334010070885	0.	0.9542645878554401	0.
9049.	-0.09518568137834343	0.	-0.13300779445737368	0.
9050.	-0.2621509869631764	0.	-0.8584544814280118	0.
9051.	-0.4027898362386986	0.	0.01530389929421111	0.
9052.	-0.4317925904272246	0.	0.7517216283085832	0.
9053.	-0.33156656801500883	0.	-0.07927948348413566	0.
9054.	-0.1629075292959109	0.	-0.914583102042124	0.
9055.	-0.028121783972770265	0.	-0.1117553468297252	0.
9056.	-0.008968556510729891	0.	0.9561210543538583	0.
9057.	-0.11706593767470744	0.	0.3963917977144882	0.
9058.	-0.2868435065781214	0.	-0.7289015928518463	0.
9059.	-0.41531646811724493	0.	-0.38709206934507157	0.
9060.	-0.42455484776248076	0.	0.6749659109103417	0.
9061.	-0.3089547683868193	0.	0.3714283057728641	0.
9062.	-0.13863768693589432	0.	-0.7932770370231053	0.
9063.	-0.01691565958912805	0.	-0.6338624586210748	0.
9064.	-0.0176236347841722	0.	0.6446930479561985	0.
9065.	-0.1403321642621368	0.	0.7851640991523219	0.
9066.	-0.3106079006357061	0.	-0.3827787801370708	0.
9067.	-0.42516386709770615	0.	-0.6686837044407973	0.
9068.	-0.4145119515804729	0.	0.39835935547940104	0.
9069.	-0.28511346310531416	0.	0.7229515573064152	0.
9070.	-0.11545978842088751	0.	-0.40945915200631844	0.
9071.	-0.008460570062383599	0.	-0.952223735189714	0.
9072.	-0.02902009809194367	0.	0.12602027589385695	0.
9073.	-0.16466723869190847	0.	0.9138964133917775	0.
9074.	-0.33312025658009664	0.	0.06609536283219636	0.
9075.	-0.4321978115286885	0.	-0.752290760613384	0.
9076.	-0.4018007881933314	0.	-0.0024460720966396066	0.
9077.	-0.2603676130418492	0.	0.8598573131090823	0.
9078.	-0.09368975227241139	0.	0.11908692713712787	0.
9079.	-0.0028717596314618843	0.	-0.9585812162099305	0.
9080.	-0.04300261079206863	0.	-0.4264828423438096	0.
9081.	-0.1897394699468026	0.	0.7510454334472938	0.
9082.	-0.3540737273479994	0.	0.4793491694113561	0.
9083.	-0.43632242760614004	0.	-0.6176962557806217	0.
9084.	-0.38659461281873764	0.	-0.4131043690850615	0.
9085.	-0.23505450814982043	0.	0.7287290358544898	0.
9086.	-0.07362430762401401	0.	0.6218133795143568	0.
9087.	-0.00022540469281320807	0.	-0.6486810347189663	0.
9088.	-0.059380588963328845	0.	-0.8313168399903312	0.
9089.	-0.21520711943765078	0.	0.3589013174850881	0.
9090.	-0.37318271372020534	0.	0.7364586441278834	0.
9091.	-0.43748149614645504	0.	-0.3053149660436294	0.
9092.	-0.3691006880982787	0.	-0.7114270339576415	0.
9093.	-0.20951917016167604	0.	0.35963398301092975	0.
9094.	-0.05553694973675352	0.	0.9311318926834034	0.
9095.	-0.0005575754957068968	0.	-0.12462011291063	0.
9096.	-0.0779307981019706	0.	-0.9595986149868345	0.
9097.	-0.24072305896770677	0.	-0.1309969838354155	0.
9098.	-0.39018675711457085	0.	0.7685564548860007	0.
9099.	-0.435659218851142	0.	0.09570151017924733	0.
9100.	-0.3495574590731379	0.	-0.8028228479211227	0.
9101.	-0.18410964988570322	0.	-0.1383814971787147	0.
9102.	-0.03967421225017516	0.	0.9395040492556068	0.
9103.	-0.003863744499639832	0.	0.43942477723308654	0.
9104.	-0.09840039584179885	0.	-0.7764133144435414	0.
9105.	-0.26593950213247364	0.	-0.563013980607631	0.
9106.	-0.4048540896508772	0.	0.5748099223469715	0.
9107.	-0.43088043365972095	0.	0.47153442788369604	0.
9108.	-0.32823130312555016	0.	-0.6504786837557479	0.
9109.	-0.1591722832100935	0.	-0.6085547139282643	0.
9110.	-0.026252306842561163	0.	0.63793565363156	0.
9111.	-0.010098848078018113	0.	0.856311651361553	0.
9112.	-0.12051037824524863	0.	-0.34940785296955496	0.
9113.	-0.29051274471741756	0.	-0.8072082405439126	0.
9114.	-0.41698479320698745	0.	0.21855541554352326	0.
9115.	-0.42321027619068985	0.	0.7141185215274469	0.
9116.	-0.30541289922567183	0.	-0.29056851546767304	0.
9117.	-0.1350469704917359	0.	-0.8959173614678924	0.
9118.	-0.01545417627416068	0.	0.12164916472656145	0.
9119.	-0.01917790076200743	0.	0.9893116827957678	0.
9120.	-0.14395938265282954	0.	0.17702068610296123	0.
9121.	-0.3141078494323408	0.	-0.7976793740089275	0.
9122.	-0.42641352432423735	0.	-0.19375177827815232	0.
9123.	-0.41275329193445875	0.	0.7507134915919316	0.
9124.	-0.2814132659290365	0.	0.1739254755692119	0.
9125.	-0.11206254366945319	0.	-0.8993433046797968	0.
9126.	-0.007427000814433177	0.	-0.44012260778870976	0.
9127.	-0.030977153584846373	0.	0.7977433931615048	0.
9128.	-0.16842779532638605	0.	0.6317776107792265	0.
9129.	-0.33640321116331556	0.	-0.5484981334620496	0.
9130.	-0.43301176786259415	0.	-0.5436279510510055	0.
9131.	-0.399652011288041	0.	0.565266081962408	0.
9132.	-0.25655952213511446	0.	0.6011473642947683	0.
9133.	-0.09053228421139595	0.	-0.6082398602955633	0.
9134.	-0.002280192166449646	0.	-0.8605777974011963	0.
9135.	-0.04533578081617723	0.	0.34929410153024076	0.
9136.	-0.1935821078268008	0.	0.8735074129552063	0.
9137.	-0.35709494051075863	0.	-0.14433205237013735	0.
9138.	-0.4366895886891034	0.	-0.7329496745520501	0.
9139.	-0.3840850068325917	0.	0.20549937191407147	0.
9140.	-0.2311904284115139	0.	0.853230746143874	0.
9141.	-0.07074965305263159	0.	-0.11013028527938508	0.
9142.	-0.00008390217699190666	0.	-0.9987836076162214	0.
9143.	-0.062058072029192946	0.	-0.2046473180065833	0.
9144.	-0.21907946278781282	0.	0.8344410575408259	0.
9145.	-0.37590100583958325	0.	0.28907039457569883	0.
9146.	-0.4373968575092224	0.	-0.7095965193884759	0.
9147.	-0.36626445937256763	0.	-0.22741649174287468	0.
9148.	-0.2056517696290066	0.	0.8413500651975632	0.
9149.	-0.05298429066853407	0.	0.4351591557956502	0.
9150.	-0.0008680666283747973	0.	-0.8080101983583517	0.
9151.	-0.08091609968201383	0.	-0.6813589169354215	0.
9152.	-0.24457232711527133	0.	0.5380938834254299	0.
9153.	-0.39256507742413255	0.	0.623939349152097	0.
9154.	-0.4351239341379354	0.	-0.48058431774499655	0.
9155.	-0.34643326585982326	0.	-0.6054396192655168	0.
9156.	-0.18029164185333713	0.	0.5579945593466746	0.
9157.	-0.037478341837873214	0.	0.8473285990961128	0.
9158.	-0.004621997233358155	0.	-0.3519261723889547	0.
9159.	-0.10165282579114274	0.	-0.9282159707331564	0.
9160.	-0.2697132289320362	0.	0.0868429040110094	0.
9161.	-0.40686002126091186	0.	0.7669834289449037	0.
9162.	-0.42990179888530744	0.	-0.10999858881675295	0.
9163.	-0.3248617286871963	0.	-0.8104315051854809	0.
9164.	-0.1554557077480413	0.	0.08435056449086786	0.
9165.	-0.024443155163650237	0.	0.986404102180871	0.
9166.	-0.011294527309284819	0.	0.21712120442078184	0.
9167.	-0.12398560541119501	0.	-0.8720383861019598	0.
9168.	-0.2941594936529227	0.	-0.3744571599763665	0.
9169.	-0.4185909949437326	0.	0.6834581666046469	0.
9170.	-0.42180163030633255	0.	0.2976823437999452	0.
9171.	-0.30184387141275437	0.	-0.7710888462601367	0.
9172.	-0.1314824851331168	0.	-0.4317740956741757	0.
9173.	-0.01405640235390676	0.	0.8015031680560811	0.
9174.	-0.020794709185096266	0.	0.7101337517353264	0.
9175.	-0.1476100391242357	0.	-0.5401885569360404	0.
9176.	-0.31757791472636615	0.	-0.7054760877728747	0.
9177.	-0.42759810339528764	0.	0.4035604871222392	0.
9178.	-0.41093383501304237	0.	0.6251641411969038	0.
9179.	-0.27769343116781525	0.	-0.4884814347051057	0.
9180.	-0.10869873292129875	0.	-0.8220610937084913	0.
9181.	-0.0064596565394652306	0.	0.35006915748588213	0.
9182.	-0.032993053843391545	0.	0.9655523689468668	0.
9183.	-0.172204122068226	0.	-0.04761905702797643	0.
9184.	-0.33964929526409915	0.	-0.8125578354742963	0.
9185.	-0.43375857826267983	0.	0.011152410669157453	0.
9186.	-0.3974465428210539	0.	0.7744683492361314	0.
9187.	-0.25273958237932515	0.	-0.04075284998748985	0.
9188.	-0.08741499736306779	0.	-0.953449509560573	0.
9189.	-0.0017564626001674855	0.	-0.2199332753268398	0.
9190.	-0.047723295854872505	0.	0.9031199007103943	0.
9191.	-0.19743263288898405	0.	0.4441066535793628	0.
9192.	-0.36007279876241594	0.	-0.67360623019792	0.
9193.	-0.43698845127252206	0.	-0.3808358935034082	0.
9194.	-0.3815235877149918	0.	0.6956039677154966	0.
9195.	-0.22732245006085122	0.	0.4367439922723821	0.
9196.	-0.06792137923102448	0.	-0.7747068735998868	0.
9197.	-0.000010925834361796838	0.	-0.7193618911156558	0.
9198.	-0.06478465963530389	0.	0.5491656289438344	0.
9199.	-0.22295170288796348	0.	0.7807425178935776	0.
9200.	-0.3785700495499146	0.	-0.33989319513260985	0.
9201.	-0.4372436987320759	0.	-0.6613570927724666	0.
9202.	-0.36338200216071215	0.	0.4036894513215673	0.
9203.	-0.20178847385477616	0.	0.7917104127915966	0.
9204.	-0.050483579706338017	0.	-0.3370075247359504	0.
9205.	-0.0012468381905592421	0.	-0.9819626338278882	0.
9206.	-0.08394459602030069	0.	0.025316126447575728	0.
9207.	-0.2484135029937135	0.	0.8638367350355574	0.
9208.	-0.3948889270947964	0.	0.08348944626789517	0.
9209.	-0.4345208415739912	0.	-0.750823379086739	0.
9210.	-0.3432690589178734	0.	-0.02149980709902302	0.
9211.	-0.17648568600478476	0.	0.9038911293519313	0.
9212.	-0.03533927882981314	0.	0.21996348111558472	0.
9213.	-0.005447353980795988	0.	-0.9209067183641634	0.
9214.	-0.10494195196673847	0.	-0.49446546349788023	0.
9215.	-0.273470984732388	0.	0.6784804234117694	0.
9216.	-0.4088070024420031	0.	0.47084247157026915	0.
9217.	-0.4288569927901099	0.	-0.6223626506589844	0.
9218.	-0.3214589006701911	0.	-0.4553333479428904	0.
9219.	-0.1517589676235331	0.	0.7268493242122253	0.
9220.	-0.022694895884135147	0.	0.7129772750242829	0.
9221.	-0.012555219500160308	0.	-0.5580704104260383	0.
9222.	-0.12749053009895395	0.	-0.8428610951890401	0.
9223.	-0.2977826105597423	0.	0.29300768883644074	0.
9224.	-0.4201345699679923	0.	0.7121875891898543	0.
9225.	-0.4203293515536459	0.	-0.3097312847526269	0.
9226.	-0.29824880341737264	0.	-0.763587226846635	0.
9227.	-0.12794534789734174	0.	0.3075872391327862	0.
9228.	-0.012722775865071846	0.	0.9766526398334718	0.
9229.	-0.0224735533759437	0.	-0.0159423769989969	0.
9230.	-0.1512829896361394	0.	-0.9136917357485861	0.
9231.	-0.32101700906056313	0.	-0.16703470893551586	0.
9232.	-0.4287172330825096	0.	0.7426801788695303	0.
9233.	-0.4090541510006987	0.	0.10037250962147812	0.
9234.	-0.27395512455495064	0.	-0.8437960385065151	0.
9235.	-0.10536941033582431	0.	-0.22441270039063216	0.
9236.	-0.005558840387583613	0.	0.9202279444264049	0.
9237.	-0.03506716711312456	0.	0.5247481598901539	0.
9238.	-0.17599503548560055	0.	-0.693899230062063	0.
9239.	-0.34285749161558765	0.	-0.5604137723665976	0.
9240.	-0.4344380086922911	0.	0.5581351684184022	0.
9241.	-0.39518507394927804	0.	0.4904758896143969	0.
9242.	-0.24890899087672452	0.	-0.660035106175169	0.
9243.	-0.08433886863236806	0.	-0.6969734503980349	0.
9244.	-0.0013007350539315649	0.	0.5596838115422929	0.
9245.	-0.05016440770418773	0.	0.8866009140297393	0.
9246.	-0.20128983844572287	0.	-0.2635567529599466	0.
9247.	-0.3630063688928156	0.	-0.7732233980338559	0.
9248.	-0.4372189217001029	0.	0.2139381544539083	0.
9249.	-0.3789111581724443	0.	0.7442595168083479	0.
9250.	-0.22345178525080292	0.	-0.25902140965084797	0.
9251.	-0.06514037248828945	0.	-0.9517029966086715	0.
9252.	-6.498534292298519e-6	0.	0.013488802646784431	0.
9253.	-0.06755949731655973	0.	0.9547816774440724	0.
9254.	-0.2268226262488204	0.	0.2342696411019668	0.
9255.	-0.3811890084204666	0.	-0.7504420936568232	0.
9256.	-0.4370220678063917	0.	-0.191242766186297	0.
9257.	-0.36045421978635506	0.	0.7804113117276725	0.
9258.	-0.19793049352871164	0.	0.23968628660584243	0.
9259.	-0.04803560052874434	0.	-0.898313451532334	0.
9260.	-0.0016937714813172605	0.	-0.5370337960161157	0.
9261.	-0.08701533804213968	0.	0.7137057687145058	0.
9262.	-0.2522453828404216	0.	0.6420926755596951	0.
9263.	-0.39715757787198225	0.	-0.5079819277201095	0.
9264.	-0.43385013016263785	0.	-0.5423103886706808	0.
9265.	-0.3400658298582165	0.	0.5789431018588992	0.
9266.	-0.1726929750642354	0.	0.6784775242420802	0.
9267.	-0.03325769356899233	0.	-0.5476371343733515	0.
9268.	-0.006339556093177934	0.	-0.9091575419098421	0.
9269.	-0.1082667436177408	0.	0.24934303122623644	0.
9270.	-0.27721159192593514	0.	0.838092610961509	0.
9271.	-0.4106944230477811	0.	-0.1237703318879291	0.
9272.	-0.42774634279484675	0.	-0.7385483756450665	0.
9273.	-0.31802388545866467	0.	0.19133713927975582	0.
9274.	-0.14808322133067522	0.	0.9117491321497591	0.
9275.	-0.021008076886285976	0.	-0.010865478989739852	0.
9276.	-0.01388052956670096	0.	-0.9806657987682161	0.
9277.	-0.1310240539289413	0.	-0.28242546248158706	0.
9278.	-0.3013809600109618	0.	0.7716737808590095	0.
9279.	-0.4216150345498973	0.	0.2875775874927693	0.
9280.	-0.4187939013136746	0.	-0.7210705807263132	0.
9281.	-0.29462882187212647	0.	-0.27039873667599534	0.
9282.	-0.12443666727192368	0.	0.855223706194481	0.
9283.	-0.011453714748513047	0.	0.5359283698704453	0.
9284.	-0.024213907207746244	0.	-0.7307146293570668	0.
9285.	-0.15497708313723033	0.	-0.7093644595354767	0.
9286.	-0.3244240546865024	0.	0.47450112710593256	0.
9287.	-0.4297705626704026	0.	0.6081415086047899	0.
9288.	-0.40711482895804263	0.	-0.4901345986416697	0.
9289.	-0.2701995176105968	0.	-0.6646531948874163	0.
9290.	-0.10207561926726437	0.	0.5173986784914911	0.
9291.	-0.004724834655993909	0.	0.9105658725132069	0.
9292.	-0.03719884340634294	0.	-0.2456744892387537	0.
9293.	-0.1797993475667344	0.	-0.8994409248482084	0.
9294.	-0.34602679482536797	0.	0.0457085610742575	0.
9295.	-0.4350498462327213	0.	0.7487902366923779	0.
9296.	-0.39286831337542416	0.	-0.10739569664191684	0.
9297.	-0.24506894806751095	0.	-0.8632751284562381	0.
9298.	-0.08130486202372644	0.	0.001002030287978694	0.
9299.	-0.0009131523463401167	0.	0.9867817036068451	0.
9300.	-0.052658351368342265	0.	0.3115738826941132	0.
9301.	-0.205152515716237	0.	-0.8014748950238498	0.
9302.	-0.365894731571186	0.	-0.3819007688208642	0.
9303.	-0.4373809277468595	0.	0.6720888244905933	0.
9304.	-0.37624853689075144	0.	0.3186505850593226	0.
9305.	-0.21957964698366023	0.	-0.7938513921371441	0.
9306.	-0.06240750434761231	0.	-0.5278445354961813	0.
9307.	-0.00007062166179677698	0.	0.7378159730673631	0.
9308.	-0.07038171548568212	0.	0.7576258644714734	0.
9309.	-0.23069101978453121	0.	-0.45745109752374813	0.
9310.	-0.38375706171747753	0.	-0.6828316811627411	0.
9311.	-0.4367320341896098	0.	0.4010767116733716	0.
9312.	-0.357482029757368	0.	0.6615993608087846	0.
9313.	-0.1940790376763395	0.	-0.4669823904767919	0.
9314.	-0.04564112028835016	0.	-0.8936833952309907	0.
9315.	-0.0022087264393629846	0.	0.24609901006042223	0.
9316.	-0.09012736342963322	0.	0.9500393114244825	0.
9317.	-0.25606676581468246	0.	0.015705476196888668	0.
9318.	-0.3993703188007046	0.	-0.7744774947234647	0.
9319.	-0.4331120100880185	0.	0.012482867893257032	0.
9320.	-0.3368245825165046	0.	0.81362846843478	0.
9321.	-0.168914697595072	0.	0.022054849178539677	0.
9322.	-0.03123423838927156	0.	-0.9711397334356716	0.
9323.	-0.007298323961790643	0.	-0.32459181540191234	0.
9324.	-0.11162615881032698	0.	0.8332291914113192	0.
9325.	-0.28093387826357374	0.	0.46690366790291793	0.
9326.	-0.41252169159224444	0.	-0.6378130638907367	0.
9327.	-0.42657019696209786	0.	-0.3836873192249821	0.
9328.	-0.31455775953053533	0.	0.7194945483720132	0.
9329.	-0.1444296207827745	0.	0.5200079274398968	0.
9330.	-0.01938322678836424	0.	-0.7290693190521405	0.
9331.	-0.015270042178510579	0.	-0.7848650290888959	0.
9332.	-0.1345850695498227	0.	0.4538045741133587	0.
9333.	-0.30495341434927753	0.	0.7595646063504514	0.
9334.	-0.4230319247415377	0.	-0.31902923798839605	0.
9335.	-0.417195760781085	0.	-0.6734114735256063	0.
9336.	-0.2909850612144286	0.	0.39727096120680405	0.
9337.	-0.12095754281610119	0.	0.8637464576877651	0.
9338.	-0.010249616698522146	0.	-0.243406584060258	0.
9339.	-0.02601522528744303	0.	-0.9838740311148785	0.
9340.	-0.1586911619713101	0.	-0.05853413479498146	0.
9341.	-0.3277979838898115	0.	0.812332065983247	0.
9342.	-0.43075776206326505	0.	0.08646843426611794	0.
9343.	-0.4051164766378018	0.	-0.7699051954350724	0.
9344.	-0.26642778727798977	0.	-0.06221343285566072	0.
9345.	-0.09881839192971542	0.	0.9346283784555298	0.
9346.	-0.00395790071273433	0.	0.3267007073490606	0.
9347.	-0.03938741469316118	0.	-0.8596153652137415	0.
9348.	-0.18361586610996186	0.	-0.5365310132583441	0.
9349.	-0.34915621168981176	0.	0.6199729735096097	0.
9350.	-0.4355938991404659	0.	0.46199214464385097	0.
9351.	-0.3904969871358749	0.	-0.6390659517440949	0.
9352.	-0.24122065735226025	0.	-0.5193409413089537	0.
9353.	-0.07831392834689355	0.	0.7006210044177489	0.
9354.	-0.0005938359388953929	0.	0.7919491926772234	0.
9355.	-0.05520434527829915	0.	-0.45822660611727317	0.
9356.	-0.20901945420267729	0.	-0.8308645802133672	0.
9357.	-0.36873698163739155	0.	0.24996377879691437	0.
9358.	-0.43747441863968844	0.	0.7015481034591147	0.
9359.	-0.3735365582922795	0.	-0.311904274102835	0.
9360.	-0.21570724871854752	0.	-0.8275668849756689	0.
9361.	-0.059723631243722486	0.	0.23074694980824761	0.
9362.	-0.00020327512982722291	0.	0.9970536211741688	0.
9363.	-0.07325042971057855	0.	0.08371340076966563	0.
9364.	-0.23455567121650364	0.	-0.8568007370573172	0.
9365.	-0.3862734046541049	0.	-0.18190542911791208	0.
9366.	-0.43637368877313804	0.	0.737874644957282	0.
9367.	-0.3544663635101002	0.	0.12071944406381968	0.
9368.	-0.1902353132776008	0.	-0.880884374569419	0.
9369.	-0.0433008893820743	0.	-0.3246504618095908	0.
9370.	-0.0027915416888763256	0.	0.8737262244067097	0.
9371.	-0.09327969692699191	0.	0.5868770649732263	0.
9372.	-0.2598764543621349	0.	-0.617429911451196	0.
9373.	-0.40152645644436796	0.	-0.5477985955909838	0.
9374.	-0.4323067126691429	0.	0.5600586639128895	0.
9375.	-0.33354633264126843	0.	0.5313934050551851	0.
9376.	-0.16515203765043915	0.	-0.6513060532124684	0.
9377.	-0.02926954740416321	0.	-0.7824765661627	0.
9378.	-0.00832335712473431	0.	0.4639035280864087	0.
9379.	-0.1150191447603097	0.	0.889717032681218	0.
9380.	-0.28463667725139097	0.	-0.1976790678475651	0.
9381.	-0.41428823543674476	0.	-0.7445988722128735	0.
9382.	-0.4253289238706982	0.	0.21675005647059864	0.
9383.	-0.31106160910788594	0.	0.7924908854650637	0.
9384.	-0.1407993109560315	0.	-0.2026930231530899	0.
9385.	-0.017820854783818337	0.	-0.9883952550734562	0.
9386.	-0.01672332189563419	0.	-0.09488627989814037	0.
9387.	-0.13817246100671474	0.	0.9008971478524496	0.
9388.	-0.308498854029802	0.	0.26677680521835756	0.
9389.	-0.42438479650811944	0.	-0.7211068990042463	0.
9390.	-0.4155354307737213	0.	-0.19594276232272448	0.
9391.	-0.28731866333952943	0.	0.8157471806537134	0.
9392.	-0.11750906482271689	0.	0.3256718620705966	0.
9393.	-0.009110859064202004	0.	-0.8701263518636612	0.
9394.	-0.027876943113323505	0.	-0.6167562244536394	0.
9395.	-0.16242406220406802	0.	0.6263624099675034	0.
9396.	-0.3311377393399825	0.	0.6339452804819639	0.
9397.	-0.43167852188829314	0.	-0.48942465707225846	0.
9398.	-0.4030597202845911	0.	-0.5594824575889814	0.
9399.	-0.2626411155504991	0.	0.5828430738848571	0.
9400.	-0.09559874908445506	0.	0.7622149031538245	0.
9401.	-0.0032582788950116584	0.	-0.4635971445473246	0.
9402.	-0.04163219510980415	0.	-0.9306202969607449	0.
9403.	-0.18744339507991603	0.	0.16324667013029434	0.
9404.	-0.35224476150371464	0.	0.7984889994947717	0.
9405.	-0.43606999692154713	0.	-0.11903697850761716	0.
9406.	-0.3880718383586378	0.	-0.7652782377443527	0.
9407.	-0.23736532472543384	0.	0.15608867638482085	0.
9408.	-0.07536700490463269	0.	0.959601515801739	0.
9409.	-0.0003428858999022233	0.	0.0978253423150466	0.
9410.	-0.057801591566047694	0.	-0.9372626530504851	0.
9411.	-0.21288944207116534	0.	-0.3355780726142955	0.
9412.	-0.3715322283770338	0.	0.7204353487236617	0.
9413.	-0.43749936508432336	0.	0.2836007980832416	0.
9414.	-0.37077607226436604	0.	-0.7463805899296584	0.
9415.	-0.21183580399920676	0.	-0.33635652568456975	0.
9416.	-0.05708959424833185	0.	0.8456877411894962	0.
9417.	-0.0004044173555679542	0.	0.6278615848514706	0.
9418.	-0.07616474098139242	0.	-0.6408599395366972	0.
9419.	-0.23841536942141345	0.	-0.7129431344090502	0.
9420.	-0.38873724865135484	0.	0.432536617914397	0.
9421.	-0.435947143858615	0.	0.6041722043681753	0.
9422.	-0.3514081661021259	0.	-0.4995925524933461	0.
9423.	-0.18640052488610162	0.	-0.7382120102122218	0.
9424.	-0.04101564118739405	0.	0.4507641048480588	0.
9425.	-0.0034420345822652326	0.	0.950409062462872	0.
9426.	-0.09647135064619877	0.	-0.1448710843973592	0.
9427.	-0.26367325458896995	0.	-0.8570894591630606	0.
9428.	-0.4036253151078997	0.	0.02628166108765584	0.
9429.	-0.431434490268776	0.	0.7510718449360593	0.
9430.	-0.33023210758136917	0.	-0.09055214979883114	0.
9431.	-0.16140617437840057	0.	-0.9150007694544635	0.
9432.	-0.027364236318865864	0.	-0.09953212467785628	0.
9433.	-0.009414334360995535	0.	0.9592850901824369	0.
9434.	-0.11844463816884762	0.	0.3851623954312984	0.
9435.	-0.2883188284974806	0.	-0.7338358990428783	0.
9436.	-0.41599350098001653	0.	-0.377384721534795	0.
9437.	-0.4240229125213708	0.	0.6801947318103863	0.
9438.	-0.3075365298211266	0.	0.3616344146451604	0.
9439.	-0.13719342952908137	0.	-0.8000765755793257	0.
9440.	-0.01632145050445638	0.	-0.6244874351962124	0.
9441.	-0.018239913276030306	0.	0.6538348059157459	0.
9442.	-0.14178510406940753	0.	0.7780933040366058	0.
9443.	-0.31201616796896053	0.	-0.3923904048150981	0.
9444.	-0.4256732258857764	0.	-0.6631721603689854	0.
9445.	-0.4138134316202046	0.	0.40791515388188576	0.
9446.	-0.2836307772321631	0.	0.717713209927902	0.
9447.	-0.11409231398801417	0.	-0.4205705507251241	0.
9448.	-0.008037798709652488	0.	-0.948724602671842	0.
9449.	-0.029798477251383293	0.	0.13818540170423646	0.
9450.	-0.16617461401121927	0.	0.9131401896043093	0.
9451.	-0.3344422744162352	0.	0.054827676647513174	0.
9452.	-0.43253255360145537	0.	-0.7526140261614085	0.
9453.	-0.40094520445372095	0.	0.008558629692383357	0.
9454.	-0.25884068910661984	0.	0.8608905375934994	0.
9455.	-0.0924176997120062	0.	0.10715012329972096	0.
9456.	-0.0026261884566872867	0.	-0.9621056914737031	0.
9457.	-0.04393248118471875	0.	-0.4151939542294683	0.
9458.	-0.1912807350032335	0.	0.7567411253245957	0.
9459.	-0.3552914763668937	0.	0.4698936030615085	0.
9460.	-0.436477990372785	0.	-0.6237320039270392	0.
9461.	-0.3855936270460283	0.	-0.40400412221325066	0.
9462.	-0.23350415837581276	0.	0.7358172484086603	0.
9463.	-0.07246501521589785	0.	0.6128578920552936	0.
9464.	-0.00016038087186498462	0.	-0.6581137641916796	0.
9465.	-0.0604492763033585	0.	-0.8244861043282586	0.
9466.	-0.21676126654150135	0.	0.36916911441728584	0.
9467.	-0.37427959580860537	0.	0.731669942983361	0.
9468.	-0.437455759261809	0.	-0.3152273326214417	0.
9469.	-0.36796794389249265	0.	-0.7070500582844625	0.
9470.	-0.2079665260687017	0.	0.3706480075872414	0.
9471.	-0.054506218832600276	0.	0.9280604614242409	0.
9472.	-0.000673985312251546	0.	-0.1369375815787663	0.
9473.	-0.0791237360092959	0.	-0.9593462980992036	0.
9474.	-0.2422689048401761	0.	-0.11942162082790672	0.
9475.	-0.39114782158769	0.	0.7698284717904696	0.
9476.	-0.4354525331142571	0.	0.08491061861135174	0.
9477.	-0.34830839591829427	0.	-0.804583500972275	0.
9478.	-0.1825758742627117	0.	-0.12685639600874998	0.
9479.	-0.03878609186893947	0.	0.9433613442824054	0.
9480.	-0.004160001267360103	0.	0.42817512731217594	0.
9481.	-0.09970132438132606	0.	-0.782741690452537	0.
9482.	-0.2674559766413676	0.	-0.5537348005559863	0.
9483.	-0.4056662370464274	0.	0.5816859426737518	0.
9484.	-0.4304956162282094	0.	0.46313279996220663	0.
9485.	-0.32688294595653344	0.	-0.657923867156305	0.
9486.	-0.15767828166946715	0.	-0.600163593753186	0.
9487.	-0.025518902220512618	0.	0.6475436609489311	0.
9488.	-0.010570913773644608	0.	0.8497295288511106	0.
9489.	-0.12190156554069377	0.	-0.3602348421137576	0.
9490.	-0.29197917807237794	0.	-0.8030477829533418	0.
9491.	-0.4176369538238847	0.	0.22889748146413727	0.
9492.	-0.42265257218951124	0.	0.7106689756103328	0.
9493.	-0.30398362637094917	0.	-0.3014757506208997	0.
9494.	-0.13361310652134056	0.	-0.8933766944275208	0.
9495.	-0.014885483827345891	0.	0.13396313587978545	0.
9496.	-0.019819341048577122	0.	0.9894809450743738	0.
9497.	-0.14542186660180256	0.	0.16516382005094968	0.
9498.	-0.3155042539058705	0.	-0.7998313006595754	0.
9499.	-0.4268968091051803	0.	-0.18309940587261614	0.
9500.	-0.41203030296018606	0.	0.7533008834838373	0.
9501.	-0.27992255861032983	0.	0.16290003584282814	0.
9502.	-0.11070836106255655	0.	-0.9035495570868823	0.
9503.	-0.007030771915935374	0.	-0.4290434452292773	0.
9504.	-0.031779225531470945	0.	0.8045685655307573	0.
9505.	-0.1699416420353314	0.	0.6226237017746206	0.
9506.	-0.3377105535352294	0.	-0.5562018650365004	0.
9507.	-0.43331958955669103	0.	-0.5358864992563239	0.
9508.	-0.39877359179747257	0.	0.5731551061618024	0.
9509.	-0.25502769893315813	0.	0.5934526863475915	0.
9510.	-0.08927624069713949	0.	-0.6179432836564447	0.
9511.	-0.002061827483418821	0.	-0.8542968280237069	0.
9512.	-0.046287552046494956	0.	0.3605493219060959	0.
9513.	-0.19512668331802369	0.	0.8698741793364249	0.
9514.	-0.3582954014930251	0.	-0.15515003848521708	0.
9515.	-0.4368177516413818	0.	-0.7304472164222975	0.
9516.	-0.3830631298275855	0.	0.21633155156939765	0.
9517.	-0.22963836833036844	0.	0.8513412232331302	0.
9518.	-0.06960886870993638	0.	-0.12229655122417174	0.
9519.	-0.00004637805135217698	0.	-0.9993275760523622	0.
9520.	-0.06314656975145744	0.	-0.1925808001730387	0.
9521.	-0.22063371424511818	0.	0.837369543245259	0.
9522.	-0.3769782229531855	0.	0.2784772024031469	0.
9523.	-0.4373436148360393	0.	-0.7130811183084197	0.
9524.	-0.3651130531996588	0.	-0.21693349345230373	0.
9525.	-0.204100627493437	0.	0.8459607320424003	0.
9526.	-0.05197431457383557	0.	0.4243995516070235	0.
9527.	-0.0010118945232432952	0.	-0.8152069853729582	0.
9528.	-0.08212648749220436	0.	-0.6723160255882761	0.
9529.	-0.24611506983936884	0.	0.5465653560806338	0.
9530.	-0.3935043680272424	0.	0.6167863899081466	0.
9531.	-0.43489001154417534	0.	-0.48900542082606163	0.
9532.	-0.345168024374933	0.	-0.5985444362060349	0.
9533.	-0.1787625599843935	0.	0.5677569288246795	0.
9534.	-0.0366129401281807	0.	0.8414404665906534	0.
9535.	-0.00494521674955542	0.	-0.36345955281564013	0.
9536.	-0.1029686059091786	0.	-0.925020271560772	0.
9537.	-0.27122343508861646	0.	0.09814376431645846	0.
9538.	-0.40764858266793236	0.	0.7654000000152532	0.
9539.	-0.4294903847731857	0.	-0.12081820199170629	0.
9540.	-0.32349989733783263	0.	-0.8093134344031989	0.
9541.	-0.15396952778488499	0.	0.09625272848489869	0.
9542.	-0.02373412340540837	0.	0.9873185408247025	0.
9543.	-0.011792732911627857	0.	0.20495737417461385	0.
9544.	-0.125388843539476	0.	-0.8756205147765797	0.
9545.	-0.2956165788887599	0.	-0.36385740818547496	0.
9546.	-0.4192180789345786	0.	0.687869374585258	0.
9547.	-0.421218332318491	0.	0.2877382887775996	0.
9548.	-0.3004040121784916	0.	-0.7761879948707937	0.
9549.	-0.1300594639400167	0.	-0.4214833907242552	0.
9550.	-0.013513404765285064	0.	0.8089730771537711	0.
9551.	-0.021461110251478538	0.	0.701231290417756	0.
9552.	-0.14908160890014494	0.	-0.5493258228668759	0.
9553.	-0.31896201873210706	0.	-0.6988216958939759	0.
9554.	-0.42805516271439226	0.	0.41258563545010063	0.
9555.	-0.4101866035960804	0.	0.6191303676164175	0.
9556.	-0.2761951695664673	0.	-0.4983104567468009	0.
9557.	-0.10735826651657521	0.	-0.8166855629591545	0.
9558.	-0.006090094266323287	0.	0.361729135271663	0.
9559.	-0.033818567217225835	0.	0.9627315737989826	0.
9560.	-0.17372396575324667	0.	-0.05936397131601054	0.
9561.	-0.34094155247429137	0.	-0.8118232667005812	0.
9562.	-0.4340393831145979	0.	0.022037576757303223	0.
9563.	-0.3965455628621105	0.	0.774224262183659	0.
9564.	-0.2512033399586667	0.	-0.05231426672239234	0.
9565.	-0.08617535651872053	0.	-0.9547732032693885	0.
9566.	-0.0015653728354193541	0.	-0.2078135986388483	0.
9567.	-0.04869666965587499	0.	0.907230778325099	0.
9568.	-0.1989800347694708	0.	0.4334637102016736	0.
9569.	-0.36125559550495834	0.	-0.6789260757700081	0.
9570.	-0.4370891742439973	0.	-0.3713868088822456	0.
9571.	-0.38048113971649866	0.	0.7012889277944709	0.
9572.	-0.22576916605689745	0.	0.4270540431189963	0.
9573.	-0.06679946045444438	0.	-0.7823897599969851	0.
9574.	-9.131631998338108e-7	0.	-0.7106729161735779	0.
9575.	-0.0658926266205703	0.	0.5588363173736854	0.
9576.	-0.2245055716226497	0.	0.7744960586108458	0.
9577.	-0.3796272641120735	0.	-0.3495626992386432	0.
9578.	-0.4371629669526116	0.	-0.6561993663088238	0.
9579.	-0.36221229485659845	0.	0.4136309145309377	0.
9580.	-0.20023931977787257	0.	0.7869797162992758	0.
9581.	-0.04949467493205656	0.	-0.34865875598756074	0.
9582.	-0.0014180390891383732	0.	-0.9794924855528617	0.
9583.	-0.08517205441888637	0.	0.03742084750664802	0.
9584.	-0.24995265910186007	0.	0.8638504207278566	0.
9585.	-0.395806149469781	0.	0.07246251932779041	0.
9586.	-0.4342597554303964	0.	-0.7515226953826853	0.
9587.	-0.34198803560749047	0.	-0.010310121564066438	0.
9588.	-0.17496177707928826	0.	0.9056994115747772	0.
9589.	-0.03449686699228377	0.	0.20804272203340332	0.
9590.	-0.005797434950889246	0.	-0.9254370389920106	0.
9591.	-0.10627217132455931	0.	-0.4837828036469146	0.
9592.	-0.27497444926529535	0.	0.6846441340898707	0.
9593.	-0.4095717307412602	0.	0.4618157180087682	0.
9594.	-0.4284191109287524	0.	-0.6287263649860595	0.
9595.	-0.3200840219104205	0.	-0.44634324809880443	0.
9596.	-0.15028107497361104	0.	0.7347289669673589	0.
9597.	-0.022010459192966153	0.	0.7046116278336332	0.
9598.	-0.01307940887838839	0.	-0.5681276648848075	0.
9599.	-0.12890537930731744	0.	-0.8369486159585484	0.
9600.	-0.2992298910513538	0.	0.30331942418224084	0.
9601.	-0.4207363808184381	0.	0.7078740292540586	0.
9602.	-0.41972064237450546	0.	-0.3198570278323628	0.
9603.	-0.29679880903065015	0.	-0.7596282609763116	0.
9604.	-0.1265336154409614	0.	0.31912573100731223	0.
9605.	-0.012205643301537936	0.	0.9745524310876829	0.
9606.	-0.023164706381689493	0.	-0.028284398070225446	0.
9607.	-0.15276318407013625	0.	-0.9143386003395054	0.
9608.	-0.3223883788437176	0.	-0.1558090029860975	0.
9609.	-0.42914792370346866	0.	0.744348565710975	0.
9610.	-0.40828291131163974	0.	0.08954087635745378	0.
9611.	-0.27244977819893346	0.	-0.8461884471436076	0.
9612.	-0.10404308021503755	0.	-0.21284100861431945	0.
9613.	-0.00521606055410892	0.	0.9250988741335188	0.
9614.	-0.03591586321337151	0.	0.5140741683136424	0.
9615.	-0.17752039985296286	0.	-0.7008026049293233	0.
9616.	-0.34413425869490843	0.	-0.5517240484049002	0.
9617.	-0.43469170870356016	0.	0.565248929731503	0.
9618.	-0.3942618158702578	0.	0.4822414689744211	0.
9619.	-0.24736881066578786	0.	-0.6681378673043868	0.
9620.	-0.08311601894158957	0.	-0.6890650880829203	0.
9621.	-0.0011369800948448083	0.	0.5699842053928936	0.
9622.	-0.0511590790408204	0.	0.880979745190342	0.
9623.	-0.20283958178530218	0.	-0.27446163649584154	0.
9624.	-0.3641711307259393	0.	-0.7696831371225623	0.
9625.	-0.43729217312723656	0.	0.22432993889574976	0.
9626.	-0.37784846586188076	0.	0.741176541705594	0.
9627.	-0.2218977640951899	0.	-0.2703847961769981	0.
9628.	-0.06403767086997211	0.	-0.9500338183795876	0.
9629.	-0.000024000457204520487	0.	0.025920276141881467	0.
9630.	-0.06868658634854653	0.	0.955950010158057	0.
9631.	-0.2283756253061716	0.	0.22282170205966106	0.
9632.	-0.38222588911674166	0.	-0.753057135346062	0.
9633.	-0.43691387222228406	0.	-0.18071857995572366	0.
9634.	-0.35926657791157307	0.	0.7834952490372049	0.
9635.	-0.1963838129897375	0.	0.22859190062040777	0.
9636.	-0.04706807698217677	0.	-0.903486577320773	0.
9637.	-0.0018922917306314485	0.	-0.5264596267257691	0.
9638.	-0.08825948236816417	0.	0.7212182405629441	0.
9639.	-0.2537804699901432	0.	0.6336597731666488	0.
9640.	-0.39805244457765504	0.	-0.5158811315790299	0.
9641.	-0.4335619622894423	0.	-0.5348400693808438	0.
9642.	-0.3387694261736585	0.	0.587329884589805	0.
9643.	-0.17117471664410755	0.	0.6711679491245555	0.
9644.	-0.03243853560056324	0.	-0.5580578605250136	0.
9645.	-0.006716388802757461	0.	-0.9038258795597758	0.
9646.	-0.10961098534544966	0.	0.2607474562044619	0.
9647.	-0.27870784367353596	0.	0.8352289469438765	0.
9648.	-0.4114350785833205	0.	-0.13450208373082595	0.
9649.	-0.42728213040858687	0.	-0.7364088374242044	0.
9650.	-0.3166363901545812	0.	0.20250855993435346	0.
9651.	-0.14661407914162783	0.	0.9106054561146237	0.
9652.	-0.020348449748914255	0.	-0.02322994499324871	0.
9653.	-0.01443053845093947	0.	-0.9822642488367812	0.
9654.	-0.13245007082648247	0.	-0.27077467051487913	0.
9655.	-0.30281798220684353	0.	0.7751676168792159	0.
9656.	-0.42219138366164105	0.	0.2772865987457109	0.
9657.	-0.4181599717055433	0.	-0.7249434608038252	0.
9658.	-0.2931691467349379	0.	-0.2598739088852815	0.
9659.	-0.12303666596232973	0.	0.8607045470562782	0.
9660.	-0.0109626092692399	0.	0.5255791703773242	0.
9661.	-0.024929595555286344	0.	-0.738696043499415	0.
9662.	-0.15646543836387927	0.	-0.7011300608054581	0.
9663.	-0.32578226048171754	0.	0.4831762139527775	0.
9664.	-0.4301747496243524	0.	0.6013991318908253	0.
9665.	-0.4063198226886799	0.	-0.4988873383274738	0.
9666.	-0.2686875582522894	0.	-0.6580734846777777	0.
9667.	-0.10076384107837927	0.	0.5278514202154251	0.
9668.	-0.00440894468248354	0.	0.9055658792584507	0.
9669.	-0.03807045626903677	0.	-0.25744936535690255	0.
9670.	-0.18132975459789083	0.	-0.8971480905869501	0.
9671.	-0.3472876716570982	0.	0.05682969395503849	0.
9672.	-0.4352763618975808	0.	0.7476158577004586	0.
9673.	-0.3919230665112076	0.	-0.11840070748215997	0.
9674.	-0.24352531273529665	0.	-0.8627709976175656	0.
9675.	-0.08009918670838684	0.	0.013152435434591138	0.
9676.	-0.0007767835104847409	0.	0.9887528571150673	0.
9677.	-0.05367400851811724	0.	0.29978519284315924	0.
9678.	-0.20670411485581888	0.	-0.8057434288525398	0.
9679.	-0.3670410934817718	0.	-0.3717618772251882	0.
9680.	-0.43742668467362267	0.	0.676821422267559	0.
9681.	-0.37516593329800013	0.	0.30874284672170405	0.
9682.	-0.21802537568219815	0.	-0.7996859471561812	0.
9683.	-0.06132436545452793	0.	-0.5178653505465921	0.
9684.	-0.00011563269399900156	0.	0.746134546920657	0.
9685.	-0.07152757335287796	0.	0.7495668155579942	0.
9686.	-0.23224266248713837	0.	-0.466845070439774	0.
9687.	-0.3847732836070168	0.	-0.6767458625470117	0.
9688.	-0.43659640870704364	0.	0.41028146331546744	0.
9689.	-0.3562768255026393	0.	0.6558535144934393	0.
9690.	-0.19253531537594532	0.	-0.47742178436138377	0.
9691.	-0.04469528117738547	0.	-0.8890973390290252	0.
9692.	-0.0024345038269387165	0.	0.25809405434999544	0.
9693.	-0.09138780378636106	0.	0.9482203103141101	0.
9694.	-0.25759730293404454	0.	0.0041831081657212055	0.
9695.	-0.4002425494011993	0.	-0.7742419794377978	0.
9696.	-0.43279685079352015	0.	0.02337987273485681	0.
9697.	-0.3355132047256151	0.	0.8138803896556313	0.
9698.	-0.16740256547994709	0.	0.010239557591363628	0.
9699.	-0.03043859099959229	0.	-0.9734682126753486	0.
9700.	-0.00770179032551066	0.	-0.3127715339955574	0.
9701.	-0.11298400164776776	0.	0.838146476406626	0.
9702.	-0.2824224483307147	0.	0.45684666104087135	0.
9703.	-0.4132380422563933	0.	-0.6434365983758471	0.
9704.	-0.4260797995261678	0.	-0.3743973931773356	0.
9705.	-0.3131580824981154	0.	0.7257594142704813	0.
9706.	-0.1429696894582064	0.	0.5105464049288055	0.
9707.	-0.01874861592361493	0.	-0.7376180683488374	0.
9708.	-0.0158456982085457	0.	-0.7770010626042555	0.
9709.	-0.13602180725177992	0.	0.46381748197944217	0.
9710.	-0.30637972791104645	0.	0.7540431870482918	0.
9711.	-0.4235826314951905	0.	-0.32875844139306926	0.
9712.	-0.4165368094030638	0.	-0.6685635893094983	0.
9713.	-0.28951616276498926	0.	0.4076963845026901	0.
9714.	-0.11956971138630118	0.	0.859686466183104	0.
9715.	-0.009784692208810286	0.	-0.25546771163201	0.
9716.	-0.026755224695922203	0.	-0.9824568263105641	0.
9717.	-0.1601872115644557	0.	-0.04664365623697825	0.
9718.	-0.32914260006110574	0.	0.8129657673087768	0.
9719.	-0.43113531868476207	0.	0.07560276196308535	0.
9720.	-0.4042979529281905	0.	-0.7710143289810815	0.
9721.	-0.26490968873701015	0.	-0.05081563651834193	0.
9722.	-0.09752157676082414	0.	0.9373422368681026	0.
9723.	-0.0036689995940153985	0.	0.3149859264280411	0.
9724.	-0.040281671167148064	0.	-0.8650509893753309	0.
9725.	-0.18515083619664333	0.	-0.52651254087308	0.
9726.	-0.3504008031358266	0.	0.6264718923955112	0.
9727.	-0.4357931594730982	0.	0.45327880562095413	0.
9728.	-0.38953004770945926	0.	-0.6458535190035842	0.
9729.	-0.23967405064931788	0.	-0.5105294488999269	0.
9730.	-0.0771258052407354	0.	0.7093301554133125	0.
9731.	-0.0004848959614386916	0.	0.7843439129037258	0.
9732.	-0.0562406699581255	0.	-0.4687263256962526	0.
9733.	-0.21057242289388828	0.	-0.8258119698770494	0.
9734.	-0.36986458437355907	0.	0.26026040776591425	0.
9735.	-0.4374926667284332	0.	0.6976153245251604	0.
9736.	-0.37243438268913165	0.	-0.32235470206145084	0.
9737.	-0.21415321435401266	0.	-0.824159862621471	0.
9738.	-0.05866039451000621	0.	0.24273414351438824	0.
9739.	-0.00027578116068557	0.	0.9960032172318256	0.
9740.	-0.07441469732366635	0.	0.07153356207143931	0.
9741.	-0.23610547129704387	0.	-0.8582015727311273	0.
9742.	-0.3872686492692609	0.	-0.17099350271662134	0.
9743.	-0.4362106758965743	0.	0.7399109939912656	0.
9744.	-0.35324397456272805	0.	0.10977601077254528	0.
9745.	-0.18869503299409535	0.	-0.8840495786788733	0.
9746.	-0.04237703111128582	0.	-0.313193736345558	0.
9747.	-0.003044505461956337	0.	0.8795630618918621	0.
9748.	-0.09455603831391804	0.	0.5768924073688666	0.
9749.	-0.2614019618038525	0.	-0.6247414800878242	0.
9750.	-0.40237577759681514	0.	-0.5395897241888534	0.
9751.	-0.43196466071851936	0.	0.5674596482378638	0.
9752.	-0.3322203917098768	0.	0.5233332560793557	0.
9753.	-0.1636465057136754	0.	-0.6601495702123376	0.
9754.	-0.028497659936875197	0.	-0.7752315343793441	0.
9755.	-0.008753330700962455	0.	0.474741223500566	0.
9756.	-0.1163901631827447	0.	0.8850518009443911	0.
9757.	-0.2861170991411188	0.	-0.2085450846876428	0.
9758.	-0.41498005673937083	0.	-0.7415511617900911	0.
9759.	-0.42481249506995256	0.	0.22729278735982641	0.
9760.	-0.3096501889808789	0.	0.789860875582124	0.
9761.	-0.13934904801755443	0.	-0.21449598904481051	0.
9762.	-0.017211459071026804	0.	-0.98771983496104	0.
9763.	-0.017324444664935157	0.	-0.08253521503441003	0.
9764.	-0.1396194692609881	0.	0.902946109458751	0.
9765.	-0.30991401197152246	0.	0.2557576072259243	0.
9766.	-0.42490968832569503	0.	-0.7240978995171832	0.
9767.	-0.41485166413294383	0.	-0.18544505010504345	0.
9768.	-0.2858410019076818	0.	0.8194560205027914	0.
9769.	-0.11613383819918341	0.	0.31462343681330723	0.
9770.	-0.008672261262468783	0.	-0.876275994416946	0.
9771.	-0.028641021676500428	0.	-0.6068450522120322	0.
9772.	-0.16392733732838602	0.	0.6343831762800364	0.
9773.	-0.33246834450726415	0.	0.6261534176365953	0.
9774.	-0.43202932985937537	0.	-0.49751062817892533	0.
9775.	-0.40221793564981956	0.	-0.5522326254456768	0.
9776.	-0.2611173535737154	0.	0.5918383250121169	0.
9777.	-0.09431730333425162	0.	0.7554577082280229	0.
9778.	-0.002996457168435808	0.	-0.47462507362052336	0.
9779.	-0.0425488149537204	0.	-0.9262903343019727	0.
9780.	-0.18898244719598767	0.	0.17463755383803165	0.
9781.	-0.3534726775300556	0.	0.7962557715747847	0.
9782.	-0.43624193947564466	0.	-0.12975195481992433	0.
9783.	-0.3870835093934978	0.	-0.7635289004849946	0.
9784.	-0.23581623132757268	0.	0.16763792788851864	0.
9785.	-0.0741968063484036	0.	0.9593516993590087	0.
9786.	-0.0002614089204260317	0.	0.08544836580597868	0.
9787.	-0.0588582590109906	0.	-0.9398415542622681	0.
9788.	-0.21444329364649725	0.	-0.3244220913009285	0.
9789.	-0.37264071856725556	0.	0.7243605938245326	0.
9790.	-0.43749009861501675	0.	0.27350148724007356	0.
9791.	-0.36965467005187397	0.	-0.7507357817270819	0.
9792.	-0.21028249357862655	0.	-0.3258467906856778	0.
9793.	-0.05604659287651198	0.	0.8521012758199578	0.
9794.	-0.0005043956699274932	0.	0.6181068192034532	0.
9795.	-0.0773470534771008	0.	-0.6494581039740639	0.
9796.	-0.23996284120330066	0.	-0.7054831610015011	0.
9797.	-0.38971120410200677	0.	0.44134518891254376	0.
9798.	-0.43575679467239004	0.	0.5977442242902342	0.
9799.	-0.35016897553999576	0.	-0.5087931786207114	0.
9800.	-0.18486416931475247	0.	-0.7320801230505434	0.
9801.	-0.04011405328167532	0.	0.46185308622111726	0.
9802.	-0.003722105466039738	0.	0.9464020007038614	0.
9803.	-0.09776319308178805	0.	-0.1566972799815778	0.
9804.	-0.2651932542884728	0.	-0.8555720518305937	0.
9805.	-0.40445146065141896	0.	0.037243784029410476	0.
9806.	-0.4310656528554767	0.	0.7502717055284298	0.
9807.	-0.3288920190364504	0.	-0.10182385751953249	0.
9808.	-0.15990771443252966	0.	-0.9152621041687528	0.
9809.	-0.026616350667149125	0.	-0.08728540036492512	0.
9810.	-0.009870680405277152	0.	0.9622938623112981	0.
9811.	-0.1198284025218714	0.	0.3738817305661019	0.
9812.	-0.28979063826860985	0.	-0.7386288018005657	0.
9813.	-0.416660576116883	0.	-0.3676104196432905	0.
9814.	-0.42348061419155325	0.	0.6852916312606617	0.
9815.	-0.3061138089162655	0.	0.3517592342143546	0.
9816.	-0.13575328946000312	0.	-0.8067490818229553	0.
9817.	-0.015737460908488876	0.	-0.6150073658564714	0.
9818.	-0.01886631440993855	0.	0.6628666305553536	0.
9819.	-0.1432419294099287	0.	0.7708995484101111	0.
9820.	-0.3134197268118274	0.	-0.4019153424877474	0.
9821.	-0.42617213827167383	0.	-0.6575319794567189	0.
9822.	-0.41310506399238006	0.	0.4173982376161323	0.
9823.	-0.28214481588576434	0.	0.712336060911029	0.
9824.	-0.11273012313949775	0.	-0.43162445782430064	0.
9825.	-0.007625665047919172	0.	-0.9450719056343353	0.
9826.	-0.030586395524408116	0.	0.15032048824386623	0.
9827.	-0.167684643568981	0.	0.9122282825602019	0.
9828.	-0.3357584515912762	0.	0.04356553747882608	0.
9829.	-0.4328565029808885	0.	-0.7527867285673036	0.
9830.	-0.4000804226908866	0.	0.019572519763561835	0.
9831.	-0.2573117412177798	0.	0.8617703605234123	0.
9832.	-0.09115202496637453	0.	0.09518266400124967	0.
9833.	-0.002391528173013052	0.	-0.9654766040308576	0.
9834.	-0.044871177143106414	0.	-0.4038460399645434	0.
9835.	-0.1928233868314641	0.	0.7622972725660047	0.
9836.	-0.35650233216650623	0.	0.4603612923903223	0.
9837.	-0.43662256126514176	0.	-0.6296416363759879	0.
9838.	-0.38458421826602457	0.	-0.39481524640134286	0.
9839.	-0.23195306374603183	0.	0.7427853424369864	0.
9840.	-0.07131310792500714	0.	0.603792732969592	0.
9841.	-0.00010639242485116496	0.	-0.6674415429905135	0.
9842.	-0.061525955370302865	0.	-0.8175262680690243	0.
9843.	-0.2183155140419328	0.	0.37935688491342845	0.
9844.	-0.37536862606915467	0.	0.7267464258273285	0.
9845.	-0.43741898113815736	0.	-0.3250768297537841	0.
9846.	-0.3668276665017913	0.	-0.7025320475501677	0.
9847.	-0.2064144263722444	0.	0.381613107083784	0.
9848.	-0.05348377968050136	0.	0.9248345577345192	0.
9849.	-0.0008014045772325451	0.	-0.14923193756322264	0.
9850.	-0.08032372286984575	0.	-0.9589357784766984	0.
9851.	-0.24381356337121557	0.	-0.10784232600427085	0.
9852.	-0.39210018265331104	0.	0.7709495144578465	0.
9853.	-0.43523490726881375	0.	0.07409997980794675	0.
9854.	-0.3470527920802756	0.	-0.8061941658398689	0.
9855.	-0.18104392487200477	0.	-0.11529310652337613	0.
9856.	-0.03790705686964614	0.	0.9470679960354592	0.
9857.	-0.004467091493522882	0.	0.41685948885279406	0.
9858.	-0.1010082630222128	0.	-0.7889326257974428	0.
9859.	-0.26896999225777596	0.	-0.5443696147410125	0.
9860.	-0.4064689480781105	0.	0.5884414332029821	0.
9861.	-0.4301001089383892	0.	0.4546347971928382	0.
9862.	-0.3255291297552637	0.	-0.6652566760280101	0.
9863.	-0.15618736330056032	0.	-0.5916585017940963	0.
9864.	-0.024795252758823605	0.	0.6570525371678645	0.
9865.	-0.01105348927116001	0.	0.8430133047318634	0.
9866.	-0.12329764217847336	0.	-0.37098813065192593	0.
9867.	-0.2934419144929137	0.	-0.7987465712317094	0.
9868.	-0.4182790737438688	0.	0.2391864450627751	0.
9869.	-0.4220845742812441	0.	0.7070759852631638	0.
9870.	-0.3025500505460622	0.	-0.3123434857092353	0.
9871.	-0.13218354063513799	0.	-0.8906815812153029	0.
9872.	-0.01432708336833216	0.	0.1462610466288138	0.
9873.	-0.02047082424071673	0.	0.9894905069521623	0.
9874.	-0.146888052480671	0.	0.15329426974560711	0.
9875.	-0.31689577379250367	0.	-0.8018317486199147	0.
9876.	-0.427369585709398	0.	-0.17241659932263942	0.
9877.	-0.41129755633822984	0.	0.7557418995978757	0.
9878.	-0.2784287630286425	0.	0.15182835356370608	0.
9879.	-0.10935963287688916	0.	-0.9076092776260252	0.
9880.	-0.006645231544998936	0.	-0.41789196346239676	0.
9881.	-0.03259073658990386	0.	0.8112589170412581	0.
9882.	-0.1714579528049234	0.	0.6133753171809783	0.
9883.	-0.3390118902506296	0.	-0.5637903368614912	0.
9884.	-0.43361657882795596	0.	-0.5280406596293501	0.
9885.	-0.39788608391498537	0.	0.5809400531469685	0.
9886.	-0.2534940442731517	0.	0.5856398054305862	0.
9887.	-0.08802673359387714	0.	-0.6275543761726456	0.
9888.	-0.0018544021813530764	0.	-0.8478778901247359	0.
9889.	-0.04724802994896887	0.	0.3717370077421005	0.
9890.	-0.1966724514163264	0.	0.8660947922714579	0.
9891.	-0.3594888176053137	0.	-0.1659243494312785	0.
9892.	-0.4369349055634254	0.	-0.7277986634908953	0.
9893.	-0.38203295756499067	0.	0.227134365623416	0.
9894.	-0.22808575855176766	0.	0.8492979611874457	0.
9895.	-0.0684756136746712	0.	-0.1344541810027575	0.
9896.	-0.000019895058662322204	0.	-0.9997115323162672	0.
9897.	-0.06424292302697249	0.	-0.1804935747932519	0.
9898.	-0.22218787060402842	0.	0.8401461533062411	0.
9899.	-0.3780474520059446	0.	0.2678430750804166	0.
9900.	-0.4372793365853428	0.	-0.7164229140829953	0.
9901.	-0.36395425796911096	0.	-0.20639563515188475	0.
9902.	-0.20255022492235925	0.	0.850430034688385	0.
9903.	-0.05097275805731044	0.	0.4135616949358921	0.
9904.	-0.0011667148017507345	0.	-0.8222723468692202	0.
9905.	-0.08334377266514464	0.	-0.6631711636941373	0.
9906.	-0.2476564310548683	0.	0.5549265365994608	0.
9907.	-0.3944348362535649	0.	0.6095209917312726	0.
9908.	-0.43464517724081364	0.	-0.4973309910579712	0.
9909.	-0.34389640074636624	0.	-0.591526677875369	0.
9910.	-0.17723549686129872	0.	0.5774347897713381	0.
9911.	-0.03575673350933298	0.	0.8354115192244742	0.
9912.	-0.005279230079324931	0.	-0.37493164171969995	0.
9913.	-0.10429023118314143	0.	-0.9216738433002477	0.
9914.	-0.2727309921535639	0.	0.10940985415017163	0.
9915.	-0.4084276076361942	0.	0.7636676292187659	0.
9916.	-0.42906833155152396	0.	-0.13161905430758775	0.
9917.	-0.32213277774708005	0.	-0.808042730893068	0.
9918.	-0.15248661822179255	0.	0.10815424918387953	0.
9919.	-0.023034936916183815	0.	0.9880739017807874	0.
9920.	-0.012301386636493328	0.	0.19276543831921053	0.
9921.	-0.12679679495229712	0.	-0.879050738591311	0.
9922.	-0.297069783556746	0.	-0.3532067064420781	0.
9923.	-0.41983504240729974	0.	0.6921411531344428	0.
9924.	-0.42062481282915076	0.	0.27773026176292104	0.
9925.	-0.29896003068846444	0.	-0.7811517773050074	0.
9926.	-0.12864092024189444	0.	-0.4111086378199935	0.
9927.	-0.01298076843319923	0.	0.8163159386999412	0.
9928.	-0.022137471339006037	0.	0.6922204179957759	0.
9929.	-0.15055669584563736	0.	-0.5583575800397043	0.
9930.	-0.3203410635863408	0.	-0.692047063140716	0.
9931.	-0.4285016553783567	0.	0.4215237499630591	0.
9932.	-0.4094297076092358	0.	0.612969376484253	0.
9933.	-0.27469400787778575	0.	-0.5080637439689998	0.
9934.	-0.10602342366248324	0.	-0.8111671890854601	0.
9935.	-0.005731268009626089	0.	0.3733344001595511	0.
9936.	-0.0346534167503292	0.	0.9597565280979634	0.
9937.	-0.17524608255386898	0.	-0.07108241779268579	0.
9938.	-0.3422276409147431	0.	-0.8109368604087458	0.
9939.	-0.43430931920501736	0.	0.032914759612884315	0.
9940.	-0.3956356069914264	0.	0.7738287819847606	0.
9941.	-0.24966545914924404	0.	-0.06388371453303604	0.
9942.	-0.08494240863432037	0.	-0.9559399474795715	0.
9943.	-0.0013852475169389145	0.	-0.19565885301116143	0.
9944.	-0.049678628504864986	0.	0.9111903690318933	0.
9945.	-0.20052843472552617	0.	0.42276053379616074	0.
9946.	-0.36243119793212486	0.	-0.6841096100416424	0.
9947.	-0.43717887448473974	0.	-0.36186431864071483	0.
9948.	-0.37943052680831185	0.	0.7068450663600949	0.
9949.	-0.22421552768953534	0.	0.41727414660527135	0.
9950.	-0.06568521281665146	0.	-0.7899510801488162	0.
9951.	-1.9439163546908222e-6	0.	-0.7018701111992078	0.
9952.	-0.0670083105244585	0.	0.5684062982554762	0.
9953.	-0.2260591497922343	0.	0.7681221107329541	0.
9954.	-0.38067635687555534	0.	-0.359153385878096	0.
9955.	-0.4370712087164474	0.	-0.6509094845368734	0.
9956.	-0.3610353449364716	0.	0.4235061921999169	0.
9957.	-0.1986911002000781	0.	0.7821047078464833	0.
9958.	-0.04851431491960034	0.	-0.36026242602686864	0.
9959.	-0.0016002118665971801	0.	-0.9768657621498531	0.
9960.	-0.08640625642803818	0.	0.04950683259079621	0.
9961.	-0.25149023996217035	0.	0.8637095550807402	0.
9962.	-0.39671443326477834	0.	0.061432939848710344	0.
9963.	-0.4339877893984137	0.	-0.7520717810731841	0.
9964.	-0.3407007906952367	0.	0.0008969584152755394	0.
9965.	-0.17344007877540896	0.	0.907353908417645	0.
9966.	-0.03366375707158742	0.	0.19608012164312036	0.
9967.	-0.0061582667133060764	0.	-0.9298175931668644	0.
9968.	-0.10760806906101905	0.	-0.47303151697952384	0.
9969.	-0.2764750753386327	0.	0.6906744489606473	0.
9970.	-0.41032682551088584	0.	0.4527060584475996	0.
9971.	-0.4279706440392019	0.	-0.6349680485849958	0.
9972.	-0.31870402736043024	0.	-0.43725701413079154	0.
9973.	-0.14880663893900234	0.	0.7424936415342276	0.
9974.	-0.02133595478634226	0.	0.6961276165538337	0.
9975.	-0.013613981424544619	0.	-0.5780892831273533	0.
9976.	-0.13032476427047388	0.	-0.8309022341323735	0.
9977.	-0.3006731085614783	0.	0.31356012584294835	0.
9978.	-0.4213279944977927	0.	0.7034231649280741	0.
9979.	-0.41910178730599346	0.	-0.3299266521986788	0.
9980.	-0.2953448743942399	0.	-0.7555238000105119	0.
9981.	-0.12512653847817234	0.	0.3306245623931173	0.
9982.	-0.01169893801543475	0.	0.9722945540834481	0.
9983.	-0.023865733400178002	0.	-0.0406149771916256	0.
9984.	-0.15424670981166722	0.	-0.9148286600011419	0.
9985.	-0.3237545164997111	0.	-0.14457043937101455	0.
9986.	-0.4295679925049962	0.	0.7458676851277705	0.
9987.	-0.40750210315601243	0.	0.07868189962196387	0.
9988.	-0.27094172084080537	0.	-0.8484310307891366	0.
9989.	-0.10272254100855044	0.	-0.2012206383504123	0.
9990.	-0.0048840608613737735	0.	0.9298226516703993	0.
9991.	-0.03677378959650555	0.	0.5033240953871284	0.
9992.	-0.17904784567611265	0.	-0.7075754496208643	0.
9993.	-0.34540469581870425	0.	-0.5429421533615242	0.
9994.	-0.4349345070191595	0.	0.5722474231709838	0.
9995.	-0.3933296971743807	0.	0.4739043463935744	0.
9996.	-0.2458271856564542	0.	-0.6761332763378378	0.
9997.	-0.08190001665799798	0.	-0.6810344956359364	0.
9998.	-0.0009842112076164367	0.	0.5801945654232125	0.
9999.	-0.05216221110595648	0.	0.8752193076693973	0.
10000.	-0.2043901283579576	0.	-0.2853027943103746	0.